"代號","名稱","股價日期","成交","漲跌價","漲跌幅","股利發放頻率","平均股利(元)","2017發放年度","2018發放年度","2019發放年度","2020發放年度","2021發放年度","2022發放年度","2023發放年度","2024發放年度","2025發放年度","2026發放年度"
="0051","元大中型100","01/08","95.45","-0.75","-0.78","年","1.807","0.85","1","1.2","1.1","1.75","2.4","2.5","2.46","3",""
="0052","富邦科技","01/08","40.84","+0.07","+0.17","年","3.443","1.41","1.72","1.047","1.927","1.032","10.19","4","6.43","3.23",""
="0053","元大電子","01/08","150","-0.85","-0.56","年","1.707","1.15","1.1","1.5","1.3","1.7","1.71","1.9","2","3",""
="0055","元大MSCI金融","01/08","31.99","+0.14","+0.44","年","0.794","0.5","0.65","0.7","0.65","0.75","0.87","0.6","1.18","1.25",""
="0057","富邦摩台","01/08","204.4","+0.65","+0.32","年","0","0","0","0","0","0","0","0","0","0",""
="006201","元大富櫃50","01/08","26.3","-0.17","-0.64","年","0.541","0.35","0.3","0.45","0.38","0.6","0.62","0.65","0.75","0.77",""
="006204","永豐臺灣加權","01/08","154.95","+0.3","+0.19","年","2.424","1.7","1.94","1.52","0.76","5.3","2.677","3.959","0.7","3.259",""
="00646","元大S&P500","01/08","68.65","-0.05","-0.07","年","0","0","0","0","0","0","0","0","0","0",""
="00660","元大歐洲50","01/08","43","+0.11","+0.26","年","0.123","0","0","0.75","0.36","0","0","0","0","0",""
="00661","元大日經225","01/08","66.1","-0.75","-1.12","年","0","0","0","0","0","0","0","0","0","0",""
="00739","元大MSCI A股","01/08","27.36","-0.09","-0.33","年","0.299","","","0","0.5","0","0.19","0","0.5","0.9",""
="00770","國泰北美科技","01/08","58.75","+0.1","+0.17","年","2.584","","","","0.76","0.38","1.95","2.8","4","4","4.2"
="00830","國泰費城半導體","01/08","61.75","-0.4","-0.64","年","2.53","","","","0","0.32","2.8","0.12","1.51","3.96","9"
="00851","台新全球AI","01/08","58.3","+0.75","+1.3","年","0.385","","","","0.28","0.33","0","0","0","1.7",""
="00901","永豐智能車供應鏈","01/08","26.27","-0.22","-0.83","年","1.168","","","","","","0.543","0.628","0.9","2.6",""
="00903","富邦元宇宙","01/08","17.87","-0.02","-0.11","年","0","","","","","","","0","0","0",""
="00909","國泰數位支付服務","01/08","41.42","-0.58","-1.38","年","0.678","","","","","","","0.225","1.81","0",""
="00916","國泰全球品牌50","01/08","27.33","-0.02","-0.07","年","0.213","","","","","","","0.17","0.22","0.25",""
="00917","中信特選金融","01/08","27.21","+0.23","+0.85","年","1.448","","","","","","","0","0.29","2","3.5"
="00920","富邦ESG綠色電力","01/08","18.63","-0.25","-1.32","年","0.082","","","","","","","0","0.04","0.206",""
="00926","凱基全球菁英55","01/08","23.61","+0.09","+0.38","年","1.067","","","","","","","0.23","1.5","1.47",""
="00949","復華日本龍頭","01/08","18.61","-0.05","-0.27","年","0","","","","","","","","","0",""
="00951","台新日本半導體","01/08","12.05","-0.13","-1.07","年","0.16","","","","","","","","","0.16",""
="00954","中信日本半導體","01/08","12.91","-0.14","-1.07","年","0","","","","","","","","","0",""
="00955","中信日本商社","01/08","13.66","+0.06","+0.44","年","0","","","","","","","","","0",""
="00965","元大航太防衛科技","01/08","24.67","+0.55","+2.28","年","0","","","","","","","","","0",""
"00969B","元大零息超長美債","01/08","8.49","+0.09","+1.07","年","0","","","","","","","","","0",""
="00971","野村美國研發龍頭","01/08","16.25","+0.17","+1.06","年","1","","","","","","","","","1",""
"01001T","土銀富邦R1","01/08","11.67","+0.02","+0.17","年","0.407","0.408","0.406","0.398","0.367","0.389","0.481","0.4","0.409","0.406",""
"01002T","土銀國泰R1","01/08","14.45","0","0","年","0.406","0.447","0.438","0.421","0.404","0.338","0.37","0.398","0.395","0.443",""
="020035","元大上櫃ESG高息N","01/08","9.69","-0.12","-1.22","年","0.313","","","","","","","0.321","0.285","0.333",""
="020036","元大金融配息N","01/08","7.53","0","0","年","0.237","","","","","","","0.141","0.242","0.328",""
="020038","元大ESG配息N","01/08","7.63","-0.09","-1.17","年","0.345","","","","","","","0.179","0.334","0.523",""
="1101","台泥","01/08","23.45","-0.2","-0.85","年","1.736","1.45","1.5","3.305","2.501","3.368","0.999","0.5","1","1",""
"1101B","台泥乙特","01/08","45.35","0","0","年","1.554","","","0.091","1.75","1.75","1.75","1.75","1.764","2.026",""
="1103","嘉泥","01/08","13.8","0","0","年","0.678","0.2","0.5","1","1.002","1.396","0.65","0.3","0.5","0.551",""
="1104","環泥","01/08","29.65","-0.25","-0.84","年","1.267","1.2","1.1","1","1","1.1","1","1.5","1.8","1.7",""
="1109","信大","01/08","15.4","-0.05","-0.32","年","0.889","0.1","0.1","0.8","1.1","1.5","1.504","0.8","1.2","0.9",""
="1110","東泥","01/08","16.3","0","0","年","0.144","0.1","0.1","0.1","0.1","0.1","0.2","0.1","0.2","0.3",""
="1201","味全","01/08","14.6","+0.3","+2.1","年","0.463","0","0","0.8","1.334","0.53","0.501","0.238","0.266","0.5",""
="1203","味王","01/08","39.7","0","0","年","1.1","1","1.3","1","1","1.1","1.1","1.1","1.1","1.2",""
="1210","大成","01/08","51.3","-0.1","-0.19","年","1.995","1.5","2","1.5","2.2","2.7","1.5","1.5","2.222","2.828",""
="1213","大飲","01/08","10","-0.15","-1.48","年","0.039","0","0","0","0","0","0","0","0","0.35",""
="1215","卜蜂","01/08","136.5","-1","-0.73","年","3.778","3","3","3","4","4.5","3","3.5","5.5","4.5",""
="1216","統一","01/08","75.6","+0.3","+0.4","年","3.017","2.1","5.5","2.5","2.5","2.7","2.7","3.15","3","3",""
="1217","愛之味","01/08","10.45","+0.05","+0.48","年","0.144","0","0","0","0","0","0.3","0.4","0.23","0.37",""
="1220","台榮","01/08","12.55","0","0","年","0.601","0.65","0.4","0.46","0.6","1","1","0.2","0.4","0.7",""
="1225","福懋油","01/08","28.3","+0.25","+0.89","年","1.221","1.25","1.25","1.15","1.3","1.4","1.6","1.5","1.4","0.14",""
="1227","佳格","01/08","29.65","-0.15","-0.5","年","1.899","1.6","2","2.5","2.65","2.5","1.9","1.29","1.25","1.4",""
="1231","聯華食","01/08","94.6","+0.6","+0.64","年","1.606","1.75","1.4","1.8","1.6","1.6","1.5","1.6","1.6","1.6",""
="1232","大統益","01/08","144.5","0","0","年","5.733","5","5","5","5","6","6","6","6.6","7",""
="1233","天仁","01/08","31.95","-0.1","-0.31","年","1.294","1.6","2.25","1.9","1.6","0.8","0.8","0.85","0.9","0.95",""
="1234","黑松","01/08","37.45","-0.05","-0.13","年","1.767","2","1.5","1.6","1.7","1.8","1.7","1.8","1.9","1.9",""
="1235","興泰","01/08","45.7","+0.5","+1.11","年","0.561","0","0","0","0.55","1.5","1","1","0.5","0.5",""
="1236","宏亞","01/08","25.3","-0.15","-0.59","年","0.45","0.3","0.1","0.4","0.3","0.2","0.5","1","0.65","0.6",""
="1240","茂生農經","01/08","59.6","-0.1","-0.17","年","2.044","2.5","2.5","1.5","2","2","2","1","2.2","2.7",""
="1256","鮮活果汁-KY","01/08","152","0","0","年","7.156","4.2","5","6.2","6.2","12","13","6.5","6.6","4.7",""
="1259","安心","01/08","61.5","0","0","年","2.621","3","3.5","3","3.2","2.989","2.3","2.6","1.8","1.2",""
="1264","德麥","01/08","278.5","0","0","年","11.89","10","10.5","11","11","12","12","12","14","14.5",""
="1268","漢來美食","01/08","158.5","0","0","年","5.969","5.679","6.575","6.965","7","7","3","3","7","7.5",""
="1294","漢田生技","01/08","77","-0.1","-0.13","年","1.226","","","","","1","0","1","1","3.13",""
="1295","生合","01/08","84.2","+0.7","+0.84","年","2.458","","","","","","2.83","2","1.5","3.5",""
="1301","台塑","01/08","41.7","+1.05","+2.58","年","4.089","4.6","5.7","5.8","4.4","2.4","8.2","4.2","1","0.5",""
="1303","南亞","01/08","67","+2.3","+3.55","年","3.456","4.5","5.1","5","2.2","2.4","7.5","3","0.7","0.7",""
="1304","台聚","01/08","11.25","+0.05","+0.45","年","0.672","0.5","0.3","0.3","0.5","1","2.2","0.7","0.35","0.2",""
="1305","華夏","01/08","11.35","0","0","年","1.144","1.7","1.5","1.5","0.5","1.8","2.5","0.3","0.35","0.15",""
="1307","三芳","01/08","31.8","-0.35","-1.09","年","1.244","2.2","1.7","0.5","0.8","0.5","0.5","0.8","1.5","2.7",""
="1308","亞聚","01/08","13.35","-0.2","-1.48","年","0.867","0.6","0.2","0.3","0.6","1.2","3","1.2","0.45","0.25",""
="1309","台達化","01/08","11.35","-0.15","-1.3","年","0.611","0","0","0.2","0.3","2","2","0.5","0.3","0.2",""
="1310","台苯","01/08","8.83","-0.1","-1.12","年","0.85","2.2","1.6","2","1","0.5","0.15","0.2","0","0",""
="1312","國喬","01/08","11.95","0","0","年","0.511","1","1","0","0","0.1","2","0.5","0","0",""
"1312A","國喬特","01/08","23","+1","+4.55","年","0.978","1.6","1.6","0.6","0.6","0.7","2.6","1.1","0","0",""
="1313","聯成","01/08","10.2","-0.1","-0.97","年","0.505","0.6","1","0.198","0.2","1","1","0.2","0.2","0.15",""
="1314","中石化","01/08","8.02","-0.03","-0.37","年","0.133","0","0","0.5","0.3","0","0.4","0","0","0",""
="1319","東陽","01/08","95.2","+0.3","+0.32","年","2.347","2.12","2.05","1.7","1.8","0.8","0.85","2.5","4","5.3",""
="1321","大洋","01/08","35","0","0","年","0.276","0","0","0","0","1","0.7","0","0.4","0.38",""
="1323","永裕","01/08","19.5","+0.05","+0.26","年","1.411","1.8","1.3","1.8","1.6","1.6","1.6","1.1","1","0.9",""
="1324","地球","01/08","11.35","+0.05","+0.44","年","0.267","0.4","0.3","0.3","0.3","0.3","0.2","0.2","0.2","0.2",""
="1325","恆大","01/08","30.05","-0.2","-0.66","年","1.928","0.8","0.35","0.5","0.3","12","2","0.5","0.6","0.3",""
="1326","台化","01/08","32.6","+0.1","+0.31","年","3.622","5.6","7","6.2","3.8","2.5","4.8","0.95","1.25","0.5",""
="1336","台翰","01/08","15.9","-0.25","-1.55","年","0.695","0","0.6","0.79","1.2","1.5","0.4","0.41","0.41","0.945",""
="1337","再生-KY","01/08","4.86","+0.02","+0.41","年","0.001","0.007","0.003","0","0","0","0","0","0","0",""
="1338","廣華-KY","01/08","20","-0.1","-0.5","年","2.808","4","5","3.5","3.5","3.5","2.5","2","0.5","0.775",""
="1339","昭輝","01/08","42","+0.1","+0.24","年","2.333","2","2","2","2","2","2","3","3","3",""
="1340","勝悅-KY","01/08","6.87","0","0","年","0.189","1.2","0.3","0.2","0","0","0","0","0","0",""
="1342","八貫","01/08","92.8","-1.7","-1.8","年","3.86","","","","2.5","2.5","3","5.369","5","4.793",""
="1402","遠東新","01/08","28.25","+0.15","+0.53","年","1.383","0.8","1.2","1.8","1.5","1.35","1.5","1.35","1.35","1.6",""
="1409","新纖","01/08","14.85","-0.1","-0.67","年","0.756","0.25","0.5","0.85","0.55","1.1","1.4","1","0.55","0.6",""
="1410","南染","01/08","34.1","-0.15","-0.44","年","0.995","1.45","1.4","1.3","1","0.9","1.3","0.8","0.3","0.508",""
="1413","宏洲","01/08","9.97","+0.09","+0.91","年","0","0","0","0","0","0","0","0","0","0",""
="1416","廣豐","01/08","11.7","-0.15","-1.27","年","0.884","3","1.2","1.2","0","0.5","0.5","0.5","0.5","0.56",""
="1417","嘉裕","01/08","8.77","-0.06","-0.68","年","0.191","0","0","0","0.5","0.3","0.35","0.37","0.2","0",""
="1418","東華","01/08","19.9","0","0","年","0","0","0","0","0","0","0","0","0","0",""
="1419","新紡","01/08","72.6","+3.3","+4.76","年","1.359","0.456","3.726","0.848","1","1","1","1.5","1.2","1.5",""
="1423","利華","01/08","38.2","-0.35","-0.91","年","0.474","0","0","0","0.12","1.8","0.75","0.2","0.6","0.8",""
="1432","大魯閣","01/08","17.8","-0.1","-0.56","年","0.444","0","0","0","4","0","0","0","0","0",""
="1434","福懋","01/08","16.1","-0.3","-1.83","年","1.422","1.5","1.9","2.1","2.5","1","1","1.5","0.5","0.8",""
="1435","中福","01/08","21.35","0","0","年","0","0","0","0","0","0","0","0","0","0",""
="1436","華友聯","01/08","62.2","-0.4","-0.64","年","3.857","1","2.5","2","2.5","2","4.154","5.139","5.627","9.796",""
="1438","三地開發","01/08","33.2","0","0","年","0.111","0","0","0","0","0","0","1","0","0",""
="1439","雋揚","01/08","29.3","+0.2","+0.69","年","0.733","0.5","0","0","5","0","0.2","0.3","0.3","0.3",""
="1440","南紡","01/08","13.2","-0.05","-0.38","年","0.381","0.32","0.36","0.4","0.2","0.35","0.8","0.35","0.35","0.3",""
="1441","大東","01/08","10.4","+0.15","+1.46","年","0.044","0","0","0.4","0","0","0","0","0","0",""
="1442","名軒","01/08","29.85","-0.15","-0.5","年","1.786","0.994","1.797","1","0.987","0.5","1.2","1.6","3.5","4.5",""
="1443","立益物流","01/08","26.85","-0.25","-0.92","年","0","0","0","0","0","0","0","0","0","0",""
="1444","力麗","01/08","6.22","+0.19","+3.15","年","0.133","0","0.5","0.4","0","0","0.3","0","0","0",""
="1445","大宇","01/08","12.5","-0.05","-0.4","年","0.467","0.3","0.2","0.2","0.203","0.2","0","0.1","2.5","0.5",""
="1446","宏和","01/08","18.05","-0.15","-0.82","年","0.522","0.3","0.3","0.3","0.3","0.3","0.3","0.2","0.7","2",""
="1447","力鵬","01/08","5.23","+0.02","+0.38","年","0.022","0","0","0.202","0","0","0","0","0","0",""
="1449","佳和","01/08","11.2","-0.2","-1.75","年","0.003","0","0","0","0","0","0","0","0.031","0",""
="1451","年興","01/08","17.35","+0.05","+0.29","年","1.122","1.5","1.5","2","0","0.6","1","2","0.502","1",""
="1452","宏益","01/08","11.75","-0.05","-0.42","年","1.056","1.2","1.4","1.4","1.2","0.7","2","0.8","0.3","0.5",""
="1453","大將","01/08","12.2","-0.05","-0.41","年","0","0","0","0","0","0","0","0","0","0",""
="1454","台富","01/08","12.5","-0.15","-1.19","年","0.268","0.3","0.2","0.2","0.259","0.2","0.5","0.25","0.25","0.25",""
="1455","集盛","01/08","7.77","+0.08","+1.04","年","0.233","0.3","0.4","0.2","0","0.3","0.8","0.1","0","0",""
="1456","怡華","01/08","13.15","+0.6","+4.78","年","0.189","0","0","0","0","0","1.5","0","0.2","0",""
="1457","宜進","01/08","15.5","0","0","年","0.933","0.5","0.7","1.2","1","1","1","1","1","1",""
="1459","聯發","01/08","11.85","-0.05","-0.42","年","0.033","0","0.1","0","0","0","0.2","0","0","0",""
="1460","宏遠","01/08","6.39","0","0","年","0.044","0.4","0","0","0","0","0","0","0","0",""
="1463","強盛新","01/08","17.65","-0.1","-0.56","年","1.333","3.3","3","1.4","0.6","0.3","0.4","0.4","0.5","2.1",""
="1464","得力","01/08","11.15","+0.1","+0.9","年","0.981","1.933","2.2","1.5","1.5","0.3","0.25","0.4","0.25","0.5",""
="1465","偉全","01/08","12.6","+0.1","+0.8","年","0.6","0.65","0.4","0.3","1.5","0.3","0.3","0.85","0.5","0.6",""
="1466","聚隆","01/08","13.95","-0.15","-1.06","年","0.111","0","0","0","0","0","1","0","0","0",""
="1467","南緯","01/08","8","+0.37","+4.85","年","0.078","0","0","0","0","0.7","0","0","0","0",""
="1468","昶和","01/08","11.9","+0.15","+1.28","年","0","0","0","0","0","0","0","0","0","0",""
="1471","首利","01/08","10.05","+0.45","+4.69","年","0","0","0","0","0","0","0","0","0","0",""
="1472","三洋實業","01/08","89.2","+1.6","+1.83","年","0.556","0","0","0","0","0","0","0","2","3",""
="1473","台南","01/08","24.15","+0.1","+0.42","年","0.8","1.2","0.503","0.5","0.5","0.2","0.1","1","1.2","2",""
="1474","弘裕","01/08","10.35","-0.2","-1.9","年","0.356","0.6","0.6","0.3","0","0.4","0.5","0.4","0","0.4",""
="1475","業旺","01/08","31.05","+0.5","+1.64","年","0.678","0","0","0","0","0","0","0.5","2","3.6",""
="1476","儒鴻","01/08","404","+15","+3.86","年","12.5","10.5","9.5","11","11","11","12","17","13.5","17",""
="1503","士電","01/08","172","+0.5","+0.29","年","2.056","1.2","1.3","1.5","1.6","1.6","1.8","2","3","4.5",""
="1504","東元","01/08","81.6","-1.1","-1.33","年","1.337","0.88","0.86","0.9","0.99","1.15","1.35","1.5","2.2","2.2",""
="1506","正道","01/08","11.7","+0.15","+1.3","年","0","0","0","0","0","0","0","0","0","0",""
="1512","瑞利","01/08","7.39","+0.05","+0.68","年","0","0","0","0","0","0","0","0","0","0",""
="1513","中興電","01/08","145","-1","-0.68","年","2.301","1","1","1","1.197","2.2","2.8","3.314","3.6","4.6",""
="1514","亞力","01/08","96.6","0","0","年","0.903","0.5","0.5","0.7","0.7","0.7","0.75","1","1.581","1.699",""
="1515","力山","01/08","27","+0.15","+0.56","年","1.722","0.5","1.2","2","3","3.6","3","0","1.2","1",""
="1516","川飛","01/08","22.4","+1.25","+5.91","年","0.306","0.371","0","0","0.078","0.375","1.552","0.377","0","0",""
="1517","利奇","01/08","11","0","0","年","0.367","0.2","0.2","0.25","0.202","0.35","0.8","0.9","0.2","0.2",""
="1519","華城","01/08","735","-20","-2.65","年","2.478","0.8","0.4","0.3","1","1.3","1","2.5","6","9",""
="1521","大億","01/08","23.3","-0.1","-0.43","年","2.5","5.2","5.2","3.8","4","1.3","0.6","0.7","0.7","1",""
="1522","堤維西","01/08","44.4","-0.85","-1.88","年","1.578","2","1.6","1.3","1.4","0.6","0.5","1.8","2","3",""
"1522A","堤維西甲特","01/08","49","-0.05","-0.1","年","1.697","","","","","","0.789","2","2","2",""
="1524","耿鼎","01/08","30.3","+0.2","+0.66","年","0.773","0.5","0.45","0.5","0.4","0.21","0.3","1","1.3","2.3",""
="1525","江申","01/08","63.5","-0.3","-0.47","年","2.367","2.3","2.4","1.8","2","2.2","2.1","2.1","3.3","3.1",""
="1527","鑽全","01/08","32.65","-0.05","-0.15","年","2.45","4.1","1.4","4","1.2","2.35","2.4","2.4","2","2.2",""
="1528","恩德","01/08","21","-0.9","-4.11","年","0.201","0.5","0.5","0.201","0.104","0.1","0.1","0.1","0.1","0.1",""
="1529","樂事綠能","01/08","18.9","-0.3","-1.56","年","0.239","0","0","0.2","0.5","0.5","0.2","0.25","0.3","0.2",""
="1530","亞崴","01/08","27.15","0","0","年","1.565","0.7","1.25","2","1.5","2.5","1.5","1.6","1.5","1.532",""
="1531","高林股","01/08","12.05","-0.05","-0.41","年","0.489","0.6","0.8","0.5","0.202","0.202","0.7","0.8","0.2","0.4",""
="1532","勤美","01/08","25.75","-0.25","-0.96","年","1.592","1.7","1.5","2.7","0.922","1.03","2.11","1.2","1.434","1.734",""
="1533","車王電","01/08","32","-2.4","-6.98","年","0.233","0.2","0.3","0.8","0.5","0","0.3","0","0","0",""
="1535","中宇","01/08","53.2","+0.3","+0.57","年","2.067","1.8","1.25","1.1","1.2","1.35","2.6","3","3.3","3",""
="1537","廣隆","01/08","123","-1","-0.81","年","9.222","9","9.5","10","10","10","7","10","7","10.5",""
="1538","正峰","01/08","25.85","-0.4","-1.52","年","0","0","0","0","0","0","0","0","0","0",""
="1539","巨庭","01/08","17","-0.05","-0.29","年","1.061","1.2","1","1.8","0.8","0","0.8","2.5","0.6","0.85",""
="1540","喬福","01/08","22.7","-0.2","-0.87","年","0.911","1","0.6","1.5","1","0.5","0.3","0.6","1.1","1.6",""
="1541","錩泰","01/08","23.1","+0.05","+0.22","年","1.478","3.3","1.5","1","0","3","2.5","1","0.5","0.5",""
="1558","伸興","01/08","103.5","-0.5","-0.48","年","7.9","9.5","8.5","11","8.8","9.5","8.5","5.5","3.8","6",""
="1560","中砂","01/08","412.5","-9.5","-2.25","年","3.375","3","3.5","3.5","2.8","2.798","2.797","3.999","3.996","3.987",""
="1563","巧新","01/08","48.4","+0.1","+0.21","年","2.227","3","3","3","2.001","2.016","1","1.958","1.802","2.269",""
="1565","精華","01/08","116.5","+0.5","+0.43","年","17.06","27","25","26.5","18","12","15","13.5","7","9.5",""
="1568","倉佑","01/08","22.4","-0.05","-0.22","年","0.822","1.2","0.8","0.65","0.504","0.3","0.3","1.1","1.34","1.2",""
="1569","濱川","01/08","51.1","-1.6","-3.04","年","0.848","0.394","0.6","0.25","0.293","1.498","1.6","2","1","0",""
="1570","力肯","01/08","30.7","-0.3","-0.97","年","0.889","0.5","0.8","0.8","0.8","0.8","1","1","1","1.3",""
="1580","新麥","01/08","133","0","0","年","7.328","8.5","8","6.5","5","6.79","7","6","9","9.163",""
="1582","信錦","01/08","64.1","-0.9","-1.38","年","4.92","5.448","5","6.5","4.5","5","5.3","3","4.03","5.5",""
="1583","程泰","01/08","44","-0.05","-0.11","年","2.781","1","2.5","3","3","3","2.5","3","4","3.027",""
="1584","精剛","01/08","22.8","-0.3","-1.3","年","0.344","0","0","0","0","0","0.2","0.7","1.5","0.7",""
="1586","和勤","01/08","29.15","+2.65","+10","年","0.314","0","0.201","0.5","0.061","0.801","0.659","0.2","0.1","0.3",""
="1589","永冠-KY","01/08","16.65","-0.35","-2.06","年","0.82","3.25","1.534","0","0.5","1.5","0.6","0","0","0",""
="1590","亞德客-KY","01/08","982","+2","+0.2","年","10.62","5.369","7.445","5.24","4.735","9.162","13.3","13.12","17.68","19.55",""
="1595","川寶","01/08","39.15","-0.35","-0.89","年","1.697","1.5","4","2.5","1.25","0.5","2","2.026","0.998","0.501",""
="1598","岱宇","01/08","20","-0.1","-0.5","年","1.671","2.1","0.5","0.35","1.106","7.468","2.515","0.5","0","0.5",""
="1599","宏佳騰","01/08","28.1","-0.1","-0.35","年","1.287","2","1.013","1","0.518","2.041","3","1.5","0","0.507",""
="1603","華電","01/08","37.4","-0.25","-0.66","年","0.756","0.5","1","0.5","0.5","0.5","0.5","0.5","1.3","1.5",""
="1604","聲寶","01/08","23.9","0","0","年","1.578","1.4","0.2","1.4","1.5","2.5","2.7","1.5","1.5","1.5",""
="1605","華新","01/08","38.3","-1.35","-3.4","年","1.034","0.7","1","1.2","0.506","0.9","1.6","1.8","1.1","0.5",""
="1608","華榮","01/08","37.85","-2.15","-5.38","年","0.666","0","0.73","0","0.66","0.7","1.5","0.4","1","1",""
="1609","大亞","01/08","38.3","-1.2","-3.04","年","0.454","0","0.35","0.3","0.303","0.35","0.35","0.48","1.2","0.75",""
="1611","中電","01/08","12.95","-0.2","-1.52","年","0.561","0","1","0.15","1.2","0.3","0.8","0.3","0.5","0.8",""
="1612","宏泰","01/08","34.25","-0.2","-0.58","年","1.244","0.28","0.5","0.32","0.5","1.2","2.8","1.5","2","2.1",""
="1614","三洋電","01/08","34","-0.1","-0.29","年","0.925","1.054","0.696","0.909","0.833","0.949","1.233","0.993","1.073","0.582",""
="1615","大山","01/08","48.85","-0.7","-1.41","年","1.349","0.75","0.9","1.35","1","1.2","2","1.5","1.44","2",""
="1616","億泰","01/08","27","-0.85","-3.05","年","0.242","0","0","0","0","0","0","0","0.37","1.804",""
="1617","榮星","01/08","14.4","-0.2","-1.37","年","0.534","0.4","0.6","1","0.3","0.6","0.823","0.3","0.282","0.5",""
="1618","合機","01/08","40.95","-1.9","-4.43","年","0.567","0.3","0.3","0.3","0.3","0.3","0.5","0.6","1","1.5",""
="1626","艾美特-KY","01/08","11.15","+0.25","+2.29","年","0.367","1.003","0.1","0","0.8","0.598","0","0.5","0.3","0",""
="1702","南僑","01/08","38.75","+0.05","+0.13","年","2.379","2.807","2.7","2.7","2","2","2.2","2","2.5","2.5",""
="1708","東鹼","01/08","33.1","+0.5","+1.53","年","1.356","0.5","1","0.5","0.8","0.9","2","3","1.5","2",""
="1710","東聯","01/08","12.7","-0.2","-1.55","年","0.567","0.2","1.75","1.75","0.3","0","0.7","0.2","0.2","0",""
="1711","永光","01/08","20.55","-1.75","-7.85","年","0.378","0.5","0.5","0.5","0.3","0.3","0.5","0.35","0.15","0.3",""
="1712","興農","01/08","44.85","+0.25","+0.56","年","1.749","0.939","1.002","1.3","1.3","1.3","1.8","2.8","2.8","2.5",""
="1713","國化","01/08","48.2","-3.3","-6.41","年","1.524","0.58","0.44","0.71","0.58","0.66","0.85","1","1.4","7.5",""
="1714","和桐","01/08","8.97","+0.81","+9.93","年","0.242","0","0.3","0.15","0","0.7","0.42","0.1","0.3","0.205",""
="1717","長興","01/08","51.8","-3.9","-7","年","1.167","1.5","0.5","0.9","1.4","1.5","1.5","1.2","0.8","1.2",""
="1718","中纖","01/08","7.05","+0.05","+0.71","年","0.033","0","0.1","0.1","0","0.1","0","0","0","0",""
="1720","生達","01/08","60.1","+0.5","+0.84","年","2.044","1.5","1.6","1.5","1.5","1.8","2.5","2.5","2.7","2.8",""
="1721","三晃","01/08","15.15","-0.85","-5.31","年","0.167","0.7","0.2","0","0","0.5","0","0.1","0","0",""
="1722","台肥","01/08","46.5","-0.05","-0.11","年","2.311","2.1","2.1","2.2","2.2","2.3","2.8","2.5","2.6","2",""
="1723","中碳","01/08","69.3","-0.2","-0.29","年","4.411","4.5","4.6","5.3","5","2.8","4","5","4","4.5",""
="1725","元禎","01/08","29.1","-1.2","-3.96","年","0.952","0.8","0.83","0.84","0.81","0.96","1.23","1","0.85","1.25",""
="1726","永記","01/08","75.8","-0.2","-0.26","年","3.533","4","3.5","3.5","3.2","3.5","3.5","3.5","3.5","3.6",""
="1727","中華化","01/08","46.8","-5.2","-10","年","0.449","0.6","0.6","0.6","0.2","0","0.52","0.731","0.287","0.5",""
="1731","美吾華","01/08","21.85","-0.05","-0.23","年","0.874","0.55","0.6","0.5","0.6","1","1.17","1.1","1.15","1.2",""
="1732","毛寶","01/08","27.65","-0.15","-0.54","年","0.15","0","0","0","0","0.5","0.35","0","0","0.5",""
="1733","五鼎","01/08","30.3","+0.35","+1.17","年","1.228","1.5","1.501","0.848","1.106","1.094","1.3","1.4","1.1","1.2",""
="1734","杏輝","01/08","30.35","+0.1","+0.33","年","0.444","0.1","0.2","0.1","0.2","0.2","0.2","1","1","1",""
="1735","日勝化","01/08","16.7","-0.95","-5.38","年","0.456","0.5","0.5","0.15","0.65","0.5","0","0.5","0.5","0.8",""
="1736","喬山","01/08","149","+2.5","+1.71","年","1.191","1.15","0.3","0.65","1.402","1.12","0.5","0.6","0.999","4",""
="1737","臺鹽","01/08","31.55","0","0","年","1.461","1.5","1.5","1.8","1.5","1.35","1.5","1.5","1.2","1.3",""
="1742","台蠟","01/08","16.5","-0.1","-0.6","年","0.022","0","0","0","0","0","0.198","0","0","0",""
="1752","南光","01/08","37.45","-0.15","-0.4","年","1.711","1.6","1.6","1.2","1.7","1.6","1.8","2.3","2","1.6",""
="1760","寶齡富錦","01/08","63.9","+0.2","+0.31","年","1.5","0.9","1.5","1.8","1.8","0.7","1.5","2","1.5","1.8",""
="1762","中化生","01/08","24.95","0","0","年","0.899","0.5","0.5","1.2","0.8","1.5","1.3","1.3","0.8","0.192",""
="1773","勝一","01/08","164","-5","-2.96","年","3.51","4","4.6","5","2.2","3.489","3","3.6","3.2","2.5",""
="1776","展宇","01/08","15.5","+0.1","+0.65","年","1.016","1.6","1.5","0.8","0.846","1","1.5","0.6","0.5","0.8",""
="1777","生泰","01/08","72.3","+0.3","+0.42","年","3.309","3.5","1.75","3.3","3.5","4","1.931","3","3.5","5.3",""
="1781","合世","01/08","10.95","-0.1","-0.9","年","0","0","0","0","0","0","0","0","0","0",""
="1783","和康生","01/08","44.5","+0.25","+0.56","年","0.519","0","0.15","0.68","0.78","0.731","0","0.5","0.999","0.83",""
="1785","光洋科","01/08","61.9","-2.6","-4.03","年","0.977","0","0","0.4","1","1.2","1.491","1.501","1.2","2",""
="1786","科妍","01/08","75.5","-1.2","-1.56","年","1.463","0","0.2","1.6","1.364","0.96","1.418","1.98","2.408","3.24",""
="1788","杏昌","01/08","137","0","0","年","6.419","5","6","6","5.999","6.771","7","7","7","7",""
="1789","神隆","01/08","22.7","+2.05","+9.93","年","0.392","0.3","0.48","0.49","0.27","0.5","0.48","0.36","0.3","0.35",""
="1795","美時","01/08","287","+6","+2.14","年","1.796","0","0","0","0","0.35","1.931","3.46","4.647","5.779",""
="1796","金穎生技","01/08","46","0","0","年","0.909","2.1","1","0.499","0","0.083","1","1.5","2","0",""
="1799","易威","01/08","33.55","-0.3","-0.89","年","0","0","0","0","0","0","0","0","0","0",""
="1802","台玻","01/08","35.2","-0.15","-0.42","年","0.347","0","0.5","0.3","0","0.5","1.82","0","0","0",""
="1805","寶徠","01/08","12.2","+0.2","+1.67","年","0","0","0","0","0","0","0","0","0","0",""
="1808","潤隆","01/08","34.9","+0.95","+2.8","年","2.935","5.075","3.538","8","2","0.2","2","0.6","3","2",""
="1809","中釉","01/08","18.5","-0.85","-4.39","年","0.228","0.3","0.2","0.2","0.2","0.2","0.25","0.25","0.2","0.25",""
="1810","和成","01/08","18.5","+0.4","+2.21","年","0.166","0","0.3","0.2","0","0.2","0.2","0.2","0.2","0.19",""
="1813","寶利徠","01/08","12.95","0","0","年","0.722","1","1","2","1","0","0.5","0.5","0.5","0",""
="1815","富喬","01/08","88.2","+0.7","+0.8","年","0.261","0.5","0.65","0.5","0","0","0.6","0.1","0","0",""
="1817","凱撒衛","01/08","38.3","+0.05","+0.13","年","2.112","2.2","2.3","2.3","1.712","2","2","2.3","1.8","2.4",""
="1903","士紙","01/08","56","+1","+1.82","年","0","0","0","0","0","0","0","0","0","0",""
="1904","正隆","01/08","17.45","0","0","年","1.028","0.5","0.7","1.1","1.2","1.8","1.9","1.1","0.5","0.45",""
="1905","華紙","01/08","11.75","-0.1","-0.84","年","0.212","0.35","0.5","0.35","0","0","0.406","0.3","0","0",""
="1907","永豐餘","01/08","25.65","0","0","年","0.833","0","0.6","0.6","0.7","1.5","1.5","0.9","0.9","0.8",""
="2002","中鋼","01/08","19.15","-0.3","-1.54","年","0.923","0.85","0.88","1","0.5","0.3","3.1","1","0.35","0.33",""
"2002A","中鋼特","01/08","39","0","0","年","1.589","1.4","1.4","1.4","1.4","1.4","3.1","1.4","1.4","1.4",""
="2006","東和鋼鐵","01/08","67.6","+0.9","+1.35","年","2.761","1.3","1.4","1.2","1.35","1.5","6.4","3.5","4.2","4",""
="2007","燁興","01/08","8.23","+0.03","+0.37","年","0","0","0","0","0","0","0","0","0","0",""
="2008","高興昌","01/08","29.4","+0.35","+1.2","年","0.225","0","0","0","0","0","0","0.526","1","0.5",""
="2009","第一銅","01/08","48.15","-3.05","-5.96","年","0.3","0","0","0","0","0.8","1","0.4","0","0.5",""
="2010","春源","01/08","20.9","-0.1","-0.48","年","0.762","0.7","0.5","0.56","0.3","0.6","1.3","0.6","1","1.3",""
="2013","中鋼構","01/08","42.5","-0.3","-0.7","年","1.353","0.26","0.24","0.47","0.81","2.8","2","1.7","1.9","2",""
="2014","中鴻","01/08","16.55","-0.65","-3.78","年","0.406","0","0","0.1","0","0.3","2.8","0.35","0.1","0",""
="2015","豐興","01/08","62.4","-0.1","-0.16","年","3.667","3","3.5","4","3","3.5","5","4","3.5","3.5",""
="2017","官田鋼","01/08","9","-0.17","-1.85","年","0.278","0.35","0.45","0.4","0","0.3","0.6","0.4","0","0",""
="2020","美亞","01/08","23.75","-0.35","-1.45","年","1.708","0.8","1.42","1.4","1.85","1.7","3","1","2","2.2",""
="2022","聚亨","01/08","8.52","-0.1","-1.16","年","0.022","0","0","0","0","0","0","0","0.2","0",""
="2023","燁輝","01/08","14.85","-0.35","-2.3","年","0.189","0.4","0.2","0.1","0","0","0.5","0.302","0.2","0",""
="2024","志聯","01/08","16.05","-0.85","-5.03","年","0.461","0.6","0.8","0.6","0.35","0.25","1.2","0.35","0","0",""
="2025","千興","01/08","12.95","+1.15","+9.75","年","0","0","0","0","0","0","0","0","0","0",""
="2027","大成鋼","01/08","35.8","-1.7","-4.53","年","1.4","0.498","0.8","3","1","0.8","1.8","2.4","1.2","1.1",""
="2029","盛餘","01/08","21.4","-0.3","-1.38","年","1.242","2.45","1.75","0.25","0.15","0.5","2.55","1.03","1.25","1.25",""
="2030","彰源","01/08","15.75","+0.05","+0.32","年","0.891","0.3","1","1","0.511","0.5","2","1.5","0.5","0.712",""
="2031","新光鋼","01/08","38.5","-1.9","-4.7","年","2.056","1.8","1.977","1.5","0.809","1.92","4","1","3","2.5",""
="2032","新鋼","01/08","16.6","+0.3","+1.84","年","0.363","0.4","0.1","0.13","0.35","0.53","1.18","0.2","0","0.375",""
="2033","佳大","01/08","16.15","-0.95","-5.56","年","0.178","0.3","0.2","0.2","0.2","0.3","0.2","0","0","0.2",""
="2034","允強","01/08","20.8","-1","-4.59","年","1.485","1.8","1.8","1.8","1.5","1.475","1.498","1.496","1","1",""
="2035","唐榮","01/08","28.8","-0.4","-1.37","年","0","0","0","0","0","0","0","0","0","0",""
="2038","海光","01/08","14.9","-0.7","-4.49","年","0.222","0","0","0","0","0.5","1.5","0","0","0",""
="2049","上銀","01/08","194","-2","-1.02","年","3.422","1.6","3.5","7","1.8","2","4.5","5.5","2.5","2.4",""
="2059","川湖","01/08","3155","-100","-3.07","年","12.68","8.25","5","9.5","8","6.12","10.88","20","14.19","32.2",""
="2062","橋椿","01/08","20.85","+0.1","+0.48","年","0.653","1","0.3","0.3","0.1","0.082","0.5","1","0.8","1.8",""
="2064","晉椿","01/08","11.7","+0.05","+0.43","年","0.733","1.5","1","1","0.6","0.5","1","1","0","0",""
="2067","嘉鋼","01/08","9.95","+0.15","+1.53","年","0.044","0","0","0.4","0","0","0","0","0","0",""
="2069","運錩","01/08","18.55","-0.4","-2.11","年","1.259","1.638","1.54","2.5","0.5","0.55","2.2","1","0.5","0.9",""
="2073","雄順","01/08","26.1","0","0","年","1.48","","","","","","2.8","1.818","0.6","0.7",""
="2103","台橡","01/08","15.1","-0.25","-1.63","年","0.941","1","0.96","0.98","0.5","0.36","2.4","1.08","0.56","0.63",""
="2104","國際中橡","01/08","11.15","-0.3","-2.62","年","0.6","1.5","1.8","1.5","0.2","0.1","0.2","0.1","0","0",""
="2105","正新","01/08","30.4","+0.5","+1.67","年","1.678","3","1.8","1.1","1","1.2","1.2","1.4","2","2.4",""
="2106","建大","01/08","19.3","+0.15","+0.78","年","1.022","2","1.2","1","0.4","1","1","0.5","1","1.1",""
="2107","厚生","01/08","24.7","+0.05","+0.2","年","1.034","0.554","0.65","0.68","0.818","1.5","1.2","1.2","1.3","1.4",""
="2108","南帝","01/08","23.95","-0.6","-2.44","年","2.322","1","1","1.8","2.1","4","7","2","1","1",""
="2114","鑫永銓","01/08","89.8","+0.1","+0.11","年","5.222","5","5","5","5","5","7","5","5","5",""
="2115","六暉-KY","01/08","24.3","-0.05","-0.21","年","1.444","1","1.5","1","2.2","1.5","2","1.3","1","1.5",""
="2201","裕隆","01/08","31.95","-0.15","-0.47","年","0.876","0.5","0.58","0.67","0","1","1.5","0.935","1.4","1.3",""
="2204","中華","01/08","58.1","0","0","年","3.533","1.6","1.8","1.7","0","7","5.5","4","6","4.2",""
="2207","和泰車","01/08","539","-5","-0.92","年","14.33","12","12","12","14","17","20","2","20","20",""
="2208","台船","01/08","20.1","+0.4","+2.03","年","0","0","0","0","0","0","0","0","0","0",""
="2211","長榮鋼","01/08","101.5","-0.5","-0.49","年","3.932","","","","2","2.092","3","5","6.5","5",""
="2221","大甲","01/08","30.65","-0.25","-0.81","年","1.89","1.303","1.504","2.105","1.5","1","3","4","1.3","1.3",""
="2227","裕日車","01/08","54.5","+0.4","+0.74","年","13.79","22","21","17.67","21.27","18.53","9.06","7.22","3.48","3.9",""
="2228","劍麟","01/08","108.5","-1.5","-1.36","年","4.56","4.748","5.24","5","5","1.05","2","4","5","9",""
="2230","泰茂","01/08","93.2","+1.3","+1.41","年","0.292","0.2","0","0.15","0","0.2","0","0.142","0.939","1",""
="2231","為升","01/08","95.4","+1.2","+1.27","年","4.468","8.5","7.474","7.674","6.991","1.2","1","2.298","3","2.074",""
="2233","宇隆","01/08","208","-1","-0.48","年","4.833","5","3.757","4","3.3","3.744","5.4","6","5.3","7",""
="2235","謚源","01/08","33.1","-0.4","-1.19","年","2.944","4","3.5","3","3","2","1.5","4","2.5","3",""
="2239","英利-KY","01/08","35.1","-0.4","-1.13","年","2.319","4.5","3.9","4.5","2.5","1.85","2.5","0.463","0.66","0",""
="2241","艾姆勒","01/08","34.5","-0.2","-0.58","年","0.164","0","0","0","0.88","0.6","0","0","0","0",""
="2243","宏旭-KY","01/08","11.4","+0.15","+1.33","年","0.167","1","0.5","0","0","0","0","0","0","0",""
="2248","華勝-KY","01/08","49.5","+0.45","+0.92","年","0.955","","","0.909","0.587","0","0.71","0.814","0.936","2.732",""
="2250","IKKA-KY","01/08","70.5","-1.4","-1.95","年","3.149","","","","","3","3.222","2.99","3.187","3.346",""
="2258","鴻華先進-創","01/08","40.2","-0.5","-1.23","年","0","","","","","","","0","0","0",""
="2302","麗正","01/08","17.7","-0.7","-3.8","年","0.288","0","0","0","0","0.301","0.601","0.8","0.31","0.58",""
="2303","聯電","01/08","52.8","-1.3","-2.4","年","1.851","0.5","0.712","0.59","0.804","1.6","3","3.6","3","2.85",""
="2305","全友","01/08","11.5","-0.25","-2.13","年","0","0","0","0","0","0","0","0","0","0",""
="2308","台達電","01/08","1010","-20","-1.94","年","6.03","5","5","5","5","5.5","5.5","9.84","6.43","7",""
="2312","金寶","01/08","22.65","-1.2","-5.03","年","0.323","0.3","0.308","0.3","0.306","0.291","0.198","0.3","0.3","0.6",""
="2313","華通","01/08","105","-5.5","-4.98","年","1.522","0.6","1.2","0.8","1.2","1.5","1.8","2.7","1.5","2.4",""
="2314","台揚","01/08","20.7","-0.55","-2.59","年","0.057","0.116","0.2","0.2","0","0","0","0","0","0",""
="2316","楠梓電","01/08","96","-1.3","-1.34","年","0.611","0","0","1","0.5","1.5","1","0.5","0.5","0.5",""
="2317","鴻海","01/08","229.5","-9","-3.77","年","4.489","4.5","2","4","4.2","4","5.2","5.3","5.4","5.8",""
="2321","東訊","01/08","17.65","+0.35","+2.02","年","0","0","0","0","0","0","0","0","0","0",""
="2323","中環","01/08","10.9","-0.7","-6.03","年","0.22","0","0","0","0.2","0.7","0.1","0","0.68","0.3",""
="2324","仁寶","01/08","30.05","-0.9","-2.91","年","1.356","1.2","1.2","1.2","1.2","1.6","2","1.2","1.2","1.4",""
="2328","廣宇","01/08","47.9","-0.9","-1.84","年","1.006","0.7","0.8","1.1","1","0.65","1","1.4","1.3","1.1",""
="2329","華泰","01/08","56.5","+0.5","+0.89","年","0.465","0","0","0","0.15","0","1","0.85","1.189","1",""
="2332","友訊","01/08","15.15","-0.25","-1.62","年","0.218","0.3","0","0.2","0","0.3","0.3","0.225","0.536","0.1",""
="2337","旺宏","01/08","63.3","+5.7","+9.9","年","0.966","0","1","1.2","1.189","1.2","1.8","1.8","0.5","0",""
="2338","光罩","01/08","37.15","-1.8","-4.62","年","1.037","0","0","0.834","1","1.5","2","2.5","1.5","0",""
="2340","台亞","01/08","28.05","+0.6","+2.19","年","0.993","1.191","1.35","0.5","0","1.393","3","1","0.5","0",""
="2345","智邦","01/08","1265","+60","+4.98","年","6.49","3.098","4.131","3.998","6.19","6.496","5.999","7.5","9.996","11",""
="2347","聯強","01/08","63.1","+0.8","+1.28","年","2.956","1","2.2","2","2.6","3.3","5","3.5","3","4",""
="2348","海悅","01/08","81.3","-1.2","-1.45","年","5.186","0","3.6","3.8","4.33","7","7","5","6.942","9",""
"2348A","海悅甲特","01/08","36.65","+0.05","+0.14","年","1.311","","","","","","0.443","1.6","1.6","1.6",""
="2349","錸德","01/08","15","-1.15","-7.12","年","0","0","0","0","0","0","0","0","0","0",""
="2351","順德","01/08","73.9","-3.1","-4.03","年","2.522","2.5","2.5","2.8","1.8","1.8","3","3.2","2.6","2.5",""
="2352","佳世達","01/08","24.1","-0.5","-2.03","年","1.398","1.32","1.35","0.85","0.75","1.5","2.5","2","1.2","1.11",""
="2353","宏碁","01/08","26.35","-0.7","-2.59","年","1.259","0.5","0.7","0.77","0.777","1.5","2.28","1.5","1.6","1.7",""
="2354","鴻準","01/08","59.2","-1.6","-2.63","年","2.344","3.8","3.6","3.2","2.5","1.8","1.7","1.6","1.5","1.4",""
="2355","敬鵬","01/08","31.2","-1.1","-3.41","年","1.322","3.2","2.25","0.5","1","0.5","0.5","0.85","1.25","1.85",""
="2356","英業達","01/08","42.9","-0.95","-2.17","年","1.539","1.45","1.65","1.5","1.3","1.85","1.4","1.5","1.5","1.7",""
="2357","華碩","01/08","530","-13","-2.39","年","21.67","17","15","15","14","26","42","15","17","34",""
="2360","致茂","01/08","925","+3","+0.33","年","5.551","3.221","4.475","4.178","3.007","4.5","6.981","8.001","6.6","9",""
="2362","藍天","01/08","37.85","-0.3","-0.79","年","1.254","0.714","0.841","1","0.4","0.6","2.1","1.5","1.6","2.53",""
="2363","矽統","01/08","48.2","-0.2","-0.41","年","0.416","0","0","0","0.347","0.8","0.8","1","0.3","0.5",""
="2364","倫飛","01/08","66.7","-0.6","-0.89","年","0.111","0","0","0","0","0","1","0","0","0",""
="2367","燿華","01/08","29.6","-2.05","-6.48","年","0.278","0","0.3","0.4","0.8","0","0","0.3","0","0.703",""
="2368","金像電","01/08","632","-11","-1.71","年","1.856","0","0","0","0","1.5","2.2","3.5","3.5","6",""
="2369","菱生","01/08","24.7","-1.95","-7.32","年","0.377","0.5","0.5","0.2","0","0","1.289","0.3","0.3","0.3",""
="2373","震旦行","01/08","56.2","-0.2","-0.35","年","5.083","3.25","6","6","6","6","6","4.7","4.1","3.7",""
="2374","佳能","01/08","77.4","-1.9","-2.4","年","0.66","0.9","0.8","0.5","0.3","0.491","1","0.45","0.9","0.599",""
="2376","技嘉","01/08","245","0","0","年","5.706","2.6","4","3","2.2","5","12","6.2","6.358","10",""
="2377","微星","01/08","96.5","+0.2","+0.21","年","5.756","4.5","4.5","5","4.2","6.1","10.5","6.6","5.4","5",""
="2379","瑞昱","01/08","529","-1","-0.19","年","15.28","5","5.5","7","11","14","27","27","15.5","25.5",""
="2383","台光電","01/08","1545","-35","-2.22","年","7.891","4.698","4.8","3.8","5.762","7","10","8.407","9.979","16.58",""
="2385","群光","01/08","116","0","0","年","6.144","4.25","4.45","3.8","5.9","5.5","6.1","7.5","7.8","10",""
="2387","精元","01/08","38.4","-0.4","-1.03","年","2.044","0.485","0.403","1.005","1","2","3","3.5","3","4",""
="2388","威盛","01/08","50.6","-0.9","-1.75","年","0.25","0","0","0","0","0.8","1","0.15","0.1","0.2",""
="2390","云辰","01/08","10.05","+0.05","+0.5","年","0.118","0.06","0","0","0","0","1","0","0","0",""
="2392","正崴","01/08","36.6","-0.55","-1.48","年","2.022","1.5","2","1.5","2.5","2.5","1.5","2.2","2","2.5",""
="2393","億光","01/08","55.3","-1.9","-3.32","年","2.849","2.998","2.985","1.5","1.4","2.25","3.5","2.5","3.2","5.31",""
="2395","研華","01/08","285.5","-3","-1.04","年","7.82","6.298","6.595","6.796","7.789","7.093","7.98","9.988","9.448","8.392",""
="2397","友通","01/08","60.3","-1.8","-2.9","年","3.998","4.5","4.2","5.28","5","3","3.6","4","3","3.4",""
="2399","映泰","01/08","24.6","-1.25","-4.84","年","0.267","0","0.8","0","0","0.4","1.2","0","0","0",""
="2401","凌陽","01/08","20.45","-0.9","-4.22","年","0.554","0.5","0.7","0.36","0.3","0.526","2","0.6","0","0",""
="2402","毅嘉","01/08","56.3","-2.3","-3.92","年","0.684","0","0","0.5","0.5","0.5","0.5","0.992","1.186","1.974",""
="2404","漢唐","01/08","1010","+10","+1","年","14.35","6","6","10","13","17","13.13","15","21","28",""
="2406","國碩","01/08","24.8","+0.15","+0.61","年","0","0","0","0","0","0","0","0","0","0",""
="2408","南亞科","01/08","241.5","+0.5","+0.21","年","2.305","1.5","3.509","7.11","1.497","1.297","3.703","2.13","0","0",""
="2409","友達","01/08","15.65","-1.05","-6.29","年","0.652","0.56","1.5","0.5","0","0.3","1","0.8","0.9","0.305",""
="2412","中華電","01/08","133.5","+0.5","+0.38","年","4.646","4.942","4.796","4.479","4.226","4.306","4.608","4.702","4.758","5",""
="2413","環科","01/08","42.35","-0.6","-1.4","年","0.078","0","0","0","0","0","0","0.5","0.2","0",""
="2414","精技","01/08","40.55","-0.05","-0.12","年","1.939","1.3","1.4","1.45","1.5","1.8","2.8","2.5","2.2","2.5",""
="2415","錩新","01/08","26.2","0","0","年","0.789","0.9","1","1.5","0.5","0.5","0.85","0.65","0","1.2",""
="2417","圓剛","01/08","39.25","-0.75","-1.88","年","0.344","0.1","0.1","0.1","0.102","2","0.146","0.2","0.15","0.2",""
="2419","仲琦","01/08","26.65","+1.45","+5.75","年","0.879","1.773","1.226","0.814","0.8","1","0.5","1.5","0.3","0",""
="2420","新巨","01/08","50.1","-0.7","-1.38","年","2.894","3","2.7","2.8","2","2.55","3","3.5","3","3.5",""
="2421","建準","01/08","154","-2.5","-1.6","年","2.412","2","2.3","2","2","2.4","1.2","2.6","3.5","3.712",""
="2423","固緯","01/08","54.1","-1.4","-2.52","年","1.656","1.2","1.5","1.8","1.5","1.2","1.5","2","2.2","2",""
="2424","隴華","01/08","32.4","-1.85","-5.4","年","0","0","0","0","0","0","0","0","0","0",""
="2425","承啟","01/08","29.65","-0.7","-2.31","年","0.494","0.15","0","1.5","0.3","0.5","0.6","0.8","0.45","0.15",""
="2426","鼎元","01/08","16.7","-0.65","-3.75","年","0.572","0.893","0.7","1.2","0.303","0.75","1","0","0.2","0.1",""
="2427","三商電","01/08","26.45","+0.05","+0.19","年","0.422","0.2","0.25","0.4","0.35","0.3","0.35","0.35","0.9","0.697",""
="2428","興勤","01/08","171","-6","-3.39","年","4.867","3.3","4","3.8","4.2","5.5","6.3","5.4","5.2","6.1",""
="2429","銘旺科","01/08","76.1","+1","+1.33","年","0","0","0","0","0","0","0","0","0","0",""
="2430","燦坤","01/08","22.6","0","0","年","2.006","2","1.36","0.9","1","1.55","3.54","4","2.2","1.5",""
="2431","聯昌","01/08","11.9","0","0","年","0.174","0.77","0","0","0","0.25","0.45","0.1","0","0",""
="2432","倚天酷碁-創","01/08","24.65","-0.45","-1.79","年","1.667","","","","","","","1.65","1.65","1.7",""
="2433","互盛電","01/08","47","-0.15","-0.32","年","3.356","2.7","3.5","3.5","3.8","3.6","3.5","3.6","3","3",""
="2434","統懋","01/08","30.8","-0.2","-0.65","年","0","0","0","0","0","0","0","0","0","0",""
="2436","偉詮電","01/08","47.55","-2.25","-4.52","年","1.345","0.499","0.6","1","1.5","1.6","3","1.2","1.207","1.5",""
="2438","翔耀","01/08","21.8","+0.15","+0.69","年","0","0","0","0","0","0","0","0","0","0",""
="2439","美律","01/08","101","+4.8","+4.99","年","7.318","8.884","15.82","8.498","7.705","5.068","3.971","4.473","4.149","7.29",""
="2440","太空梭","01/08","14.45","0","0","年","0","0","0","0","0","0","0","0","0","0",""
="2441","超豐","01/08","87.6","-0.9","-1.02","年","3.117","2.75","3","2.7","2.3","3.1","5","3.7","2.5","3",""
="2442","新美齊","01/08","23.45","+0.1","+0.43","年","0.117","0.008","0","0.502","0","0.101","0.204","0.05","0.11","0.079",""
="2444","兆勁","01/08","11.25","+0.05","+0.45","年","0.059","0.429","0.104","0","0","0","0","0","0","0",""
="2449","京元電子","01/08","263","-3.5","-1.31","年","2.494","1.796","1.798","1.35","1.8","2","3","3.5","3.2","4",""
="2450","神腦","01/08","28.7","+0.1","+0.35","年","2.155","3.982","3.166","1.45","1.45","1.5","2","2.2","2","1.65",""
="2451","創見","01/08","257.5","+19.5","+8.19","年","5.248","6","6","5","4.5","3.05","6","5.6","4.991","6.088",""
="2453","凌群","01/08","53.3","+0.4","+0.76","年","1.478","0.5","0.7","0.5","1","1.5","1.9","2.2","2.4","2.6",""
="2455","全新","01/08","150","-4","-2.6","年","2.704","2.531","2.5","2.5","2.5","2.59","4","2.3","2.2","3.218",""
="2457","飛宏","01/08","28.4","-0.6","-2.07","年","0","0","0","0","0","0","0","0","0","0",""
="2459","敦吉","01/08","66.1","0","0","年","3.357","2.6","3","3","3.009","3.3","3.5","3.8","4","4",""
="2460","建通","01/08","24.3","+1.05","+4.52","年","0.033","0","0","0","0","0","0.3","0","0","0",""
="2462","良得電","01/08","23.4","-0.8","-3.31","年","0.606","0.6","0","0.5","0.7","0.8","0.6","0.3","1.15","0.807",""
="2464","盟立","01/08","65.6","-3.4","-4.93","年","1.772","1.8","1.5","3.3","2.5","2","2.2","1.8","0.5","0.35",""
="2465","麗臺","01/08","58.8","-0.7","-1.18","年","0.111","0","0","0","0","0","1","0","0","0",""
="2466","冠西電","01/08","67.3","+0.3","+0.45","年","0.021","0","0","0","0","0","0","0.19","0","0",""
="2467","志聖","01/08","261","-2","-0.76","年","2.679","0.5","1.5","2.5","2.5","2.512","3","3.6","3","5",""
="2468","華經","01/08","40.7","-0.05","-0.12","年","0.556","0.5","0.4","0.5","0.5","0.4","0.4","0.6","0.8","0.9",""
="2471","資通","01/08","49.95","+0.45","+0.91","年","1.988","1.34","1","1.2","1.425","1.5","2.244","2.835","3.287","3.059",""
="2472","立隆電","01/08","106.5","-4","-3.62","年","2.658","2.4","2.2","2.3","1.5","2.938","3.198","3.489","2.8","3.1",""
="2476","鉅祥","01/08","90.8","+0.6","+0.67","年","1.935","1.7","1.6","1.26","1.3","1.2","2.078","2.3","2.477","3.497",""
="2477","美隆電","01/08","25.05","-0.45","-1.76","年","1.034","0","1.3","0.86","1.6","1.45","1.5","0.8","0.5","1.3",""
="2478","大毅","01/08","61.4","-1.6","-2.54","年","1.991","0.499","0.8","2.5","1.8","3","4","2","1.5","1.818",""
="2480","敦陽科","01/08","149.5","+0.5","+0.34","年","4.759","2.1","2.62","3.42","4.45","4.3","5.62","6.26","6.64","7.422",""
="2481","強茂","01/08","79.5","-1.4","-1.73","年","1.406","1","0","0.5","1.052","1.5","3","3","1.2","1.4",""
="2482","連宇","01/08","17","-0.1","-0.58","年","0.381","0.32","0","0","0","0","0","1.498","1","0.61",""
="2483","百容","01/08","18.75","-0.1","-0.53","年","0.91","1.3","1.3","1.288","1","0.7","1","1","0.3","0.3",""
="2484","希華","01/08","20.6","-0.25","-1.2","年","1.278","1.2","1","1.45","0.95","1","1.5","2.2","1.5","0.7",""
="2485","兆赫","01/08","25.45","-1.35","-5.04","年","0.256","1.4","0.4","0.5","0","0","0","0","0","0",""
="2486","一詮","01/08","91.8","-1.5","-1.61","年","0.228","0","0","0","0","0","0.5","0.4","0.65","0.504",""
="2488","漢平","01/08","46.1","-0.4","-0.86","年","2.378","3.5","1.9","2.5","2.3","1.5","1.2","2.5","2.8","3.2",""
="2491","吉祥全","01/08","18.5","+0.15","+0.82","年","0.056","0","0","0","0","0.4","0.1","0","0","0",""
="2492","華新科","01/08","122.5","-9.5","-7.2","年","4.949","1.207","4.019","16.33","5.5","6.012","4.509","2.405","2.154","2.405",""
="2493","揚博","01/08","127.5","+7","+5.81","年","3.033","2.3","1.75","2.5","2.5","2.5","2.75","4","5","4",""
="2495","普安","01/08","33","-0.3","-0.9","年","0.623","0.9","0.4","0.4","0.606","0.3","0.4","0.6","0.7","1.3",""
="2497","怡利電","01/08","52.8","-1.3","-2.4","年","0.467","0.5","0","0","0","0","0","0.7","1","2",""
="2498","宏達電","01/08","46.3","-1.5","-3.14","年","0.042","0","0","0.38","0","0","0","0","0","0",""
="2501","國建","01/08","24.25","+0.25","+1.04","年","1.1","1.5","1.2","2.1","1","1","0.6","0.5","1","1",""
="2504","國產","01/08","36.85","-0.8","-2.12","年","1.25","0","0.5","0.25","0.3","1.5","1.8","2","2.1","2.8",""
="2505","國揚","01/08","19.5","0","0","年","0.533","0","0.25","0.5","1.65","1.5","0.5","0","0.4","0",""
="2509","全坤建","01/08","15.35","-0.2","-1.29","年","0.433","1.2","0.4","0.6","0.2","1.5","0","0","0","0",""
="2511","太子","01/08","8.55","+0.1","+1.18","年","0.54","1","0.65","0.65","0.5","0.4","0.5","0.5","0.36","0.3",""
="2514","龍邦","01/08","14.75","0","0","年","0.095","0.354","0.25","0.25","0","0","0","0","0","0",""
="2515","中工","01/08","12.95","-0.1","-0.77","年","0.288","0.194","0.187","0.197","0.201","0.233","0.534","0.526","0.52","0",""
="2516","新建","01/08","14.4","-0.1","-0.69","年","0.028","0.25","0","0","0","0","0","0","0","0",""
="2520","冠德","01/08","32.6","-0.05","-0.15","年","1.739","1.1","0.5","1","1.5","2.4","2.5","1.753","1.8","3.1",""
="2524","京城","01/08","41.3","+0.1","+0.24","年","0.222","0","2","0","0","0","0","0","0","0",""
="2527","宏璟","01/08","29.1","0","0","年","1.5","0.8","0.8","1.2","1.8","1.4","3","1","1.5","2",""
="2534","宏盛","01/08","20.45","+0.1","+0.49","年","1.05","1","2","0","0.5","1","1.2","1.75","1","1",""
="2535","達欣工","01/08","64.1","+0.2","+0.31","年","2.273","1.584","1.598","1.621","1.392","2.508","2.5","2.5","3","3.75",""
="2536","宏普","01/08","25.35","-0.1","-0.39","年","0.944","2.1","1.5","1","1.2","1.2","0","0.5","0.5","0.5",""
="2537","聯上發","01/08","11.9","0","0","年","0.189","0.4","0","0","0","0.4","0.9","0","0","0",""
="2538","基泰","01/08","11.1","-0.1","-0.89","年","0.644","1","0.8","0.6","0.5","0.5","0.5","0.5","0.7","0.7",""
="2539","櫻花建","01/08","47.7","+0.65","+1.38","年","0.643","1.6","1.5","0.2","0.99","0.199","0.199","0.199","0.4","0.5",""
="2540","愛山林","01/08","46.45","-0.7","-1.48","年","0.944","0","0","0","0","1","3.5","1.5","1.5","1",""
="2542","興富發","01/08","39.35","+0.4","+1.03","年","2.668","5","3.5","4.5","2","2.005","4.007","0.5","0.5","2",""
="2545","皇翔","01/08","38.95","+0.35","+0.91","年","3.467","4.5","1.5","1.8","1.2","4.5","6.3","4.6","2.3","4.5",""
="2546","根基","01/08","87.4","+0.1","+0.11","年","3.023","1.5","2.16","3","3","3.6","2.6","4.15","4","3.2",""
="2547","日勝生","01/08","10.75","+0.05","+0.47","年","0.34","0","0","0.8","0.608","0.62","0.2","0","0.25","0.58",""
="2548","華固","01/08","114.5","+0.5","+0.44","年","6.478","5.6","5.2","5","7.5","7","7.5","7.5","7.5","5.5",""
="2596","綠意","01/08","37.6","+0.35","+0.94","年","1.433","2.2","2","2","1","1.2","1.5","1","1","1",""
="2597","潤弘","01/08","177.5","+6","+3.5","年","6.028","4","2.35","4.8","4.5","6.5","9","10","5.4","7.7",""
="2601","益航","01/08","5.53","0","0","年","0.056","0","0","0.1","0.4","0","0","0","0","0",""
="2603","長榮","01/08","193.5","-2","-1.02","年","14.79","0","0.2","0","0","2.487","18","70","9.965","32.5",""
="2605","新興","01/08","26.95","-0.2","-0.74","年","0.672","0.7","0.6","0.2","0.5","0.5","1","0.5","0.75","1.3",""
="2606","裕民","01/08","61.4","+0.2","+0.33","年","2.05","0.75","1.2","1.8","1.9","1.2","3","3","2.4","3.2",""
="2607","榮運","01/08","57.4","-0.4","-0.69","年","0.633","0.35","0.35","0.35","0.3","0.3","0.4","1.25","1.1","1.3",""
="2608","嘉里大榮","01/08","33.05","0","0","年","1.704","1.5","1.6","1.56","1.45","1.68","1.65","1.65","2.6","1.65",""
="2609","陽明","01/08","56.3","-1.3","-2.26","年","5.5","0","0","0","0","0","20","20","2","7.5",""
="2610","華航","01/08","20.4","-0.35","-1.69","年","0.356","0","0.218","0.21","0","0","0.831","0.46","0.69","0.796",""
="2611","志信","01/08","14.8","-0.15","-1","年","0.606","0","0.1","0.415","0","0","1","0","2.3","1.64",""
="2612","中航","01/08","60.7","-0.6","-0.98","年","1.44","0.5","0.5","1.6","0.8","1.6","2.68","2.18","1","2.1",""
="2613","中櫃","01/08","24","-0.05","-0.21","年","0.595","0.07","0.33","0.283","0.17","0.2","1.65","1.05","0.6","1",""
="2614","東森","01/08","22.3","-0.25","-1.11","年","0.45","0","0","1","1","0.8","1","0","0","0.25",""
="2615","萬海","01/08","79.2","-1.3","-1.61","年","2.645","0.4","0.5","0.606","0.8","1","10.5","5","1.5","3.5",""
="2616","山隆","01/08","13.35","-0.05","-0.37","年","1.666","2.055","2.512","1.6","1.8","2.2","2.5","1.6","0.43","0.3",""
="2617","台航","01/08","31","-0.1","-0.32","年","1.222","0","0.7","1.3","0.8","0.9","2","2.2","1.6","1.5",""
="2618","長榮航","01/08","36.45","-0.25","-0.68","年","0.749","0.2","0.2","0.497","0.25","0","0.592","0.799","1.8","2.4",""
="2630","亞航","01/08","52.6","+1.3","+2.53","年","0.642","1.55","1.25","1","0.08","0.136","0.25","0.36","0.53","0.621",""
="2633","台灣高鐵","01/08","27.9","+0.05","+0.18","年","0.914","0.6","0.75","1.12","1.21","1.05","0.758","0.67","1.02","1.05",""
="2634","漢翔","01/08","54.9","+3.2","+6.19","年","1.01","1","1.13","1.34","1.19","0.2","0.35","1.08","1.42","1.38",""
="2637","慧洋-KY","01/08","69.5","+0.6","+0.87","年","2.906","1","0.998","1.487","1.418","1.5","5.5","6.5","2.75","5",""
="2640","大車隊","01/08","131.5","-1","-0.75","年","4.233","2.2","3.5","3.3","3.7","3.9","3.5","5","6","7",""
="2641","正德","01/08","20.8","+0.05","+0.24","年","0.374","0","0","0","0.1","0","0.8","1.497","0.482","0.491",""
="2642","宅配通","01/08","25.7","0","0","年","1.111","0.45","1.05","0.6","1.2","1.8","2.1","1.5","0.8","0.5",""
="2643","捷迅","01/08","73.8","+0.6","+0.82","年","3.754","2.287","2","2","2","4","5","7","5","4.5",""
="2645","長榮航太","01/08","151","+7","+4.86","年","3.75","","","","","","2","4","4.5","4.5",""
="2646","星宇航空","01/08","23.2","-0.1","-0.43","年","0","","","","","","","0","0","0",""
="2701","萬企","01/08","10.95","-0.05","-0.45","年","0.28","0.25","0.245","0.4","0.4","0.25","0.165","0.25","0.28","0.28",""
="2702","華園","01/08","11.8","0","0","年","0.172","0.15","0","0.2","0","0","1","0.2","0","0",""
="2704","國賓","01/08","42.55","+0.05","+0.12","年","0.389","0.7","0.4","0.4","0","0","0","0.5","1","0.5",""
="2705","六福","01/08","16.45","-0.05","-0.3","年","0","0","0","0","0","0","0","0","0","0",""
="2706","第一店","01/08","12.85","0","0","年","0.302","0.2","0.276","0.45","0.45","0.15","0.14","0.35","0.35","0.35",""
="2712","遠雄來","01/08","17.95","-0.05","-0.28","年","0.202","0.5","0.112","0","0","0.7","0","0.089","0.418","0",""
="2719","燦星旅","01/08","30.2","+0.3","+1","年","0","0","0","0","0","0","0","0","0","0",""
="2722","夏都","01/08","24.9","+0.1","+0.4","年","0.333","0.5","0.4","0.2","0.2","0.5","0.2","0.6","0.25","0.15",""
="2723","美食-KY","01/08","70.7","+0.5","+0.71","年","4.111","5","6","5","3","4","5","2.5","3.5","3",""
="2724","藝舍-KY","01/08","19.05","-1.05","-5.22","年","0","0","0","0","0","0","0","0","0","0",""
="2726","雅茗-KY","01/08","12.6","-0.1","-0.79","年","1.437","2.953","3.993","2.983","2.501","0.5","0","0","0","0",""
="2727","王品","01/08","216","+1.5","+0.7","年","6.176","3.5","5.5","4.393","4.444","4.365","0","3.848","14.94","14.59",""
="2729","瓦城","01/08","173.5","0","0","年","9.765","11.6","12.6","13.6","10","14.5","4","3.5","10","8.084",""
="2731","雄獅","01/08","167","+1.5","+0.91","年","3.389","4","5.2","3.8","2","0","0","0","8","7.5",""
="2734","易飛網","01/08","18.1","-0.2","-1.09","年","0","0","0","0","0","0","0","0","0","0",""
="2736","富野","01/08","14.45","+0.1","+0.7","年","0.078","0.3","0.1","0.1","0","0.2","0","0","0","0",""
="2739","寒舍","01/08","35.3","+0.2","+0.57","年","0.689","2.2","1","1","1","0","0","0","0","1",""
="2740","天蔥","01/08","28.65","-0.35","-1.21","年","0","0","0","0","0","0","0","0","0","0",""
="2743","山富","01/08","80.2","-0.2","-0.25","年","0.867","0","1.2","0.8","0.8","0","0","0","3","2",""
="2745","五福","01/08","108","-0.5","-0.46","年","1.407","0.297","1.764","0.3","0.3","0","0","0","3.5","6.5",""
="2748","雲品","01/08","42.5","+0.15","+0.35","年","1.752","2.5","2.75","2.75","1","1","0.5","1.266","2","2",""
="2752","豆府","01/08","205.5","-1","-0.48","年","8.714","","","5","5.2","9","4.5","10","13.3","14",""
="2754","亞洲藏壽司","01/08","84.1","-0.1","-0.12","年","0.798","","","0.34","0.5","0.499","0.45","1.5","1.5","0.8",""
="2755","揚秦","01/08","120","0","0","年","2.199","","","2.22","1","2","2","1.6","3.6","2.97",""
="2801","彰銀","01/08","20.5","+0.05","+0.24","年","0.486","0.42","0.45","0.64","0.4","0.36","0.5","0.55","0.55","0.5",""
="2812","台中銀","01/08","20.8","+0.05","+0.24","年","0.349","0.55","0.45","0.28","0.28","0.24","0.25","0.3","0.4","0.39",""
="2816","旺旺保","01/08","28.85","+0.05","+0.17","年","0.642","0","0.7","0.9","0.88","0.8","1","0","0","1.5",""
="2820","華票","01/08","16.4","-0.05","-0.3","年","0.76","0.84","0.71","0.79","0.72","0.87","0.9","0.5","0.73","0.78",""
="2832","台產","01/08","50","+0.15","+0.3","年","1.117","0.9","1.1","0.9","1","1.1","0.75","1","1.3","2",""
="2834","臺企銀","01/08","16.15","+0.1","+0.62","年","0.174","0.102","0.268","0.3","0.2","0.1","0.1","0.1","0.2","0.2",""
="2836","高雄銀","01/08","12.15","0","0","年","0.286","0.6","0.13","0.11","","0.45","0.4","0","0.3","0.3",""
"2836A","高雄銀甲特","01/08","23.8","0","0","年","0.769","","","","","","0.752","0.775","0.775","0.775",""
="2838","聯邦銀","01/08","19","-0.05","-0.26","年","0.194","0.45","0.4","0","0.1","0","0.15","0.1","0.2","0.35",""
"2838A","聯邦銀甲特","01/08","54.5","-0.1","-0.18","年","2.205","","0.454","2.4","2.4","2.4","2.4","2.4","2.559","2.631",""
="2845","遠東銀","01/08","12.8","-0.05","-0.39","年","0.439","0.42","0.439","0.45","0.468","0.326","0.43","0.409","0.506","0.5",""
="2849","安泰銀","01/08","13.45","0","0","年","0.617","0.6","0.6","1","0.73","0.73","0.73","0.4","0.38","0.38",""
="2850","新產","01/08","116","+0.5","+0.43","年","3.068","1.51","1.82","2.65","1.8","1.95","3.2","2.54","4.99","7.15",""
="2851","中再保","01/08","26.6","+0.1","+0.38","年","1.078","0.5","1","0.9","0.9","1.3","1.8","0","1.4","1.9",""
="2852","第一保","01/08","27.7","0","0","年","0.912","0.65","0.6","0.49","0.96","0.35","1.21","0.72","1.13","2.1",""
="2855","統一證","01/08","26.8","+1.7","+6.77","年","1.011","0","1.2","0.699","1","1.5","1.89","0.39","1.32","1.1",""
="2867","三商壽","01/08","7.8","-0.05","-0.64","年","0","0","0","0","0","0","0","0","0","0",""
="2880","華南金","01/08","31.5","+0.05","+0.16","年","0.71","0.7","0.5","0.545","0.56","0.265","0.78","0.59","1.2","1.25",""
="2881","富邦金","01/08","97","+0.9","+0.94","年","2.561","2","2.3","2","2","3","3.5","1.5","2.5","4.25",""
"2881A","富邦特","01/08","63.4","0","0","年","2.431","1.707","2.46","2.46","2.46","2.46","2.46","2.46","2.661","2.749",""
"2881B","富邦金乙特","01/08","62","+0.4","+0.65","年","2.097","","","1.722","2.16","2.16","2.16","2.16","2.16","2.16",""
"2881C","富邦金丙特","01/08","53.3","0","0","年","1.433","","","","","","0.33","1.8","1.8","1.8",""
="2882","國泰金","01/08","76.4","+0.8","+1.06","年","2.267","2","2.5","1.5","2","2.5","3.5","0.9","2","3.5",""
"2882A","國泰特","01/08","60.9","+0.2","+0.33","年","2.072","0.15","2.28","2.28","2.28","2.28","2.28","2.28","2.296","2.526",""
"2882B","國泰金乙特","01/08","60.3","+0.3","+0.5","年","1.982","","","1.097","2.13","2.13","2.13","2.13","2.13","2.13",""
="2883","凱基金","01/08","17.6","+0.15","+0.86","年","0.544","0.5","0.6","0.3","0.6","0.55","1","0","0.501","0.85",""
"2883B","凱基金乙特","01/08","7.86","-0.01","-0.13","年","0.178","","","","","","0.002","0","0.355","0.355",""
="2884","玉山金","01/08","32.8","-0.45","-1.35","年","0.719","0.491","0.613","0.71","0.791","0.61","0.67","0.189","1.2","1.2",""
="2885","元大金","01/08","41.1","+0.9","+2.24","年","0.967","0.448","0.556","0.9","0.65","1.2","1.5","0.8","1.1","1.55",""
="2886","兆豐金","01/08","40.45","+0.1","+0.25","年","1.516","1.42","1.5","1.7","1.7","1.58","1.4","1.24","1.5","1.6",""
="2887","台新新光金","01/08","20.75","-0.1","-0.48","年","0.59","0.525","0.542","0.508","0.566","0.555","0.605","0.51","0.6","0.9",""
"2887E","台新新光戊特一","01/08","50.1","+0.25","+0.5","年","2.121","0.026","2.375","2.375","2.375","2.375","2.375","2.375","2.376","2.436",""
"2887F","台新新光戊特二","01/08","47.3","+0.05","+0.11","年","1.652","","","0.167","1.9","1.9","1.9","1.9","1.9","1.9",""
"2887Z1","台新新光己特","01/08","16.55","+0.05","+0.3","年","0.533","","","","","","","0.293","0.653","0.653",""
="2889","國票金","01/08","16.7","+0.15","+0.91","年","0.514","0.546","0.65","0.45","0.652","0.65","0.65","0","0.73","0.3",""
="2890","永豐金","01/08","29.2","+0.25","+0.86","年","0.66","0.344","0.5","0.636","0.7","0.7","0.8","0.6","0.75","0.91",""
="2891","中信金","01/08","49.35","0","0","年","1.276","1","1.08","1","1","1.05","1.25","1","1.8","2.3",""
"2891B","中信金乙特","01/08","63.8","0","0","年","1.975","","0.043","2.25","2.25","2.25","2.25","2.25","2.25","2.26",""
"2891C","中信金丙特","01/08","60.2","0","0","年","1.839","","","","1.436","1.92","1.92","1.92","1.92","1.92",""
="2892","第一金","01/08","29.65","-0.1","-0.34","年","0.961","1.2","0.9","1","1.05","0.9","1","0.8","0.85","0.95",""
="2897","王道銀行","01/08","9.16","+0.02","+0.22","年","0.33","0.45","0.3","0","0.401","0.2","0.3","0.38","0.441","0.5",""
"2897B","王道銀乙特","01/08","11.85","+0.05","+0.42","年","0.145","","","","","","","","","0.145",""
="2901","欣欣","01/08","24.75","+0.25","+1.02","年","0.307","0.381","0.406","0.387","0.404","0.175","0.065","0.211","0.361","0.371",""
="2903","遠百","01/08","22.25","+0.15","+0.68","年","1.044","0.7","1","0.85","0.8","1.1","0.9","1.1","1.6","1.35",""
="2904","匯僑","01/08","17.05","0","0","年","1.196","1.35","1.2","1.514","1.65","2","0.8","0.65","0.6","1",""
="2905","三商","01/08","15.7","0","0","年","0.611","0.7","0.8","0.5","1","1","1","0","0.2","0.303",""
="2906","高林","01/08","12.5","-0.05","-0.4","年","0.444","0.4","0.4","0.4","0.3","0.3","0.4","0.6","0.6","0.6",""
="2908","特力","01/08","20.2","+0.05","+0.25","年","1.045","1.08","1.2","1.304","0.71","1.07","1.28","1.28","0.583","0.9",""
="2910","統領","01/08","20.8","+0.1","+0.48","年","0.388","0.5","0","0","0.7","0.5","0.5","0","0.34","0.95",""
="2911","麗嬰房","01/08","5.29","-0.04","-0.75","年","0.057","0","0.515","0","0","0","0","0","0","0",""
="2912","統一超","01/08","218.5","-1.5","-0.68","年","10.64","8","25","8.8","9","9","9","9","9","9",""
="2913","農林","01/08","13.35","0","0","年","0.143","0.5","0.487","0.3","0","0","0","0","0","0",""
="2915","潤泰全","01/08","52.5","-1.5","-2.78","年","3.254","0.79","4","5.5","5","2","5","2","2.5","2.5",""
="2916","滿心","01/08","48.85","+0.05","+0.1","年","2.078","0.7","1.2","1.4","1.1","1.5","2.2","3","4","3.6",""
="2923","鼎固-KY","01/08","20","0","0","年","0.79","0.36","0.36","0.72","2.23","1.2","1.2","0.6","0.2","0.24",""
="2924","宏太-KY","01/08","20","+0.95","+4.99","年","0.056","0.5","0","0","0","0","0","0","0","0",""
="2926","誠品生活","01/08","37.8","-0.45","-1.18","年","3.031","7.68","7.56","6.8","4.2","0.84","0","0","0","0.2",""
="2929","淘帝-KY","01/08","7.75","-0.05","-0.64","年","1.262","3.23","4.83","3.128","0.171","0","0","0","0","0",""
="2937","集雅社","01/08","43.5","-0.05","-0.11","年","1.337","0.456","0.6","0.7","1.55","1.2","2.246","1.281","2","2",""
="2941","米斯特","01/08","43","-0.25","-0.58","年","1.876","","0","","","","0","3","3.182","3.2",""
="2945","三商家購","01/08","37.5","-0.4","-1.06","年","1.74","","","2.79","0.635","2.729","2.593","0.73","1.2","1.5",""
="2948","寶陞","01/08","38.5","0","0","年","2.484","","","","","2","3","3","2.6","1.82",""
="2949","欣新網","01/08","67.5","+0.7","+1.05","年","1.275","","","","","","","0.824","2","1",""
="3002","歐格","01/08","23.7","-1.05","-4.24","年","0.277","0.5","0.25","0","0.47","0.102","0","0.15","0.32","0.698",""
="3003","健和興","01/08","46.3","-0.7","-1.49","年","1.644","1.5","1.8","1.8","1","1.2","2","2","1.5","2",""
="3004","豐達科","01/08","110.5","-2","-1.78","年","1.743","1.5","2","2.5","2.67","0.5","0","1.02","2.484","3.01",""
="3005","神基","01/08","114.5","-1","-0.87","年","3.692","2.998","2.498","2.998","2.796","3.587","3.59","3.784","4.994","5.986",""
="3006","晶豪科","01/08","146.5","0","0","年","2.174","1.425","2.241","1.5","1","2","8","1.8","0.6","1",""
="3010","華立","01/08","108.5","-2.5","-2.25","年","4.439","2.6","3.3","3.2","3.3","4.4","6.8","6.1","4.95","5.3",""
="3011","今皓","01/08","14.2","-0.25","-1.73","年","0","0","0","0","0","0","0","0","0","0",""
="3013","晟銘電","01/08","123","-3","-2.38","年","0.354","0.5","0.5","0.3","0.3","0.3","0","0.3","0.386","0.6",""
="3014","聯陽","01/08","116.5","-0.5","-0.43","年","5.493","2.935","2.501","2.7","3.3","6","9","6","8","9",""
="3015","全漢","01/08","51.1","-1","-1.92","年","2.454","1.5","1.5","1.25","1.54","3","3.3","3.8","3.2","3",""
="3016","嘉晶","01/08","60","+0.6","+1.01","年","0.687","0","0.5","1","0.247","0.25","1.185","2","0.5","0.5",""
="3017","奇鋐","01/08","1355","-20","-1.45","年","3.754","1.2","1.3","1","1.3","2.8","4.3","4.996","6.957","9.93",""
="3018","隆銘綠能","01/08","11.4","0","0","年","0","0","0","0","0","0","0","0","0","0",""
="3019","亞光","01/08","142.5","-5.5","-3.72","年","2.144","1","1.6","2.3","2","1","3.7","1.9","1.8","4",""
="3021","鴻名","01/08","17.85","-0.2","-1.11","年","0.546","0.7","0.75","0.75","0.408","0.7","0.3","0.7","0.3","0.303",""
="3022","威強電","01/08","64.5","+0.5","+0.78","年","2.5","3","0.5","1.5","1.004","2","3","3.5","3.5","4.5",""
="3023","信邦","01/08","188.5","-4.5","-2.33","年","6.559","3.7","4","4.477","5.3","6.288","6.958","8.461","9.599","10.25",""
="3024","憶聲","01/08","11.4","-0.25","-2.15","年","0.184","0","0","0.32","0.22","0.1","0.3","0.22","0.1","0.4",""
="3025","星通","01/08","70.8","-0.1","-0.14","年","1.098","0.27","0.128","0","0.58","1","0.4","1","3.2","3.3",""
="3026","禾伸堂","01/08","104.5","-1.5","-1.42","年","6.256","2.5","5.3","9","7","8","9","5","5","5.5",""
="3027","盛達","01/08","25.9","+1.35","+5.5","年","0.071","0.01","0","0","0","0","0","0.258","0.37","0",""
="3028","增你強","01/08","39.8","-2.6","-6.13","年","2.038","1.5","1.82","1.7","1","1.9","3.438","2.914","1.967","2.1",""
="3029","零壹","01/08","112.5","+1","+0.9","年","2.801","1.2","1.3","1.497","2.01","3.001","3.603","3.598","4","5",""
="3030","德律","01/08","169.5","-3.5","-2.02","年","3.6","3","3","3.7","3.3","3.3","3.3","4.5","3.3","5",""
="3031","佰鴻","01/08","19.5","-0.45","-2.26","年","0.827","0.8","0.85","0.52","0.823","0.8","1","0.85","0.8","1",""
="3032","偉訓","01/08","74.6","-2.1","-2.74","年","2.426","2.2","2","2.25","2.036","3.1","2","2.018","3.5","2.726",""
="3033","威健","01/08","31.5","-1.25","-3.82","年","1.706","1.064","1.307","1.021","0.578","1.333","3.007","3.067","1.895","2.084",""
="3034","聯詠","01/08","385","-17","-4.23","年","21.94","7","7.1","8.8","10.5","15.6","51.5","37","32","28",""
="3035","智原","01/08","170.5","-6.5","-3.67","年","2.466","1","2.7","0.8","1.1","1","3.3","5","4.293","3",""
="3036","文曄","01/08","145.5","-2","-1.36","年","3.295","2.4","2.5","2.351","2.089","3.203","5.015","4.298","1.799","5.998",""
"3036A","文曄甲特","01/08","51.5","+0.1","+0.19","年","1.685","","","","","0.426","2","2","2","2",""
="3037","欣興","01/08","227.5","+1.5","+0.66","年","2.219","0.298","0.498","0.8","1.092","1.393","3.4","7.993","3","1.5",""
="3038","全台","01/08","23.4","-0.6","-2.5","年","1.069","0.409","0.408","0.5","1.2","1.2","1.2","1.6","1.6","1.5",""
="3040","遠見","01/08","54.5","+2.5","+4.81","年","3.244","5","9","2","1.5","5.7","2","2","1","1",""
="3043","科風","01/08","21.5","-0.1","-0.46","年","0","0","0","0","0","0","0","0","0","0",""
="3044","健鼎","01/08","317","-0.5","-0.16","年","6.917","4.25","5.25","5.9","7.25","7.35","7","7.45","7.5","10.3",""
="3045","台灣大","01/08","107","0","0","年","4.8","5.6","5.6","5.549","4.75","4.3","4.3","4.3","4.3","4.5",""
="3046","建碁","01/08","54.5","+3","+5.83","年","0.722","0","0","0.3","0","0","0","1.5","2","2.7",""
="3047","訊舟","01/08","17.85","-0.55","-2.99","年","0.246","0.5","0","0","0.15","0.29","0","0.977","0","0.299",""
="3048","益登","01/08","41.55","-1.75","-4.04","年","1.278","0.5","1","0.7","1","1.9","3.4","2","1","0",""
="3050","鈺德","01/08","13.6","0","0","年","0.489","0.3","0.6","0.3","0.5","0.6","0.6","0.5","0.5","0.5",""
="3051","力特","01/08","20.85","+0.6","+2.96","年","0.413","0","0","0","0","0","0","1.2","1","1.518",""
="3052","夆典","01/08","11.85","0","0","年","0.429","0.3","0.7","0","0.506","0.8","0.252","0.4","0.4","0.5",""
="3055","蔚華科","01/08","70","-1.9","-2.64","年","0.714","0.819","0.8","1","0.4","0.2","0.2","0.999","1.011","1",""
="3056","富華新","01/08","17.85","-0.05","-0.28","年","2.379","2.5","2","1.5","3","4.4","1.5","4.1","0.41","2",""
="3057","喬鼎","01/08","22.65","-0.25","-1.09","年","0","0","0","0","0","0","0","0","0","0",""
="3058","立德","01/08","9.61","+0.34","+3.67","年","0.106","0.5","0","0.203","0.102","0.15","0","0","0","0",""
="3059","華晶科","01/08","40.2","-0.8","-1.95","年","0.688","0.801","0.493","0.497","0.521","0.497","0.688","1","0.7","1",""
="3060","銘異","01/08","36.55","+0.2","+0.55","年","0.444","1.5","0.6","0","0","0","1","0.3","0.25","0.35",""
="3062","建漢","01/08","23.25","-0.55","-2.31","年","0.211","0.8","0.35","0.4","0.15","0.15","0.05","0","0","0",""
="3064","泰偉","01/08","48.3","0","0","年","0","0","0","0","0","0","0","0","0","0",""
="3066","李洲","01/08","13.75","+0.3","+2.23","年","0","0","0","0","0","0","0","0","0","0",""
="3067","全域","01/08","18.75","+0.05","+0.27","年","0","0","0","0","0","0","0","0","0","0",""
="3071","協禧","01/08","22.8","-0.75","-3.18","年","1.15","0","0.9","1.2","1.546","1.597","1.6","1.664","1.03","0.81",""
="3073","天方能源","01/08","29.9","-0.05","-0.17","年","0","0","0","0","0","0","0","0","0","0",""
="3078","僑威","01/08","67.6","-1.3","-1.89","年","2.711","2.35","1.75","1.45","1.3","3.15","3.25","2.35","4.8","4",""
="3081","聯亞","01/08","627","+5","+0.8","年","3.889","8","5","5.001","4","5","3.5","3.5","0.5","0.5",""
="3083","網龍","01/08","34.55","+0.5","+1.47","年","0","0","0","0","0","0","0","0","0","0",""
="3085","新零售","01/08","12.95","-0.05","-0.38","年","0","0","0","0","0","0","0","0","0","0",""
="3086","華義","01/08","206","-7.5","-3.51","年","0.361","0","0","0","0","0","2","0.6","0.5","0.15",""
="3088","艾訊","01/08","78.9","+0.9","+1.15","年","3.736","3.65","5.528","3.749","3.975","2.57","3.043","2.483","4.293","4.332",""
="3090","日電貿","01/08","99.7","-5.3","-5.05","年","3.856","2","2.5","6.5","3.5","3.1","4","5.5","3.4","4.2",""
="3092","鴻碩","01/08","28.5","+1","+3.64","年","1.653","2","4","4.5","2.5","1.376","0","0.5","0","0",""
="3093","港建*","01/08","25.25","-0.05","-0.2","年","2.406","1.82","0.55","1.3","1.6","4.2","6.3","3","1.8","1.08",""
="3094","聯傑","01/08","25","-0.85","-3.29","年","0.799","1.1","0.9","0.8","0.824","0.8","0.989","1","0.61","0.17",""
="3095","及成","01/08","31.05","-0.35","-1.11","年","0","0","0","0","0","0","0","0","0","0",""
="3105","穩懋","01/08","197.5","+11.5","+6.18","年","5","4.5","7","4.997","7","10","8.001","2.5","0","1",""
="3114","好德","01/08","26","-0.65","-2.44","年","1.044","0.5","0.6","1.5","1","1.2","0.9","1.3","1.2","1.2",""
="3115","富榮綱","01/08","10.3","-0.1","-0.96","年","0","0","0","0","0","0","0","0","0","0",""
="3118","進階","01/08","32.75","-0.05","-0.15","年","1.644","1.9","1.9","1","1.3","1.6","1.9","1.7","1.7","1.8",""
="3122","笙泉","01/08","21.15","-0.3","-1.4","年","0.345","0.513","0.2","0","0","0","2.153","0.237","0","0",""
="3128","昇銳","01/08","29.3","-0.8","-2.66","年","0.574","0.3","0.4","0.5","0.52","0.55","0.7","1.2","0.8","0.195",""
="3130","一零四","01/08","223","0","0","年","10.85","10.81","9.6","8.51","8.62","7.8","11.16","13.42","13.61","14.14",""
="3131","弘塑","01/08","1830","+5","+0.27","年","13.33","10","10","8","8","11","17","18","16","22",""
="3135","凌航","01/08","92.6","-3.4","-3.54","年","0.781","","","","","","0.5","0.302","1","1.323",""
="3138","耀登","01/08","113.5","+10","+9.66","年","1.842","1","0.62","0.7","1","1.603","3","3.5","2.6","2.558",""
="3141","晶宏","01/08","50.2","-1.1","-2.14","年","1.311","0.567","1.001","1.514","0.401","0.623","4.001","2.668","0.507","0.513",""
="3147","大綜","01/08","166","+3","+1.84","年","2.959","1","1.235","1.7","2.1","2.1","4","4.5","5","5",""
="3150","鈺寶-創","01/08","21.15","-0.45","-2.08","年","0.533","0","0","0","0","0","1.5","1.5","0.8","1",""
="3152","璟德","01/08","141.5","-1","-0.7","年","7.93","10.5","10.9","9.88","8.43","10.8","8","3.59","3.68","5.59",""
="3158","嘉實","01/08","90.3","-0.7","-0.77","年","3.889","2.9","3","2.5","2.5","3.5","4.6","5","5","6",""
="3162","精確","01/08","59.1","-1.6","-2.64","年","0.056","0","0","0","0","0","0","0","0","0.501",""
="3163","波若威","01/08","374","-2","-0.53","年","2.029","2.201","0","0.6","1.159","2.5","1","4.2","3.6","3",""
="3164","景岳","01/08","18.45","+0.4","+2.22","年","0.679","0","0","1.5","0.81","0.7","1.1","0.7","0.5","0.8",""
="3167","大量","01/08","214","0","0","年","2.222","1.5","2.5","3.5","2","3","4","2","0.5","0.999",""
="3168","眾福科","01/08","41.05","+0.15","+0.37","年","2.188","0.5","0.6","1","1.5","1.5","3","5","3.554","3.039",""
="3169","亞信","01/08","94.5","-5.2","-5.22","年","2.933","1","1.8","2","2.1","2.5","5","5.5","3.5","3",""
="3171","炎洲流通","01/08","47","0","0","年","1.345","0.25","0.35","0.505","1.583","1.85","1.57","1","2","3",""
="3176","基亞","01/08","32.2","+0.55","+1.74","年","0","0","0","0","0","0","0","0","0","0",""
="3178","公準","01/08","58.6","-1.9","-3.14","年","1.389","2.35","1","1","0.7","1.2","1","2.5","2.25","0.5",""
="3188","鑫龍騰","01/08","29.95","+0.65","+2.22","年","0.611","0","0","0.5","0.5","0.3","0.5","0.3","1.6","1.8",""
="3189","景碩","01/08","166","-9","-5.14","年","2.331","3","1.5","1.499","1","1","4.5","6.476","1","1",""
="3191","雲嘉南","01/08","18","-0.1","-0.55","年","0","0","0","0","0","0","0","0","0","0",""
="3205","佰研","01/08","50.2","0","0","年","0.623","4","1.605","0","0","0","0","0","0","0",""
="3206","志豐","01/08","31.6","-0.4","-1.25","年","1.822","0.8","1","1.6","2","2","1.8","2.2","2.5","2.5",""
="3207","耀勝","01/08","72.7","-0.3","-0.41","年","0.247","0","0","0","0","0","0","1.327","0.899","0",""
="3209","全科","01/08","31.85","-0.5","-1.55","年","1.793","1.1","0.8","1","1.279","1.4","2.4","3.578","2.098","2.485",""
="3211","順達","01/08","303.5","-10","-3.19","年","6.622","3","2.5","3.5","5","6.5","15.03","6.042","5.529","12.5",""
="3213","茂訊","01/08","103","-0.5","-0.48","年","4.178","3.4","4","2.8","4.2","4.5","3.7","3.6","5.4","6",""
="3217","優群","01/08","155","-1.5","-0.96","年","4.846","2","2.55","3","4.3","5.6","5.6","5.35","6.4","8.813",""
="3218","大學光","01/08","148","+2.5","+1.72","年","3.922","1.15","1.2","1.25","2","4.2","5","6","7","7.5",""
="3219","倚強科","01/08","70.5","-5.2","-6.87","年","0.462","0","0","0","0","0","2.5","1.03","0.365","0.265",""
="3221","台嘉碩","01/08","21.8","-0.55","-2.46","年","0.944","0.999","0.479","0.418","0.2","0.2","2.096","2.501","0.7","0.9",""
="3224","三顧","01/08","45.65","+0.15","+0.33","年","0","0","0","0","0","0","0","0","0","0",""
="3226","龍鋒","01/08","39.95","-0.4","-0.99","年","2.167","2","2","3","3","3.5","2.5","2.5","0.5","0.5",""
="3227","原相","01/08","206.5","-4","-1.9","年","6.097","2.001","4.471","5.271","5.127","8.483","8.998","6.001","4.515","10",""
="3228","金麗科","01/08","121.5","-4","-3.19","年","0.011","0","0","0","0","0","0","0.1","0","0",""
="3229","晟鈦","01/08","23.4","-2.1","-8.24","年","0","0","0","0","0","0","0","0","0","0",""
="3230","錦明","01/08","35.15","-0.2","-0.57","年","0.039","0","0","0","0","0","0","0","0","0.352",""
="3231","緯創","01/08","151","-7.5","-4.73","年","2.142","1.184","1.169","1.488","2.042","2.2","2.2","2.599","2.599","3.799",""
="3232","昱捷","01/08","24","0","0","年","0.322","0","0.1","0.2","0.3","0.3","0.5","0.5","0.5","0.5",""
="3234","光環","01/08","45.2","-0.9","-1.95","年","0.111","1","0","0","0","0","0","0","0","0",""
="3236","千如","01/08","29.7","-1.55","-4.96","年","0.435","0.502","0.5","0.35","0.5","0.65","0.6","0.24","0.22","0.35",""
="3252","海灣","01/08","18.55","-0.45","-2.37","年","0.111","0","0","0.5","0","0","0.5","0","0","0",""
="3257","虹冠電","01/08","67.1","-0.9","-1.32","年","2.398","0.65","0.5","4","2.432","3","5","1","3","2",""
="3259","鑫創","01/08","21.55","-0.5","-2.27","年","0","0","0","0","0","0","0","0","0","0",""
="3264","欣銓","01/08","121","-6","-4.72","年","2.378","1.25","1.649","1.6","1.3","2","2.8","3.5","3.3","4",""
="3265","台星科","01/08","122.5","-0.5","-0.41","年","2.531","0.85","1.3","1.2","1.5","1.229","2.3","5","4.8","4.6",""
="3266","昇陽","01/08","14.15","+0.05","+0.35","年","0.333","0","0","0.5","0.5","0","0","0.5","0.75","0.75",""
="3268","海德威","01/08","16.7","-0.25","-1.47","年","0.2","0","0","0","0","0.5","0.6","0.7","0","0",""
="3272","東碩","01/08","19.8","-0.05","-0.25","年","1.018","1.49","1.35","1","0.8","1.8","1.019","1.7","0","0",""
="3276","宇環","01/08","15.7","+0.4","+2.61","年","0.202","0.5","0.2","0","0","0","0.4","0.5","0.2","0.02",""
="3284","太普高","01/08","20.1","-0.35","-1.71","年","0.349","0.7","1.037","0.3","0","0","0","0.1","0.2","0.8",""
="3285","微端","01/08","28.65","+0.2","+0.7","年","0.579","1","0.464","1.2","0.2","0.35","0","0","1","1",""
="3287","廣寰科","01/08","28.6","+0.15","+0.53","年","0.26","0","0","0","0","0","0","0","0.844","1.5",""
="3288","點晶","01/08","16.1","-0.25","-1.53","年","0","0","0","0","0","0","0","0","0","0",""
="3290","東浦","01/08","45.8","-1.4","-2.97","年","0.485","0.3","0.3","1","0.5","0.2","0.5","0.569","0.995","0",""
="3294","英濟","01/08","37.8","-1.35","-3.45","年","0.271","0.32","0.459","0.23","0.3","0.5","0.254","0","0","0.38",""
="3296","勝德","01/08","23.5","-0.35","-1.47","年","0.3","1.2","0","1","0.274","0.23","0","0","0","0",""
="3297","杭特","01/08","39.85","-0.55","-1.36","年","0.144","0.296","0.5","0","0.5","0","0","0","0","0",""
="3303","岱稜","01/08","44.45","0","0","年","1.625","1.5","0.491","1.6","1.669","1.4","1.45","2","1.75","2.766",""
="3305","昇貿","01/08","108.5","0","0","年","1.725","2.363","1.027","1.027","1.005","1.365","2.498","1.991","2","2.251",""
="3306","鼎天","01/08","48.8","-1.15","-2.3","年","0.822","0.5","0.5","0.5","0.7","0.5","0.8","0.5","1.3","2.1",""
="3308","聯德","01/08","21.45","+0.35","+1.66","年","0","0","0","0","0","0","0","0","0","0",""
="3310","佳穎","01/08","77","-5","-6.1","年","2.542","0.5","1.5","5","2","1.499","2.166","3.022","4.3","2.887",""
="3311","閎暉","01/08","31.45","-0.45","-1.41","年","0.286","0","0","0","0","0","0.47","0.6","1.2","0.3",""
="3312","弘憶股","01/08","42.15","+0.15","+0.36","年","0.867","0","0","0.6","0.6","0","2","2","1.2","1.4",""
="3313","斐成","01/08","14.9","+0.2","+1.36","年","0","0","0","0","0","0","0","0","0","0",""
="3317","尼克森","01/08","44.95","-1.3","-2.81","年","0.622","0","0.5","0.7","1","1","1.2","0.4","0.4","0.4",""
="3321","同泰","01/08","19.35","-0.15","-0.77","年","0","0","0","0","0","0","0","0","0","0",""
="3322","建舜電","01/08","15.4","-0.3","-1.91","年","0.185","0","0","0.245","0","0","0.598","0.6","0.226","0",""
="3323","加百裕","01/08","39.1","-0.75","-1.88","年","1.399","1","2","2.058","1.037","2.5","2","1.5","0","0.5",""
="3324","雙鴻","01/08","945","-33","-3.37","年","5.177","3.551","2.026","1.525","5.043","5.6","6","6.5","6.348","9.999",""
="3325","旭品","01/08","16.5","-0.25","-1.49","年","0.411","0.503","0","0","0.7","2.5","0","0","0","0",""
="3332","幸康","01/08","54.7","-0.3","-0.55","年","1.689","2","3","2.2","0.8","1","1","2.5","1.6","1.1",""
="3338","泰碩","01/08","49.2","-1.1","-2.19","年","1.678","2.197","0.3","1.2","2.086","1.799","1.5","2","2","2.015",""
="3339","泰谷","01/08","25.6","-0.5","-1.92","年","0","0","0","0","0","0","0","0","0","0",""
="3346","麗清","01/08","18.85","-0.15","-0.79","年","1.195","3","2.5","1.496","0","0.153","0.62","0.282","1.498","1.207",""
="3349","寶德","01/08","30.15","-0.4","-1.31","年","0.153","0.2","0","0.202","0","0.172","0.8","0","0","0",""
="3354","律勝","01/08","26.6","-0.5","-1.85","年","0.301","0.113","0.397","0.496","0.5","0.3","0.3","0.2","0.2","0.2",""
="3356","奇偶","01/08","46.7","-0.8","-1.68","年","1.277","0.994","0","0","0","1.001","1.2","1.4","2.9","4",""
="3357","臺慶科","01/08","157","-8.5","-5.14","年","3.978","1.6","1.7","3.2","2.7","4.1","7","6","4.5","5",""
="3360","尚立","01/08","14.1","-0.4","-2.76","年","0.503","1.2","0.4","0.4","0.601","1","0.126","0.8","0","0",""
="3362","先進光","01/08","91.8","-2.3","-2.44","年","0.425","0.3","0.03","0.5","0","0","0","1","1","0.999",""
="3363","上詮","01/08","428.5","+9","+2.15","年","0.822","0.5","1","1.5","0.8","1","1.6","0.5","0.5","0",""
="3372","典範","01/08","22.8","+0.15","+0.66","年","0.166","0","0","0","0","0","0.998","0.5","0","0",""
="3373","熱映","01/08","17.35","-0.15","-0.86","年","1.811","0.5","0.3","0.5","2","10","1.5","0.5","1","0",""
="3374","精材","01/08","174.5","+6.5","+3.87","年","1.444","0","0","0","0","2.5","3","3","2","2.5",""
="3376","新日興","01/08","223","0","0","年","4.608","3","2.5","3.989","3.999","6.983","5","6","4","6",""
="3379","彬台","01/08","49.5","+0.3","+0.61","年","0.172","0","0","0","0","0.3","0.25","0","0.2","0.8",""
="3380","明泰","01/08","31.75","-0.55","-1.7","年","0.998","1.04","1","1","0.441","1","0.8","1.69","1.01","1",""
="3388","崇越電","01/08","61.4","0","0","年","4.29","4","4.603","5.1","3.6","4.3","6","4.41","3.1","3.5",""
="3390","旭軟","01/08","23.65","-0.4","-1.66","年","0.729","1","1","1.1","0.5","0.2","0.38","0.68","0.7","1",""
="3402","漢科","01/08","137.5","+3","+2.23","年","3.154","2","2.45","3","1.532","2.7","3","4.2","4.5","5",""
="3413","京鼎","01/08","279.5","-2","-0.71","年","8.465","4","6","7","3.999","6.983","8.692","13.79","11.3","14.42",""
="3416","融程電","01/08","147.5","-1.5","-1.01","年","3.885","3","2.5","2.6","3","4","4.495","4.764","5.107","5.5",""
="3419","譁裕","01/08","13.7","+0.4","+3.01","年","0.124","0.42","0","0","0","0.5","0","0.2","0","0",""
="3426","台興","01/08","40.8","-1.05","-2.51","年","2.089","2.5","1","2.5","2","2","2","2.3","2","2.5",""
="3430","奇鈦科","01/08","75.3","+6.8","+9.93","年","1.589","0.3","0.8","2.75","0.45","0.5","2","3","2","2.5",""
="3432","台端","01/08","14.05","-0.05","-0.35","年","0.406","0.1","2","0.5","0.3","0.25","0.5","0","0","0",""
="3434","哲固","01/08","30","+0.2","+0.67","年","0.254","0.55","0","0.3","0.3","0","0.2","0.346","0.15","0.443",""
="3437","榮創","01/08","15.45","0","0","年","0.156","0.35","0.6","0","0","0","0.45","0","0","0",""
="3438","類比科","01/08","54.4","-1.2","-2.16","年","0.944","0","0","0","0","1.5","3.6","1.4","0.5","1.5",""
="3441","聯一光","01/08","37.05","+0.35","+0.95","年","1.117","1.2","1.5","1.5","2.1","0.5","0.5","1.5","0.5","0.75",""
="3443","創意","01/08","2450","-40","-1.61","年","8.278","3.5","5","5","5","5","7","14","14","16",""
="3444","利機","01/08","73.5","+1","+1.38","年","1.889","1","1","1","1.8","1.8","2.3","3.8","2.3","2",""
="3447","展達","01/08","48","-1.3","-2.64","年","0.733","0.8","0.2","0","0","1","1.5","2.3","0","0.8",""
="3450","聯鈞","01/08","259.5","+1","+0.39","年","1.967","6.5","3","3","1","1.4","1.8","0.5","0","0.5",""
="3454","晶睿","01/08","98.8","0","0","年","3.194","4.75","4","2.5","2.5","2","1.4","5.5","3.8","2.3",""
="3455","由田","01/08","110","-5.5","-4.76","年","4.339","3.498","2.054","3","3","4","5.5","8.5","5","4.5",""
="3466","德晉","01/08","40.15","-0.5","-1.23","年","0.111","0.5","0","0","0.5","0","0","0","0","0",""
="3467","台灣精材","01/08","44.5","-0.85","-1.87","年","0.708","","","","","","","","0.6","0.816",""
="3479","安勤","01/08","91.5","-1.8","-1.93","年","3.789","3.601","2.604","2.6","4","2.584","2.581","4.94","5.989","5.2",""
="3481","群創","01/08","20.75","-1.4","-6.32","年","0.39","0.1","0.8","0.06","0.1","0.399","1.055","0","0","1",""
="3483","力致","01/08","88.4","-2","-2.21","年","2.157","0.9","0.408","0.1","0.474","2","2.998","3.983","5.05","3.5",""
="3484","崧騰","01/08","47","-0.35","-0.74","年","2.227","2","1.9","1.3","1.4","3.2","4.1","2.5","1.2","2.444",""
="3489","森寶","01/08","22.5","+0.15","+0.67","年","0.344","0.5","0","0.3","0.3","0.3","0.5","0.3","0.4","0.5",""
="3490","單井","01/08","25.2","-0.8","-3.08","年","0.793","0.25","0.5","0.489","0.5","0.7","1.2","1.3","1.2","1",""
="3491","昇達科","01/08","771","+5","+0.65","年","3.949","4","3.85","3.397","3.996","2.5","4","3.957","3.351","6.489",""
="3492","長盛","01/08","26.15","-0.2","-0.76","年","0.846","1.7","1.2","1","0.8","0.28","0.3","1","0.33","1",""
="3494","誠研","01/08","8.5","-0.64","-7","年","0","0","0","0","0","0","0","0","0","0",""
="3498","陽程","01/08","55.6","+5","+9.88","年","0.333","0.5","0.5","0","0","0","0","2","0","0",""
="3499","環天科","01/08","17.55","-0.65","-3.57","年","0.122","0","0.3","0.35","0.45","0","0","0","0","0",""
="3501","維熹","01/08","48.25","-0.15","-0.31","年","3.244","4","3.2","3.5","3","2.5","2","4","3","4",""
="3504","揚明光","01/08","50.5","-0.5","-0.98","年","0.056","0","0","0.5","0","0","0","0","0","0",""
="3508","位速","01/08","23.55","-0.45","-1.88","年","0","0","0","0","0","0","0","0","0","0",""
="3511","矽瑪","01/08","21.1","-0.05","-0.24","年","0.444","0","0","0","0","0.5","1","2.5","0","0",""
="3512","皇龍","01/08","21.4","-0.1","-0.47","年","1.378","0","0","0","0","2","3","3","3.206","1.2",""
="3515","華擎","01/08","242","-0.5","-0.21","年","6.134","2","4","4.001","4","8","13","8.001","6.9","5.301",""
="3516","亞帝歐","01/08","20","-0.1","-0.5","年","0.097","0","0","0","0","0.2","0.2","0.2","0.02","0.25",""
="3518","柏騰","01/08","21.55","-0.35","-1.6","年","0.223","0.51","0","0","0","0","1","0.5","0","0",""
="3520","華盈","01/08","16.2","-0.2","-1.22","年","0.056","0","0","0","0","0","0","0.3","0.1","0.1",""
="3521","鴻翊","01/08","14.25","-0.35","-2.4","年","0","0","0","0","0","0","0","0","0","0",""
="3522","御嵿","01/08","18.1","-0.5","-2.69","年","0","0","0","0","0","0","0","0","0","0",""
="3523","迎輝","01/08","18.25","-0.1","-0.54","年","0","0","0","0","0","0","0","0","0","0",""
="3526","凡甲","01/08","247.5","+2","+0.81","年","8.371","4.8","2.531","5.2","5.348","9.134","11.08","9.4","11.39","16.46",""
="3527","聚積","01/08","55.3","0","0","年","3.657","3.5","2.269","5","4.146","2","8","4","2","2",""
="3528","安馳","01/08","65.6","-0.4","-0.61","年","2.778","2.4","2.3","2.5","2.5","2.9","3.8","4.1","1.5","3",""
="3529","力旺","01/08","1665","-110","-6.2","年","12.44","6.5","7.499","7.998","7","8.999","14","20.5","17.5","22",""
="3530","晶相光","01/08","75.4","-3.6","-4.56","年","1.531","1.484","1.995","1.999","2","2.8","3.499","0","0","0",""
="3531","先益","01/08","21","-0.35","-1.64","年","1.422","1.1","2","1.2","1.8","1","1.2","2","1.7","0.8",""
="3532","台勝科","01/08","113.5","-5.5","-4.62","年","3.747","0.67","2.08","9","3.5","2.15","2.22","7.3","5","1.8",""
="3533","嘉澤","01/08","1405","+60","+4.46","年","16.73","4","5.5","8.7","10.5","13.3","15.92","25.18","25.75","41.72",""
="3535","晶彩科","01/08","94.1","+2.7","+2.95","年","0.278","0","0","0","0.5","0","0.5","1","0","0.5",""
="3537","堡達","01/08","50.1","-1","-1.96","年","2.189","1.2","1.8","2.4","1.5","2.5","3.5","2.5","2","2.3",""
="3540","曜越","01/08","32.6","+0.5","+1.56","年","1.207","1","1.3","1.5","0.776","3.492","1.6","0.298","0.896","0",""
="3541","西柏","01/08","23.9","+0.1","+0.42","年","3.122","4","5","4","5.045","2.016","3.033","5","0","0",""
="3543","州巧","01/08","42.5","-0.7","-1.62","年","0.822","0.6","0.5","0.6","0.8","1.2","1.2","1","1","0.5",""
="3545","敦泰","01/08","52.6","-1.5","-2.77","年","2.722","0.659","0.512","0.52","0.503","3.232","15.84","0.503","0.996","1.736",""
="3546","宇峻","01/08","80","+1.6","+2.04","年","4.067","2.572","3.1","4.3","3.348","4.681","5","5.5","4","4.1",""
="3548","兆利","01/08","88.2","-1","-1.12","年","3.061","3.525","3.021","4.5","2.5","2.5","2","3","4.5","2",""
="3550","聯穎","01/08","14.9","-0.7","-4.49","年","0.644","1.5","1.5","1","0.5","0.5","0.3","0.5","0","0",""
="3551","世禾","01/08","190","-6","-3.06","年","2.289","1","1.2","1.6","1.7","2.2","3.5","3.2","2.8","3.4",""
="3552","同致","01/08","61","-1.1","-1.77","年","2.197","7.472","2","0","0","1.5","2.5","3.5","2","0.8",""
="3556","禾瑞亞","01/08","36.9","+0.2","+0.54","年","3.359","3.7","4.1","3.3","3.3","3.15","5","4.7","0.9","2.08",""
="3557","嘉威","01/08","35.9","+0.2","+0.56","年","2.833","0","0","0","2.35","6.65","6","5","3","2.5",""
="3558","神準","01/08","128","-0.5","-0.39","年","4.967","8","6","6.5","5.2","4","3","5","4","3",""
="3564","其陽","01/08","47.8","-0.85","-1.75","年","0.538","1","0","0","0.6","0.6","0.6","0.8","0.35","0.89",""
="3567","逸昌","01/08","25.65","-0.5","-1.91","年","2.134","2","2.3","2","1.709","2","2.6","2.1","2.7","1.8",""
="3570","大塚","01/08","163.5","-0.5","-0.3","年","5.387","3","1.28","3","5.5","5.2","6","7.5","8","9",""
="3576","聯合再生","01/08","9.43","+0.11","+1.18","年","0.011","0","0","0","0","0","0","0.1","0","0",""
="3577","泓格","01/08","61.2","-0.7","-1.13","年","1.122","1","1.5","0.7","0.7","0.7","1.5","1.5","1","1.5",""
="3580","友威科","01/08","70.1","-2.8","-3.84","年","2.196","0","3","2.1","1.745","1.3","2.1","4.5","2.02","3",""
="3581","博磊","01/08","64.8","-2","-2.99","年","0.789","1","1","0.7","0.7","0.9","1","0.8","0.5","0.5",""
="3583","辛耘","01/08","341.5","-9","-2.57","年","2.774","2.02","2","2.5","2","1.85","2.5","3.6","4","4.5",""
="3587","閎康","01/08","189","-1.5","-0.79","年","5.049","3.5","2.5","3","3","4.5","5","8.075","8.927","6.939",""
="3588","通嘉","01/08","54.2","+4.9","+9.94","年","1.129","1.502","0.501","0.75","1","0.6","3.302","0.907","0.4","1.198",""
="3591","艾笛森","01/08","18.35","-0.05","-0.27","年","0.281","0","0","0.3","0.102","0.319","0.278","0.291","0.5","0.739",""
="3592","瑞鼎","01/08","222","-0.5","-0.22","年","17.88","6.5","5.5","7","8","10.5","45","41","15.2","22.2",""
="3593","力銘","01/08","12.9","-0.1","-0.77","年","0","0","0","0","0","0","0","0","0","0",""
="3594","磐儀","01/08","36.4","-0.55","-1.49","年","0.332","0.201","0.202","0.1","0.097","0.096","0.095","0.8","0.6","0.799",""
="3596","智易","01/08","172","-5.5","-3.1","年","5.368","3.9","2","3.5","4.7","6.499","6.709","6.5","7","7.5",""
="3597","映興","01/08","25.4","0","0","年","1.012","0.507","0.2","1.8","0.85","1.2","1.7","1.7","0.3","0.85",""
="3605","宏致","01/08","60.9","-1.4","-2.25","年","0.658","0.6","0.4","0.7","0.75","0.7","1.5","0.55","0","0.721",""
="3607","谷崧","01/08","14.25","-0.25","-1.72","年","0.689","1.5","0.8","0.5","0","0","1","1","0.7","0.7",""
="3609","三一東林","01/08","39.1","-0.5","-1.26","年","0.244","0","0.2","0.5","0","1.5","0","0","0","0",""
="3611","鼎翰","01/08","200","+0.5","+0.25","年","10.77","10","10","10","10","10","11","12.97","13","9.981",""
="3615","安可","01/08","25.9","-1.2","-4.43","年","0.263","0.1","0.6","0.3","0","0","0.368","0","0.7","0.3",""
="3622","洋華","01/08","63.3","-1.4","-2.16","年","1.144","0","0.3","0.5","0.8","1","1.2","1.5","2","3",""
="3623","富晶通","01/08","27.55","-1.2","-4.17","年","1.076","4","3.186","2.5","0","0","0","0","0","0",""
="3624","光頡","01/08","57.1","-2.9","-4.83","年","1.214","0.5","0.5","1.2","0.7","0.8","2.2","2.6","1.2","1.23",""
="3625","西勝","01/08","19.6","-0.4","-2","年","0.278","0","1","1","0.5","0","0","0","0","0",""
="3628","盈正","01/08","67.5","-1.8","-2.6","年","1.806","3","2.5","1.5","1","1","1.25","2","2","2",""
="3630","新鉅科","01/08","30.05","-1.45","-4.6","年","0","0","0","0","0","0","0","0","0","0",""
="3631","晟楠","01/08","22.9","-0.2","-0.87","年","0.056","0","0","0","0","0","0.5","0","0","0",""
="3632","研勤","01/08","9.33","+0.03","+0.32","年","0","0","0","0","0","0","0","0","0","0",""
="3645","達邁","01/08","52.1","-1","-1.88","年","1.054","1.2","1.5","1.5","0.5","1.499","1.193","0.6","0.3","1.195",""
="3646","艾恩特","01/08","23.75","+0.2","+0.85","年","1.295","0.992","1","0.997","0.85","0.923","1.677","2.07","1.5","1.65",""
="3652","精聯","01/08","28.9","+0.3","+1.05","年","0.492","0.7","0.7","0.7","0.14","0.153","0.415","0.67","0.346","0.6",""
="3653","健策","01/08","2445","-40","-1.61","年","6.727","2","2","3.528","5","6.001","5.997","11.66","9.855","14.5",""
="3661","世芯-KY","01/08","3600","-80","-2.17","年","10.67","0","1.067","1.53","3.451","6.689","11.35","13.06","22.42","36.48",""
="3663","鑫科","01/08","52.7","-2","-3.66","年","0.687","0.6","0.5","0.4","1","0.8","0.9","1","0.587","0.4",""
="3664","安瑞-KY","01/08","17.55","+0.45","+2.63","年","0","0","0","0","0","0","0","0","0","0",""
="3665","貿聯-KY","01/08","1410","-20","-1.4","年","8.476","6.314","6.828","7.5","9","8.025","9.45","9.886","8.781","10.51",""
="3666","光耀","01/08","31.7","+0.2","+0.63","年","0.478","1","1.3","0","0","2","0","0","0","0",""
="3669","圓展","01/08","39.5","+0.8","+2.07","年","1.717","0.88","0.399","0.4","0.5","5","3.8","1.43","1.34","1.7",""
="3672","康聯訊","01/08","12","-0.1","-0.83","年","0.308","1.22","0.6","0.3","0.205","0.25","0.1","0.1","0","0",""
="3673","TPK-KY","01/08","41.15","-1.2","-2.83","年","0.756","0","3","0","0","1","1.5","0.5","0","0.8",""
="3675","德微","01/08","134","-4","-2.9","年","3.479","3.46","2","2","1.3","2","5","5.4","5","5.15",""
="3679","新至陞","01/08","116","+2.5","+2.2","年","7.512","8","6.11","3","4","10","9","10","7.5","10",""
="3684","榮昌","01/08","60.9","0","0","年","2.087","2.5","2.7","1.535","2.15","1.5","3","2.3","0.8","2.3",""
="3685","元創精密","01/08","39.25","-0.55","-1.38","年","0.156","0","0.4","0.603","0.2","0.2","0","0","0","0",""
="3686","達能","01/08","18.2","-0.65","-3.45","年","0","0","0","0","0","0","0","0","0","0",""
="3687","歐買尬","01/08","81.4","-0.7","-0.85","年","0.723","0","0","0","0.069","0.598","1.2","1.5","1.574","1.563",""
="3689","湧德","01/08","123","+1","+0.82","年","1.87","1.6","2.3","1.2","0.5","1.3","2.292","2.27","2.446","2.922",""
="3691","碩禾","01/08","77.7","+0.6","+0.78","年","2.658","15.19","5","0","2","1.734","0","0","0","0",""
="3693","營邦","01/08","355.5","+32","+9.89","年","3.578","3.001","0","0","0","0.7","1.5","6","10","11",""
="3694","海華","01/08","58.1","-1.6","-2.68","年","0.275","0","0","0","0","0","0","0","1","1.477",""
="3701","大眾控","01/08","50.6","+0.1","+0.2","年","0.155","0","0","0","0","0","0","0.494","0.7","0.2",""
="3702","大聯大","01/08","63.5","+2.2","+3.59","年","2.993","2.289","2.4","2.7","2.4","3.1","3.5","3.85","3.5","3.2",""
="3703","欣陸","01/08","22.35","+0.15","+0.68","年","1.181","0.5","0.6","0.9","0.5","1.4","1.68","2.5","1.5","1.05",""
="3704","合勤控","01/08","32.95","-0.4","-1.2","年","0.471","0.2","0","0","0","0.499","0.509","1.238","1.495","0.299",""
="3705","永信","01/08","57.3","+0.8","+1.42","年","2.133","1.5","2","2.2","2.2","2","1.7","2.3","2.3","3",""
="3706","神達","01/08","92","-0.1","-0.11","年","1.433","2.497","1.298","1.5","1","1","2","1.3","1.3","1",""
="3707","漢磊","01/08","56.6","+0.4","+0.71","年","0.166","0","0","0.15","0","0","0.347","1","0","0",""
="3709","鑫聯大投控","01/08","63.9","+2.7","+4.41","年","1.038","","0.8","0.7","1","1.4","1.6","1","0.8","1",""
="3710","連展投控","01/08","5.67","-0.14","-2.41","年","0","","0","0","0","0","0","0","0","0",""
="3711","日月光投控","01/08","273.5","-1.5","-0.55","年","4.684","","2.499","2.499","1.998","4.191","6.996","8.793","5.202","5.296",""
="3712","永崴投控","01/08","24.3","-0.5","-2.02","年","1.714","","","2.5","0","1","1.5","2","2","3",""
="3713","新晶投控","01/08","21.1","-1.1","-4.95","年","0","","","","","0","0","0","0","0",""
="3714","富采","01/08","35.35","-1.2","-3.28","年","0.764","","","","","0","2","0","0.918","0.9",""
="3715","定穎投控","01/08","127","+10","+8.55","年","1.267","","","","","","","0.8","1.5","1.5",""
="3716","中化控股","01/08","33.45","0","0","年","1.017","","","","","","","","","1.017",""
="4102","永日","01/08","19.95","-0.25","-1.24","年","0.328","0","0","0","0","0.1","0.1","0.8","0.8","1.15",""
="4104","佳醫","01/08","79.1","0","0","年","3.316","2.497","2.793","3","3.3","3.5","3.5","3.65","3.8","3.8",""
="4105","東洋","01/08","82","+0.7","+0.86","年","3.878","3.8","4.5","4.5","4","4","3","3.4","3.5","4.2",""
="4106","雃博","01/08","22.15","+0.15","+0.68","年","0.694","0.8","0.8","0.65","0.45","0.55","0.55","0.85","0.8","0.8",""
="4107","邦特","01/08","121.5","-1","-0.82","年","4.111","3","3.5","4","4","4","4.5","4.5","4.5","5",""
="4108","懷特","01/08","13.75","-0.1","-0.72","年","0","0","0","0","0","0","0","0","0","0",""
="4109","加捷生醫","01/08","14.6","-0.2","-1.35","年","0.12","0.08","0","0","0","0","0","0","0.5","0.5",""
="4111","濟生","01/08","29.2","+0.25","+0.86","年","0.933","0.8","0.8","0.6","1","1","1","1.2","1","1",""
="4113","聯上","01/08","23.3","+0.45","+1.97","年","0.233","0.128","0.112","0.304","0","0.3","0.4","0","0","0.85",""
="4114","健喬","01/08","33","+0.05","+0.15","年","0.372","0.2","0.2","0.199","0.184","0.302","0.507","0.557","0.6","0.599",""
="4116","明基醫","01/08","44.7","+0.45","+1.02","年","1.294","0.696","1","1.35","1.35","1","0.5","2.1","2","1.65",""
="4119","旭富","01/08","49.15","+0.35","+0.72","年","2.206","4.2","2.15","4.2","5.8","0.5","0","0.25","1.25","1.5",""
="4120","友華","01/08","44.4","-0.6","-1.33","年","1.361","1.8","2.5","1.8","1.8","1.5","0.85","0","1","1",""
="4121","優盛","01/08","15.2","-0.05","-0.33","年","0.502","0","0.3","0.1","0.2","1.129","1.092","1.2","0.5","0",""
="4123","晟德","01/08","40.25","+0.85","+2.16","年","1.384","0","2.414","1.499","1.427","1.496","2.433","0.992","1.431","0.76",""
="4126","太醫","01/08","83","+0.7","+0.85","年","3.878","2.5","2.5","3.2","4","4.2","4.5","4.2","4.8","5",""
="4127","天良","01/08","30.9","+0.8","+2.66","年","0.056","0","0","0","0","0","0","0","0.5","0",""
="4128","中天","01/08","19.35","+0.4","+2.11","年","0.009","0","0","0","0","0","0.04","0.04","0","0",""
="4129","聯合","01/08","114","+0.5","+0.44","年","1.843","1.388","1.26","2","0.821","0.837","0","2.275","4.003","4",""
="4130","健亞","01/08","32.9","+0.9","+2.81","年","0.345","0.352","0.8","0.3","0.465","0.41","0.35","0.175","0.15","0.1",""
="4131","浩泰","01/08","40.4","0","0","年","0","0","0","0","0","0","0","0","0","0",""
="4133","亞諾法","01/08","22.65","+0.15","+0.67","年","0.598","0.4","0.8","0.6","0.1","0.6","0.46","0.8","0.72","0.9",""
="4138","曜亞","01/08","59.3","+0.3","+0.51","年","3.857","3.56","3.4","3.15","3.35","3.5","3.7","3.15","6.75","4.15",""
="4139","馬光-KY","01/08","25.15","-0.35","-1.37","年","0.318","0","0","0","1.26","1.6","0","0","0","0",""
="4142","國光生","01/08","19.6","+0.25","+1.29","年","0.056","0","0","0","0","0.5","0","0","0","0",""
="4147","中裕","01/08","62.6","+2.2","+3.64","年","0","0","0","0","0","0","0","0","0","0",""
="4153","鈺緯","01/08","34.9","-0.45","-1.27","年","0.707","0","0","1.48","0","0.26","0.37","1","1.25","2",""
="4154","樂威科-KY","01/08","14","-0.05","-0.36","年","0","0","0","0","0","0","0","0","0","0",""
="4155","訊映","01/08","14.45","+0.05","+0.35","年","1.219","1.55","1.52","2.25","1.435","1.389","1","1.229","0.3","0.3",""
="4157","太景*-KY","01/08","15.6","+0.75","+5.05","年","0","0","0","0","0","0","0","0","0","0",""
="4160","訊聯基因","01/08","50.2","+0.25","+0.5","年","0.537","0","0.405","0.627","0.679","0","0.291","0.478","0.506","1.847",""
="4161","聿新科","01/08","24.85","+0.1","+0.4","年","0.413","1.019","0","0.5","0.6","0.3","0.3","0","0.7","0.3",""
="4162","智擎","01/08","73.1","+1","+1.39","年","2.304","2.499","2","1","0.5","2.535","2.7","2","1.5","6",""
="4163","鐿鈦","01/08","92","-0.2","-0.22","年","3.867","6","2.3","4.5","5","3.5","2.5","4","3.5","3.5",""
="4164","承業醫","01/08","37.05","+1.95","+5.56","年","1.693","1.004","1.1","1.794","1.997","2.007","2.005","1.968","2.005","1.357",""
="4166","友霖","01/08","28.1","+0.35","+1.26","年","0","0","0","0","0","0","0","0","","0",""
="4167","松瑞藥","01/08","18.35","+0.9","+5.16","年","0.081","0","0","0","0","0.133","0","0.103","0.085","0.409",""
="4168","醣聯","01/08","25.85","+0.2","+0.78","年","0","0","0","0","0","0","0","0","0","0",""
="4171","瑞基","01/08","18.25","-0.15","-0.82","年","1.116","0","0","0","0","3.54","5","1.5","0","0",""
="4173","久裕","01/08","21.75","+0.75","+3.57","年","0.699","0.536","0.3","1.039","0.598","0.56","0.5","0.65","0.92","1.188",""
="4174","浩鼎","01/08","27.2","+0.7","+2.64","年","0","0","0","0","0","0","0","0","0","0",""
="4175","杏一","01/08","58.1","-0.4","-0.68","年","2.358","3.2","2.6","2.3","3.6","1.982","1.599","2.745","1.599","1.6",""
="4183","福永生技","01/08","16.8","+0.05","+0.3","年","0.761","0.8","0.3","0.7","0.7","1.2","0.7","0.98","0.8","0.67",""
="4188","安克","01/08","14.7","+0.1","+0.68","年","0","0","0","0","0","0","0","0","0","0",""
="4190","佐登-KY","01/08","29.85","+0.05","+0.17","年","2.5","3.5","2.5","4.5","4","2","3.5","0.991","1.005","0.5",""
="4192","杏國","01/08","24.5","+0.5","+2.08","年","0","0","0","0","0","0","0","0","0","0",""
="4198","欣大健康","01/08","31.6","+1.1","+3.61","年","0","0","0","0","0","0","0","0","0","0",""
="4205","中華食","01/08","80.5","-0.4","-0.49","年","2.589","1.5","3","2.8","3","2","3","3","3","2",""
="4207","環泰","01/08","18.35","-0.05","-0.27","年","0.475","0","0.8","0.3","0.373","0.65","0.4","0.35","0.4","1",""
="4303","信立","01/08","62.5","+2.3","+3.82","年","3.996","0","30","1.2","1.2","0.3","1.1","0","1.164","1",""
="4304","勝昱","01/08","32.5","0","0","年","0","0","0","0","0","0","0","0","0","0",""
="4305","世坤","01/08","41.9","0","0","年","2.311","2.4","2.4","2.6","2.1","1.8","1.8","2","2.5","3.2",""
="4306","炎洲","01/08","14.3","-0.05","-0.35","年","0.695","0.3","0.597","0.495","0.305","0.597","1","0.979","0.981","1",""
="4401","東隆興","01/08","16.35","+0.25","+1.55","年","1.556","3.6","3","2","1.2","1","1.3","0.7","0.5","0.7",""
="4402","郡都開發","01/08","20.15","+0.15","+0.75","年","0","0","0","0","0","0","0","0","0","0",""
="4406","新昕纖","01/08","10","-0.2","-1.96","年","0","0","0","0","0","0","0","0","0","0",""
="4413","飛寶企業","01/08","17.6","-0.05","-0.28","年","0.122","0","0","0","0","0","0","0.5","0.4","0.2",""
="4416","三圓","01/08","30.2","+0.2","+0.67","年","1.685","2","2","2","1","0","4.963","2","0.199","1",""
="4417","金洲","01/08","52.7","-0.3","-0.57","年","2.311","2.2","1.8","2.5","2","2.5","2.1","2.9","2","2.8",""
="4419","皇家美食","01/08","46.15","+0.1","+0.22","年","0","0","0","0","0","0","0","0","0","0",""
="4426","利勤","01/08","9.14","+0.01","+0.11","年","0.204","0.6","0.4","0.36","0.48","0","0","0","0","0",""
="4430","耀億","01/08","17.35","0","0","年","0.833","1","1","1.5","1.5","0.5","0.5","0.5","0.5","0.5",""
="4432","銘旺實","01/08","16.35","-0.35","-2.1","年","0.72","2.4","0.93","1.16","0","0","0","0.3","0.69","1",""
="4433","興采","01/08","20.05","-0.15","-0.74","年","1.073","1.024","0.5","0.881","0.992","2","0.765","1.496","1","1",""
="4438","廣越","01/08","73","-0.2","-0.27","年","5.209","6.2","4.56","6","7.5","3.2","4.2","6.8","5.2","3.224",""
="4439","冠星-KY","01/08","101","0","0","年","4.577","","","0","8.039","6.5","4.5","7","4","2",""
="4440","宜新實業","01/08","17.25","+0.1","+0.58","年","2.157","","","3","2","0.5","4","3","1","1.6",""
="4441","振大環球","01/08","243.5","+8","+3.4","年","6.362","","","","","","3.15","5.95","7.2","9.149",""
="4442","竣邦-KY","01/08","58.1","+0.1","+0.17","年","1.637","","","","","","","","0.8","2.474",""
="4502","健信","01/08","15.85","-0.45","-2.76","年","0.2","0.05","1.25","0.301","0.2","0","0","0","0","0",""
="4503","金雨","01/08","39.35","-0.05","-0.13","年","0.056","0","0","0.5","0","0","0","0","0","0",""
="4506","崇友","01/08","117.5","0","0","年","3.189","2.2","3.1","2.6","2.7","3","3.2","3.4","4","4.5",""
="4510","高鋒","01/08","39.85","-0.85","-2.09","年","0.422","0.7","0.55","0.65","0","0","0","0.4","0.7","0.794",""
="4513","福裕","01/08","16.9","-0.35","-2.03","年","0.1","0","0","0.8","0","0","0","0","0.1","0",""
="4523","永彰","01/08","28","-0.45","-1.58","年","0.033","0.2","0.1","0","0","0","0","0","0","0",""
="4526","東台","01/08","30.75","-0.75","-2.38","年","0.178","0.5","0","0.3","0.2","0","0.2","0.2","0.2","0",""
="4527","方土霖","01/08","39.85","+0.35","+0.89","年","2.133","2.2","2","2","1.6","2","1.8","2","2.4","3.2",""
="4528","江興鍛","01/08","16.45","+0.1","+0.61","年","1.356","1.7","2.2","2.1","1.8","1.8","0.5","1.3","0.6","0.2",""
="4529","淳紳","01/08","3.58","+0.02","+0.56","年","0","0","0","0","0","0","0","0","0","0",""
="4530","宏易","01/08","26.95","-0.05","-0.19","年","0","0","0","0","0","0","0","0","0","0",""
="4532","瑞智","01/08","24.5","+0.2","+0.82","年","1.17","2.276","1.755","1.2","0.5","0.7","0.7","0.9","1","1.5",""
="4533","協易機","01/08","22.35","+0.35","+1.59","年","0.554","0.6","0.45","0.45","0.25","0.2","0.35","0.32","1.165","1.2",""
="4534","慶騰","01/08","14.7","+0.1","+0.68","年","0.09","0.51","0.298","0","0","0","0","0","0","0",""
="4535","至興","01/08","28.5","0","0","年","1.561","2.25","2.15","1.15","1","0.7","1.6","2","1.6","1.6",""
="4538","大詠城","01/08","17.05","-0.05","-0.29","年","0.705","0.5","1.4","1.2","0.2","0.8","0.5","0.545","0.798","0.4",""
="4540","全球傳動","01/08","36.9","-1.1","-2.89","年","0.965","0.3","1.2","3.6","0","0.8","1.3","1.485","0","0",""
="4541","晟田","01/08","41.5","+0.8","+1.97","年","0.574","0.3","0.3","1.095","0.719","0.2","0.4","1.4","0","0.75",""
="4542","科嶠","01/08","95.9","+8.7","+9.98","年","1.022","0","1.8","1.2","1.2","1","1","0.5","1.5","0.999",""
="4543","萬在","01/08","27.5","-0.65","-2.31","年","0.623","0.4","0.3","0.999","0.712","0","0","1.2","1","1",""
="4545","銘鈺","01/08","39.3","-1.3","-3.2","年","0.983","2.25","0.5","0.35","0.35","0.55","0.7","1.5","1","1.65",""
="4549","桓達","01/08","103.5","-3","-2.82","年","3.91","3","4","4","4","3.988","4.1","4","4","4.1",""
="4550","長佳","01/08","24.95","-0.25","-0.99","年","1.647","1.974","1.272","1.25","1.5","1.68","1.15","1.9","2.1","2",""
="4551","智伸科","01/08","114","-2","-1.72","年","4.18","4.6","6.35","3.1","1.869","4","5","6","2.5","4.2",""
="4552","力達-KY","01/08","23.7","-0.15","-0.63","年","2.501","8","5","2.3","1.7","1.11","1","1.3","1.1","1",""
="4554","橙的","01/08","26.75","-0.15","-0.56","年","0.477","0.8","0","0","0.1","0.14","0.9","1","1","0.35",""
="4555","氣立","01/08","39.85","-0.45","-1.12","年","1.444","2","2","2","1.2","1.497","1.777","1.523","0.498","0.5",""
="4556","旭然","01/08","23.4","-0.15","-0.64","年","0.504","0.36","0.36","1.25","0.698","0.45","0.35","0.52","0.25","0.3",""
="4557","永新-KY","01/08","77.5","-0.1","-0.13","年","5.278","5","5","5","5","3.5","4.5","7","6","6.5",""
="4558","寶緯","01/08","19.05","+0.1","+0.53","年","1","1","1","1","0.5","1","3","1","0","0.5",""
="4560","強信-KY","01/08","32.45","-0.05","-0.15","年","2.082","1.6","2.476","3.471","3.99","1","1.8","2.2","1","1.2",""
="4561","健椿","01/08","31.35","-0.6","-1.88","年","0.76","0.2","0.69","1","0.25","0.9","0.9","0.7","1","1.2",""
="4562","穎漢","01/08","37.5","-1.85","-4.7","年","0.556","1.5","2","1.5","0","0","0","0","0","0",""
="4563","百德","01/08","47.85","-1.65","-3.33","年","1.67","3","5.5","3","0","0","0","0","0.534","3",""
="4564","元翎","01/08","17.2","0","0","年","1.1","1.2","1.2","2.5","2.2","1.3","1.3","0.2","0","0",""
="4566","時碩工業","01/08","55.9","+0.4","+0.72","年","1.604","1","2.39","1.994","1.644","1.187","1.185","2.1","1.435","1.503",""
="4568","科際精密","01/08","42.2","+0.05","+0.12","年","3.58","3.78","4.431","4.477","3.228","4.001","4.001","3.8","2.5","2.003",""
="4569","六方科-KY","01/08","146.5","-1.5","-1.01","年","5.237","","","","","","","5.5","4.5","5.711",""
="4571","鈞興-KY","01/08","165.5","-1.5","-0.9","年","3.483","","","1.1","3.3","3.6","4.5","3.6","3.1","5.18",""
="4572","駐龍","01/08","150","+0.5","+0.33","年","3.856","","0.5","3.5","5","5","5","2.106","5","4.744",""
="4576","大銀微系統","01/08","103","-4.5","-4.19","年","0.491","","","0.8","0.04","0.3","1","1","0.1","0.2",""
="4577","達航科技","01/08","50.7","-0.2","-0.39","年","0.901","","","0.702","1.053","1.395","1.531","1.628","0","0",""
="4580","捷流閥業","01/08","81.1","0","0","年","4.797","","","3.2","5","5.11","5.217","5.25","4.798","5.002",""
="4581","光隆精密-KY","01/08","51.2","-0.2","-0.39","年","2.633","","","","3","2","1.5","2.5","3.6","3.2",""
="4583","台灣精銳","01/08","702","+58","+9.01","年","9.2","","","","","6","8","10","10","12",""
="4584","君帆","01/08","46","0","0","年","1.975","","","","","","2.5","2","1.2","2.2",""
="4585","達明","01/08","334.5","-0.5","-0.15","年","0","","","","","","0","0","0","0",""
="4588","玖鼎電力","01/08","60.3","+0.4","+0.67","年","2.333","","","","","","","1","3","3",""
="4609","唐鋒","01/08","6.09","+0.29","+5","年","0","0","0","0","0","0","0","0","0","0",""
="4702","中美實","01/08","9.55","-0.03","-0.31","年","0","0","0","0","0","0","0","0","0","0",""
="4706","大恭","01/08","29.2","-0.95","-3.15","年","0.8","1.3","1.1","1","0.6","0.8","0.9","0.6","0.2","0.7",""
="4707","磐亞","01/08","10.25","-0.15","-1.44","年","0.156","0.1","0.1","0.1","0.15","0.15","0.15","0.15","0.25","0.25",""
="4711","永純","01/08","15.2","-0.05","-0.33","年","0.778","1.4","1.2","0.5","0.6","0.8","1","0.5","0.5","0.5",""
="4716","大立","01/08","15.75","-0.3","-1.87","年","0.244","0.2","0.15","0.405","0.51","0.245","0.485","0","0","0.2",""
="4720","德淵","01/08","18.6","-0.3","-1.59","年","0.354","0.6","0.2","0.15","0.299","0","0.2","0.2","0.536","1",""
="4721","美琪瑪","01/08","68.2","-1.3","-1.87","年","2.493","1.55","2.4","2.8","2.44","1.39","3.8","4.6","1.1","2.36",""
="4722","國精化","01/08","167","-7.5","-4.3","年","1.788","2.5","1.5","1.8","1.8","2","2.2","1.9","1","1.396",""
="4726","永昕","01/08","34.4","+3.1","+9.9","年","0","0","0","0","0","0","0","0","0","0",""
="4728","雙美","01/08","395","-2.5","-0.63","年","4.611","0","0.297","1.2","1.5","2","4.4","9.5","11","11.6",""
="4729","熒茂","01/08","24.6","-0.6","-2.38","年","0.167","0","0","0","0","0","0","0.5","0.5","0.5",""
="4736","泰博","01/08","123","+1.5","+1.23","年","10.08","5","4.904","7.992","6.432","11.42","14.94","19.98","10","10",""
="4737","華廣","01/08","55.3","+0.3","+0.55","年","2.27","4.138","4.14","1.998","1.993","2.062","1.999","2.1","1.999","0",""
="4739","康普","01/08","67.5","-2.8","-3.98","年","2.12","2.697","3.01","3.2","1.227","1.2","3","3","0.8","0.95",""
="4741","泓瀚","01/08","22.75","-0.6","-2.57","年","1.75","3.5","3","1.949","1.5","0.6","0.8","1.4","1.8","1.2",""
="4743","合一","01/08","63","+2.1","+3.45","年","0.011","0","0","0","0","0","0","0.098","0","0",""
="4744","皇將","01/08","29.8","+0.7","+2.41","年","1.108","2","1","1.5","1.635","1.2","1.199","0.933","0.1","0.4",""
="4745","合富-KY","01/08","23.05","+0.05","+0.22","年","0.933","1.999","0.2","0.3","1.2","1.2","1.5","1.6","0.4","0",""
="4746","台耀","01/08","59.8","+0.2","+0.34","年","1.486","2.878","2","0.5","0","0","2","1","2","3",""
="4747","強生","01/08","58.9","+0.6","+1.03","年","1.752","1.9","1.8","1.65","1.8","1.92","1.45","2","1.498","1.75",""
="4749","新應材","01/08","910","-40","-4.21","年","3.196","","","","","","1","3.002","2.794","5.989",""
="4754","國碳科","01/08","38.35","-0.2","-0.52","年","1.589","2.6","2.6","1.5","1.5","0.5","1","0.8","1.8","2",""
="4760","勤凱","01/08","172","-8.5","-4.71","年","2.206","0.5","0.8","1.4","0.8","3.174","4.578","2.199","2.7","3.7",""
="4767","誠泰科技","01/08","26.2","+0.15","+0.58","年","1.389","1.5","1.5","1.2","1","1.2","1.5","1.3","1.5","1.8",""
="4768","晶呈科技","01/08","409","-20.5","-4.77","年","1.844","","0.09","0.14","0.02","0.8","1.7","4.5","3.5","4",""
="4770","上品","01/08","237","-6","-2.47","年","8.717","","","","4","4.3","8","12","12","12",""
="4771","望隼","01/08","177","+4.5","+2.61","年","3.189","","","","","","1.5","2.5","3.235","5.522",""
="4772","台特化","01/08","370","+6","+1.65","年","1.082","","","","","","0.65","0.68","1","2",""
="4806","桂田文創","01/08","9.88","0","0","年","0.022","0.2","0","0","0","0","0","0","0","0",""
="4807","日成-KY","01/08","18.1","0","0","年","1.401","3","3","4.003","0","0.5","1.66","0.45","0","0",""
="4903","聯光通","01/08","36.5","-1.3","-3.44","年","0","0","0","0","0","0","0","0","0","0",""
="4904","遠傳","01/08","89.1","-0.2","-0.22","年","3.451","3.75","3.75","3.75","3.25","3.25","3.25","3.25","3.25","3.56",""
="4905","台聯電","01/08","60.5","-2.1","-3.35","年","1.514","1.05","2.072","2.548","1.521","1","1.232","1.2","1.5","1.5",""
="4906","正文","01/08","26.3","-0.95","-3.49","年","1.214","1.46","0.986","0","0.503","1.956","1.539","1.5","1.481","1.501",""
="4907","富宇","01/08","46.7","+0.55","+1.19","年","1.222","0","1.5","1.5","1.2","1.2","1.3","1.2","1.3","1.8",""
="4908","前鼎","01/08","74.5","-1.3","-1.72","年","1.496","0.65","0.808","0.86","1.1","1.1","1.8","3","2.4","1.75",""
="4909","新復興","01/08","57","+2.1","+3.83","年","1.067","1.2","0.6","0.7","0.3","0.3","0","0","0.5","6",""
="4911","德英","01/08","41.25","-0.4","-0.96","年","0.148","0","0","0","0","0","0","0","0.571","0.757",""
="4915","致伸","01/08","77.1","-1.9","-2.41","年","3.19","2.5","3.201","2.4","2.4","3.001","3.102","3.901","4","4.201",""
="4916","事欣科","01/08","58.6","+1.6","+2.81","年","0.957","1","0.989","2.473","2","0.5","0.5","0.376","0.4","0.376",""
="4919","新唐","01/08","55.5","+0.8","+1.46","年","2.751","2.4","2.5","2.5","1.2","0.758","5","7","3","0.4",""
="4927","泰鼎-KY","01/08","38.1","+0.4","+1.06","年","1.693","0.78","0","2.461","3","3","4","2","0","0",""
="4930","燦星網","01/08","22.2","+0.15","+0.68","年","1.667","0.3","0","0","0.5","3.5","4.8","2","2.3","1.6",""
="4931","新盛力","01/08","167","-9.5","-5.38","年","1.031","0.5","0.2","1","1.7","0.89","0","2.189","0.8","2.002",""
="4933","友輝","01/08","59.4","-0.1","-0.17","年","2.47","1.35","0.8","1.614","1.085","2.188","3.317","2.911","2.977","5.99",""
="4934","太極","01/08","14.2","-0.5","-3.4","年","0","0","0","0","0","0","0","0","0","0",""
="4935","茂林-KY","01/08","40.5","+0.15","+0.37","年","2.722","3","1","0.8","1.5","5.5","5","4","1.5","2.2",""
="4938","和碩","01/08","70.5","+0.9","+1.29","年","4.325","4.929","4.002","3.501","4.5","4.489","5.001","4.003","4.001","4.503",""
="4939","亞電","01/08","36.75","-0.3","-0.81","年","0.598","0","0.5","0.5","0.25","1.25","1.4","0.48","0.5","0.5",""
="4942","嘉彰","01/08","39.7","-0.15","-0.38","年","2.222","1.5","1.2","2.5","2.5","2.5","3","2.5","2.3","2",""
="4943","康控-KY","01/08","12.45","-0.05","-0.4","年","1.361","1.5","5","5.153","0.5","0.1","0","0","0","0",""
="4946","辣椒","01/08","102","-1.5","-1.45","年","0.056","0","0.5","0","0","0","0","0","0","0",""
="4949","有成精密","01/08","37.05","-0.65","-1.72","年","0.778","0","0","0","0.5","0.3","0.2","2.5","2.4","1.1",""
="4950","金耘國際","01/08","17.85","+0.35","+2","年","0.116","1.046","0","0","0","0","0","0","0","0",""
="4951","精拓科","01/08","63.9","-0.3","-0.47","年","2.078","1","1","1","1.5","1.5","3.503","3.5","2.5","3.2",""
="4952","凌通","01/08","36.85","-0.05","-0.14","年","3.017","3.5","3","2.5","1.8","2.4","5.4","5","1.3","2.25",""
="4953","緯軟","01/08","134","+0.5","+0.37","年","3.338","1.1","0.5","1.695","3.232","4.984","4.587","5","4.957","3.99",""
="4956","光鋐","01/08","20.4","-0.65","-3.09","年","0.1","0","0.5","0","0","0","0.4","0","0","0",""
="4958","臻鼎-KY","01/08","143","-5.5","-3.7","年","4.226","2.2","3.3","4.46","4.5","4.5","5","6","3.275","4.8",""
="4961","天鈺","01/08","148","-4","-2.63","年","6.168","1.201","0.5","1.301","1.001","2.5","17","8.5","10.64","12.87",""
="4967","十銓","01/08","210","+9","+4.48","年","1.16","0","1","2","0.928","0.862","0","1","1.651","3",""
="4968","立積","01/08","124","-4","-3.12","年","1.589","1.68","0.63","1.492","1.902","4","3.5","0","0","1.096",""
="4971","IET-KY","01/08","287","-9","-3.04","年","1.167","1.996","2","0.992","1.015","1","1.5","1.998","0","0",""
="4972","湯石照明","01/08","18.05","+0.05","+0.28","年","1.902","2.6","2.3","2.359","2.241","2.4","2.1","1.62","0.7","0.8",""
="4973","廣穎","01/08","48.5","+4.4","+9.98","年","1.356","1.8","1","1.2","1.2","1","1","2","2","1",""
="4974","亞泰","01/08","69.3","-1","-1.42","年","3.876","2.487","2.75","3.1","3.3","3.5","4.3","5.8","4.2","5.45",""
="4976","佳凌","01/08","30.15","-0.1","-0.33","年","0","0","0","0","0","0","0","0","0","0",""
="4977","眾達-KY","01/08","129","0","0","年","3.619","4.8","4.64","3.559","3.5","5.9","3.22","2.5","2.2","2.253",""
="4979","華星光","01/08","309","+14","+4.75","年","0.337","0","0","0","0","0","0","0.059","1.43","1.545",""
="4987","科誠","01/08","73.7","+0.4","+0.55","年","3.844","3.5","4.7","5","3.2","2","3","4.5","3.5","5.2",""
="4991","環宇-KY","01/08","209.5","-3","-1.41","年","0.403","0.95","0.979","1.192","0.507","0","0","0","0","0",""
="4994","傳奇","01/08","101.5","+3.5","+3.57","年","1.667","0","0","0","1","3","1.5","0.5","4","5",""
="4995","晶達","01/08","40.35","-0.55","-1.34","年","2.845","1.8","2.262","2.148","3.699","1.799","2.497","4.199","3.2","3.998",""
="4999","鑫禾","01/08","23.5","+0.7","+3.07","年","2.317","3.1","3","3.5","2.5","3","2","1.75","1","1",""
="5007","三星","01/08","54.9","-0.6","-1.08","年","2.722","2.5","3","3","2","2","3","3","3","3",""
="5011","久陽","01/08","10.5","-0.25","-2.33","年","0.627","0.5","0","1","0","0","0.95","1.993","1","0.2",""
="5013","強新","01/08","29.35","+0.35","+1.21","年","0.878","0.3","0.8","0.5","0.5","0.5","2","1.6","0.9","0.8",""
="5014","建錩","01/08","11.25","+0.25","+2.27","年","0.489","0.8","0.3","0","0","0","1.2","0.8","1","0.303",""
="5015","華祺","01/08","27.8","-0.35","-1.24","年","3.167","2.5","3.1","4.2","2.4","1.9","3.5","5.6","3","2.3",""
="5016","松和","01/08","25.3","+0.05","+0.2","年","1.989","2.5","3","2.5","1.3","2","3.3","1.4","0.7","1.2",""
="5201","凱衛","01/08","43.75","+0.15","+0.34","年","1.067","0","0.3","1.4","0.3","2.8","1.5","0.45","1.5","1.35",""
="5202","力新","01/08","16","-0.15","-0.93","年","0.257","0","0","0.43","0","0","0.679","0","0.7","0.5",""
="5203","訊連","01/08","88","-0.2","-0.23","年","2.555","1.7","1.691","2.99","3.638","2.262","1.714","2.3","2.8","3.899",""
="5205","中茂","01/08","31.95","+0.05","+0.16","年","0","0","","","0","0","0","0","0","0",""
="5206","坤悅","01/08","32.6","0","0","年","0.748","0.5","0.7","0.7","0.75","1.3","0.48","0.5","1.3","0.5",""
="5209","新鼎","01/08","171.5","-0.5","-0.29","年","5.913","2.506","2.877","2.777","2.97","3.966","8.792","7.484","10.51","11.33",""
="5210","寶碩","01/08","22.8","+0.3","+1.33","年","0","0","0","0","0","0","0","0","0","0",""
="5211","蒙恬","01/08","26.7","-0.1","-0.37","年","0.309","0.61","0.32","0","0.4","0","0.7","0.75","0","0",""
="5212","凌網","01/08","53.2","-0.1","-0.19","年","2.183","0.72","0.8","1.5","2.18","2.85","2.5","2.6","3","3.5",""
="5213","亞昕","01/08","25.65","+2.3","+9.85","年","1.1","0.5","0.971","2","0","1.996","0.887","0.652","1.624","1.27",""
="5215","科嘉-KY","01/08","35","0","0","年","3.167","3","1","2.5","3","8","5","2","1.5","2.5",""
="5220","萬達光電","01/08","17.45","-0.65","-3.59","年","1.989","2.5","2.6","3","1.4","3","2.2","1.8","0.9","0.5",""
="5222","全訊","01/08","131","+2","+1.55","年","2.167","0","0","0.5","3","1.5","3.5","3","4","4",""
="5223","安力-KY","01/08","30.15","+2.7","+9.84","年","1.579","0.6","2","2.3","1.201","3.415","2.7","2","0","0",""
="5225","東科-KY","01/08","99.9","+0.5","+0.5","年","2.693","1.116","0.704","1.3","0.51","0","0.6","3.045","6.572","10.39",""
="5227","立凱-KY","01/08","26.55","+2.4","+9.94","年","0","0","0","0","0","0","0","0","0","0",""
="5228","鈺鎧","01/08","20.25","-0.85","-4.03","年","0.131","0.04","0","0.2","0","0.2","0.441","0.3","0","0",""
="5230","雷笛克光學","01/08","17.8","-0.2","-1.11","年","0.899","1.2","1.8","1.224","0.638","0.6","0.8","0.8","0.517","0.512",""
="5234","達興材料","01/08","369.5","+8","+2.21","年","4.356","3","3.5","5","5","5","5.3","3.3","4.1","5",""
="5236","凌陽創新","01/08","116.5","+1.5","+1.3","年","4.898","1","0","1","2.35","8","10","7","7","7.733",""
="5243","乙盛-KY","01/08","77.4","-3.7","-4.56","年","1.622","1.5","2","1.5","1.8","1.7","1.4","1.6","1.6","1.5",""
="5244","弘凱","01/08","38.15","-1.15","-2.93","年","1.511","0.4","1.5","1.002","1.5","2","3","1.5","1.2","1.5",""
="5245","智晶","01/08","27.8","-1.85","-6.24","年","2.212","5","5","1.5","0.43","1","4.482","2.5","0","0",""
="5251","天鉞電","01/08","34.2","-0.65","-1.87","年","0.289","2.001","0.6","0","0","0","0","0","0","0",""
="5258","虹堡","01/08","62.3","-1.2","-1.89","年","0.895","2","0.4","0","0","0.6","0.539","0.8","1.2","2.518",""
="5263","智崴","01/08","110.5","-2.5","-2.21","年","2.11","2.5","4","4","5.6","0","0","1.453","0.5","0.94",""
="5269","祥碩","01/08","1275","-30","-2.3","年","17.01","4.5","6","12","11.97","24","26","20","18.58","30",""
="5272","笙科","01/08","19.65","-0.2","-1.01","年","0.496","1.4","1.5","0","0","0","0.861","0.706","0","0",""
="5274","信驊","01/08","7650","+270","+3.66","年","27.22","12","15","18","22","26","35","45","20","52",""
="5276","達輝-KY","01/08","16.2","+0.45","+2.86","年","0.569","2","0.674","0.54","0","0","0.11","0.6","0.6","0.6",""
="5285","界霖","01/08","49.7","-1.4","-2.74","年","2.736","1.554","3.163","3.538","2.46","2.412","4","3.5","2","2",""
="5289","宜鼎","01/08","645","-10","-1.53","年","8.286","3.882","5.609","6","7.5","6.696","11.52","13.78","10.2","9.377",""
="5291","邑昇","01/08","33.65","-1.45","-4.13","年","0.955","0","0","0.8","1.207","1.071","2.013","2.7","0.8","0",""
="5292","華懋","01/08","171.5","-6","-3.38","年","2.917","","","","2","2","1.5","3","4.5","4.5",""
="5299","杰力","01/08","70.3","-1","-1.4","年","5.431","0.792","2.75","5.1","5.5","6.497","11.59","8.397","4.11","4.15",""
="5301","寶得利","01/08","10.4","+0.5","+5.05","年","0","0","0","0","0","0","0","0","0","0",""
="5302","太欣","01/08","10.3","+0.92","+9.81","年","0","0","0","0","0","0","0","0","0","0",""
="5309","系統電","01/08","65","-0.6","-0.91","年","0.156","0","0","0","0","0","0","0","0.7","0.701",""
="5310","天剛","01/08","29","0","0","年","0","0","0","0","0","0","0","0","0","0",""
="5312","寶島科","01/08","99.6","-0.2","-0.2","年","4.589","3.6","3.8","3.8","4","4","4.3","4.3","6","7.5",""
="5314","世紀*","01/08","102.5","+9","+9.63","年","0.23","0","0","0","0","0","0","0","1.8","0.274",""
="5315","光聯","01/08","23.6","-0.4","-1.67","年","1.335","2.505","1","1.467","0.823","0.821","1.3","1.8","0.8","1.5",""
="5321","美而快","01/08","36.15","+0.15","+0.42","年","0.161","0","0","0","0","0","0.5","0.7","0.25","0",""
="5324","士開","01/08","10.45","+0.05","+0.48","年","0","0","0","0","0","0","0","0","0","0",""
="5328","華容","01/08","20.35","-0.6","-2.86","年","0.157","0.311","0","0","0","0","0.15","0","0.35","0.6",""
="5340","建榮","01/08","68.8","+0.8","+1.18","年","0.022","0","0","0","0","0","0","0","0","0.2",""
="5344","立衛","01/08","14.7","-0.25","-1.67","年","0","0","0","0","0","0","0","0","0","0",""
="5345","馥鴻","01/08","24.65","+0.65","+2.71","年","0","0","0","0","0","0","0","0","0","0",""
="5347","世界","01/08","109","+5.5","+5.31","年","3.766","3","3","3.2","3.2","3.5","4.5","4.5","4.5","4.498",""
="5348","正能量智能","01/08","17.15","-0.15","-0.87","年","0","0","","","0","0","0","0","0","0",""
="5351","鈺創","01/08","61.8","+0.8","+1.31","年","0.091","0","0","0","0","0","0.798","0.02","0","0",""
="5353","台林","01/08","25.7","-0.15","-0.58","年","1.016","0.403","0.6","1.12","1.35","0.85","0.9","1.2","1.42","1.3",""
="5355","佳總","01/08","6.66","-0.12","-1.77","年","0","0","0","0","0","0","0","0","0","0",""
="5356","協益","01/08","24.9","-0.1","-0.4","年","2.2","4","2","2","2.2","2.2","1.3","1.5","2.3","2.3",""
="5364","力麗店","01/08","14.25","-0.1","-0.7","年","0.111","1","0","0","0","0","0","0","0","0",""
="5371","中光電","01/08","87.9","+1.6","+1.85","年","3.222","3.5","3","3.5","2","4","4","4.5","3","1.5",""
="5381","合正","01/08","24.2","-0.4","-1.63","年","0","0","0","0","0","0","0","0","0","0",""
="5386","青雲","01/08","82","-2.3","-2.73","年","0.588","1.3","1","0.5","0.5","0.3","0.4","0.3","0.4","0.591",""
="5388","中磊","01/08","78.8","-0.8","-1.01","年","3.619","4.2","3.75","2.497","3.024","2.6","2.4","4.5","5","4.6",""
="5392","能率","01/08","47","-2.15","-4.37","年","0.424","0.438","1","0.473","0.503","0.302","0.302","0.302","0.3","0.2",""
="5398","慕康生醫","01/08","22.9","+0.2","+0.88","年","0.091","0","0.131","0","0.3","0.25","0.136","0","0","0",""
="5403","中菲","01/08","115","-0.5","-0.43","年","4.112","3","3.4","3","3.1","3","4.004","5.001","6.001","6.503",""
="5410","國眾","01/08","30.55","0","0","年","1.624","1","1.23","1.3","1.5","1.692","1.845","2.493","2.061","1.498",""
="5425","台半","01/08","54","+0.5","+0.93","年","2.445","2.5","2.981","3","1.5","1.5","2.5","4","2","2.023",""
="5426","振發","01/08","19.3","-0.45","-2.28","年","0.3","1","0","1","0","0","0","0.2","0","0.5",""
="5434","崇越","01/08","301.5","-5.5","-1.79","年","7.754","5","4.2","5.3","6.5","8","8.8","10","9.997","11.99",""
="5439","高技","01/08","311.5","-3.5","-1.11","年","2.735","1.814","2","2.8","2.3","2.5","3.6","3.3","4.1","2.2",""
="5443","均豪","01/08","95.9","+0.7","+0.74","年","1.486","1.8","1.217","1.3","1.557","1","1.5","1.8","1.2","2",""
="5450","南良","01/08","13.85","-0.15","-1.07","年","0.222","0","0","0","0","0","0.6","0.65","0.25","0.5",""
="5452","佶優","01/08","28.5","-0.7","-2.4","年","0.319","0.15","0","0.2","0.22","0.6","0.8","0.5","0.15","0.252",""
="5455","昇益","01/08","29","+0.1","+0.35","年","0","0","0","0","0","0","0","0","0","0",""
="5457","宣德","01/08","40","-0.7","-1.72","年","0.951","0","0","0","0.5","2.101","2.5","1.838","0.319","1.3",""
="5460","同協","01/08","14.95","-0.35","-2.29","年","0.233","0.65","0.5","0.3","0.55","0.1","0","0","0","0",""
="5464","霖宏","01/08","25.95","0","0","年","0.856","0.4","0","1","0.5","0","2","2","0.8","1",""
="5465","富驊","01/08","31.75","+2.85","+9.86","年","0.93","0","0","0.27","1","1.15","1.15","1.5","1.5","1.8",""
="5468","凱鈺","01/08","19","-0.4","-2.06","年","0","0","0","0","0","0","0","0","0","0",""
="5469","瀚宇博","01/08","91.1","-1.7","-1.83","年","1.667","0.6","0.8","0.998","1.674","2.2","2.2","2.4","1.609","2.525",""
="5471","松翰","01/08","33.7","+0.6","+1.81","年","2.764","1.8","1.5","2.08","2.1","5.7","7","2.5","1.2","1",""
="5474","聰泰","01/08","161.5","0","0","年","4.365","3.3","3.3","3.8","4.581","8","5","3.8","3.5","4",""
="5475","德宏","01/08","89","-3","-3.26","年","0","0","0","0","0","0","0","0","0","0",""
="5481","新華","01/08","24.3","+1.35","+5.88","年","0.157","0","0","0.412","0","0.4","0.6","0","0","0",""
="5484","慧友","01/08","38.75","-1.75","-4.32","年","0","0","0","0","0","0","0","0","0","0",""
="5487","通泰","01/08","29","-0.15","-0.51","年","0.864","2","1.474","0.883","0.978","1.089","1.353","0","0","0",""
="5488","松普","01/08","9.81","+0.02","+0.2","年","0.159","0.08","0","1.35","0","0","0","0","0","0",""
="5489","彩富","01/08","40","-0.35","-0.87","年","1.468","1.8","1.5","2","1.529","1.02","1","1.525","1.02","1.818",""
="5490","同亨","01/08","26.8","-0.75","-2.72","年","1.178","4","1","0.5","1.5","2","1.25","0","0","0.35",""
="5498","凱崴","01/08","50.2","-1.3","-2.52","年","0.055","0","0.018","0","0.03","0.2","0","0.1","0","0.149",""
="5508","永信建","01/08","62.2","-1.2","-1.89","年","5.853","1.807","2.722","2.86","1.801","3.341","8.006","6.345","11.29","14.5",""
="5511","德昌","01/08","65.3","+0.3","+0.46","年","2.356","0.5","1.2","2.1","2.2","2","2","2.4","5","3.8",""
="5512","力麒","01/08","7.92","+0.04","+0.51","年","0.361","0.5","0.7","0.4","0.6","0.33","0.3","0","0.24","0.18",""
="5514","三豐","01/08","16.4","-0.05","-0.3","年","0.239","0.35","0.6","0.2","0.5","0.5","0","0","0","0",""
="5515","建國","01/08","38.6","-0.1","-0.26","年","0.888","0.5","0.5","0.5","0.519","0.8","1.022","1","1","2.15",""
="5516","雙喜","01/08","13.65","+0.1","+0.74","年","0.189","0","0","0","0.3","0.2","0.5","0.5","0.2","0",""
="5519","隆大","01/08","32.95","+0.05","+0.15","年","1.589","0.5","0.4","0.951","1.35","1.8","2","2.1","2.2","3",""
="5520","力泰","01/08","89.1","0","0","年","3.056","1.75","1.2","1.2","1.85","3.55","3.9","3.95","4.6","5.5",""
="5521","工信","01/08","22.05","-1.85","-7.74","年","0.103","0.2","0.6","0","0","0.13","0","0","0","0",""
="5523","豐謙","01/08","30.25","0","0","年","0.722","0","0.2","0.2","0.3","0.5","1.8","1.5","1.5","0.5",""
="5525","順天","01/08","28","+0.2","+0.72","年","0.922","0.3","1.2","2","0.5","0.5","0.3","1.5","1.2","0.8",""
="5529","鉅陞","01/08","28.5","+0.25","+0.88","年","0","0","0","0","0","0","0","0","0","0",""
="5530","龍巖","01/08","47.25","-0.25","-0.53","年","1.344","1.2","2.5","3","3","1.2","1.2","0","0","0",""
="5531","鄉林","01/08","9.05","+0.02","+0.22","年","0","0","0","0","0","0","0","0","0","0",""
="5533","皇鼎","01/08","14.2","-0.05","-0.35","年","0.839","0.65","0.7","0.7","0.5","0.6","1","1.2","1.2","1",""
="5534","長虹","01/08","85.4","+0.7","+0.83","年","5.712","6","6.2","7","6.3","5","4.41","5.5","5.5","5.5",""
="5538","東明-KY","01/08","32.75","+0.45","+1.39","年","1.942","2","2.5","2","1.5","1.777","3.2","2","1","1.5",""
="5543","桓鼎-KY","01/08","33.55","+3.05","+10","年","0.757","0.9","0.8","0.5","0.8","0.959","2","0.759","0.094","0",""
="5546","永固-KY","01/08","21.7","0","0","年","3.389","","","","4","5.831","5","1.5","2","2",""
="5548","安倉","01/08","24","0","0","年","1.3","","","","","","","1.25","1.25","1.4",""
="5601","台聯櫃","01/08","36.3","+0.1","+0.28","年","0.315","0.3","0.3","0.3","0.21","0.25","0.26","0.48","0.385","0.35",""
="5603","陸海","01/08","19.15","0","0","年","1.056","0.7","0.6","0","0","1","4","1","1.2","1",""
="5604","中連","01/08","37.1","+0.05","+0.13","年","3.661","1.8","1.5","3.75","5.55","7.95","6.1","2","2","2.3",""
="5607","遠雄港","01/08","48.65","+0.3","+0.62","年","0.844","0","0.2","0.4","1","1.2","1.6","1.2","0.9","1.1",""
="5608","四維航","01/08","17.75","-0.25","-1.39","年","0.389","0","0","0","0","0","2","1.5","0","0",""
="5609","中菲行","01/08","80","-0.2","-0.25","年","4.817","2","1.18","1.5","1.36","5.2","10.2","10.71","6","5.2",""
="5701","劍湖山","01/08","3.99","+0.04","+1.01","年","0","0","0","0","0","0","0","0","0","0",""
="5703","亞都","01/08","15","0","0","年","0.044","0.2","0.2","0","0","0","0","0","0","0",""
="5704","老爺知","01/08","26.2","+0.05","+0.19","年","0.989","0","0.3","0.5","0.8","2.2","1.38","2.22","1.5","0",""
="5706","鳳凰","01/08","50.5","+0.4","+0.8","年","1.474","2","3","1.61","0.303","0.3","1","0.3","2","2.75",""
="5864","致和證","01/08","17.45","+0.9","+5.44","年","0.508","0.62","0.5","0.6","0.55","0.6","0.6","0.2","0.5","0.4",""
="5871","中租-KY","01/08","106","+1","+0.95","年","5.111","3.4","3.8","4.2","4.6","5","6","6.4","6.5","6.1",""
"5871A","中租-KY甲特","01/08","101","0","0","年","3.282","","","","","1.208","3.8","3.8","3.8","3.8",""
="5876","上海商銀","01/08","40.6","+0.35","+0.87","年","1.806","1.5","1.8","2","2.05","1.7","1.8","1.8","1.8","1.8",""
="5878","台名","01/08","41.15","0","0","年","2.872","3.2","3.2","2.75","3","3.2","3","2.7","2.5","2.3",""
="5880","合庫金","01/08","24","-0.05","-0.21","年","0.756","0.75","0.75","0.75","0.85","0.85","1","0.5","0.65","0.7",""
="5902","德記","01/08","41.85","-1.6","-3.68","年","0.65","0","0","0","0","0","1.2","1.5","1.5","1.65",""
="5903","全家","01/08","191","0","0","年","6.556","5.2","5.5","5.8","6.5","7.5","4.7","6.5","5.8","11.5",""
="5904","寶雅","01/08","443.5","-5.5","-1.22","年","17.13","10.7","13","15.75","17.1","18.7","11","23.9","21","23",""
="5905","南仁湖","01/08","8.9","-0.03","-0.34","年","0.164","0.3","0.35","0.43","0.2","0.2","0","0","0","0",""
="5906","台南-KY","01/08","51.5","-0.1","-0.19","年","0.633","0","0","0","0","0.2","1.7","1.5","1.5","0.8",""
="5907","大洋-KY","01/08","5.52","-0.03","-0.54","年","0.784","0.966","1.2","1.694","2.2","1","0","0","0","0",""
="6005","群益證","01/08","27.1","+1.85","+7.33","年","0.86","0.37","0.2","0.4","0.8","1.1","1.65","0.39","1.33","1.5",""
="6015","宏遠證","01/08","12.35","+1.1","+9.78","年","0.396","0","0.36","0","0.157","0.5","1.8","0","0.25","0.5",""
="6016","康和證","01/08","15.15","+1.35","+9.78","年","0.469","0","0.25","0","0.33","1.22","1.55","0","0.65","0.225",""
="6020","大展證","01/08","19.8","+0.9","+4.76","年","0.622","0.079","0.663","0.027","0.325","0.723","2.378","0","0.899","0.509",""
="6023","元大期","01/08","96.5","+0.7","+0.73","年","3.097","2.47","2","2.8","3.2","2.8","2.3","2.5","5","4.8",""
="6024","群益期","01/08","52.1","+0.8","+1.56","年","2.682","2.21","2.87","3.4","1.9","2.87","1.6","3.02","3.44","2.83",""
="6026","福邦證","01/08","14.1","+0.55","+4.06","年","0.715","0.35","1.38","0.2","0.699","0.146","1.28","0","1.28","1.099",""
="6101","寬魚國際","01/08","36.15","-0.05","-0.14","年","0.019","0","0","0","0","0","0","0","0.168","0",""
="6103","合邦","01/08","35.65","0","0","年","0.021","0","0","0","0","0","0","0","0","0.188",""
="6104","創惟","01/08","92.4","-2.6","-2.74","年","2.606","3","1.3","2.36","2","3","4.5","2.5","1.8","2.997",""
="6108","競國","01/08","14.4","0","0","年","1.222","2","1.35","2.5","1.6","0.5","1.05","0.5","0.5","1",""
="6109","亞元","01/08","11.65","-0.2","-1.69","年","0.272","1","0.5","0.1","0","0","0","0.549","0.3","0",""
="6111","大宇資","01/08","46.1","+0.35","+0.77","年","0.541","0","0","0","0.2","0.2","3","1.471","0","0",""
="6112","邁達特","01/08","47.5","-0.55","-1.14","年","1.983","1.5","1.5","1.5","3","2.5","2.5","2","2.75","0.6",""
="6113","亞矽","01/08","21.9","+0.6","+2.82","年","0.111","0","0","0","0","0","0","0","0.5","0.5",""
="6114","久威","01/08","31.05","-1","-3.12","年","0.989","2.5","1.5","1.5","1.2","0.7","0.5","0.5","0","0.5",""
="6115","鎰勝","01/08","46.7","-0.2","-0.43","年","3.111","3.999","3","3","3","2.8","2.8","3.2","3","3.2",""
="6116","彩晶","01/08","11.65","+1.05","+9.91","年","0.311","0.5","0.5","0.3","0","0.5","0.996","0","0","0",""
="6117","迎廣","01/08","80.7","-1.1","-1.34","年","0.375","0","1.2","0","0","0","0","0","0","2.172",""
="6118","建達","01/08","18.8","-0.35","-1.83","年","0.033","0","0","0","0","0","0.3","0","0","0",""
="6120","達運","01/08","12.75","-1","-7.27","年","0.169","0.28","0.4","0.34","0","0","0","0.153","0.1","0.25",""
="6122","擎邦","01/08","52.3","+0.8","+1.55","年","0.952","0","0","0","0.5","0.3","0.4","0.9","3.2","3.265",""
="6124","業強","01/08","28.3","-1.1","-3.74","年","0","0","0","0","0","0","0","0","0","0",""
="6125","廣運","01/08","70.5","-4.2","-5.62","年","1.16","0.5","0.3","0.506","2","1.5","1.613","1.62","1.7","0.7",""
="6126","信音","01/08","34.6","+0.15","+0.44","年","0.79","0","0.339","0.3","0.7","1.4","1.333","1.2","1.081","0.757",""
="6127","九豪","01/08","36.65","-1.55","-4.06","年","0.105","0.297","0.25","0","0","0","0","0","0.4","0",""
="6128","上福","01/08","22.4","-0.1","-0.44","年","1.989","2.8","0.5","2","2.4","1","2","2.2","2.5","2.5",""
="6129","普誠","01/08","14.3","-0.4","-2.72","年","0.1","0","0","0","0","0","0","0.65","0.25","0",""
="6130","上亞科技","01/08","43.5","0","0","年","0.056","0","0","0","0","0","0","0","0.5","0",""
="6133","金橋","01/08","20","-1.05","-4.99","年","0.194","0.2","0.25","0.25","0.25","0","0","0.5","0","0.3",""
="6134","萬旭","01/08","26.7","-1.2","-4.3","年","0.033","0","0","0","0","0","0.1","0","0","0.2",""
="6136","富爾特","01/08","23.85","-0.25","-1.04","年","1.394","2","1.8","1.5","1.4","1.1","1.25","1.15","1.2","1.15",""
="6138","茂達","01/08","221","-6.5","-2.86","年","5.648","2.11","2.4","4.203","4.331","5.201","9.02","9","5.97","8.601",""
="6139","亞翔","01/08","590","-5","-0.84","年","3.866","1.431","1.5","1.5","1.5","1","1.5","3.5","8.982","13.89",""
="6140","訊達","01/08","25.7","-0.15","-0.58","年","0","0","0","0","0","0","0","0","0","0",""
="6141","柏承","01/08","11.75","+1.05","+9.81","年","0.313","0.3","0.5","0.1","0.403","0.5","1.013","0","0","0",""
="6142","友勁","01/08","9.11","-0.09","-0.98","年","0.087","0.56","0","0","0","0","0","0.22","0","0",""
="6143","振曜","01/08","112.5","-4.5","-3.85","年","3.372","3","2","4","2.85","2","2.5","3","4","7",""
="6144","得利影","01/08","18.35","0","0","年","0","0","0","0","0","0","0","0","0","0",""
="6146","耕興","01/08","159","+1.5","+0.95","年","7.922","6.1","6.1","6.2","6","6.3","9","11","10.5","10.1",""
="6147","頎邦","01/08","54.7","-0.7","-1.26","年","3.883","2.1","2.35","3.5","4.2","3.8","6","5.5","3.75","3.75",""
="6150","撼訊","01/08","65.5","-1.5","-2.24","年","2.056","0","5","2","0","0.5","11","0","0","0",""
="6151","晉倫","01/08","30.8","+0.5","+1.65","年","1.811","2.2","2","1.3","1","1.8","3","2","1.5","1.5",""
="6152","百一","01/08","10.6","-0.8","-7.02","年","0","0","0","0","0","0","0","0","0","0",""
="6153","嘉聯益","01/08","15.1","-0.95","-5.92","年","0.199","0.5","0.2","0.3","0.05","0.5","0","0.241","0","0",""
="6154","順發","01/08","13.3","-0.15","-1.12","年","0.841","1","1","1","0.6","0.55","1.2","0.9","0.72","0.6",""
="6155","鈞寶","01/08","45.5","-2.3","-4.81","年","0.921","0.85","0.45","1","1.04","0.75","0.85","1.5","0.85","1",""
="6156","松上","01/08","22.3","-0.6","-2.62","年","0.602","0.8","0.4","0.4","0.202","0.5","0.516","0.8","0.799","1",""
="6158","禾昌","01/08","21.6","-0.05","-0.23","年","1.926","1.2","1.221","10","0.3","0.5","1","1.1","1.001","1.015",""
="6160","欣技","01/08","17.3","+0.2","+1.17","年","0.298","1","0","0.73","0","0","0.35","0.6","0","0",""
="6161","捷波","01/08","46.5","0","0","年","1.844","0.9","1.1","1.6","0.9","1.6","3","2.5","2","3",""
="6163","華電網","01/08","54.3","+1.4","+2.65","年","0.286","0","0.5","0.3","0.415","0","0.31","0.3","0.3","0.45",""
="6164","華興","01/08","12.2","-0.4","-3.17","年","0.278","0.85","0.4","0.2","0","0","0","0.55","0","0.5",""
="6165","浪凡","01/08","48.05","-1.25","-2.54","年","0.11","0","0","0","0","0","0","0","0.4","0.591",""
="6166","凌華","01/08","60.7","-6.6","-9.81","年","1.326","1.805","1.5","1.3","1.6","1","0.3","2.5","1","0.933",""
="6167","久正","01/08","12.1","-0.4","-3.2","年","0.177","0","0","0","0","0","0.19","0.7","0.5","0.2",""
="6168","宏齊","01/08","20.25","-0.55","-2.64","年","0.689","0","1","1","0","0.7","1.5","1.502","0.5","0",""
="6169","昱泉","01/08","19.2","0","0","年","0","0","0","0","0","0","0","0","0","0",""
="6170","統振","01/08","49.15","+0.05","+0.1","年","1.495","0.117","","0","0.9","1.4","1.6","2.1","2.73","3.11",""
="6171","大城地產","01/08","28.2","+0.1","+0.36","年","0.944","0.2","0.3","0.2","0.3","1","1.5","1","1.5","2.5",""
="6173","信昌電","01/08","64.1","-3.4","-5.04","年","1.749","0.302","1.5","4.3","1.8","2.009","2.009","1.206","1.206","1.407",""
="6174","安碁","01/08","20.95","+0.05","+0.24","年","0.816","1","0.5","1","0","0","1.6","2.7","0.14","0.4",""
="6175","立敦","01/08","51.8","-1.8","-3.36","年","1.289","0.5","2","1.5","0.501","1.05","1.5","1.75","1.046","1.75",""
="6176","瑞儀","01/08","122.5","-1.5","-1.21","年","7.879","4.5","4.8","7","8","8","8","10","10","10.61",""
="6177","達麗","01/08","55.6","+2.1","+3.93","年","2.156","1.989","4.415","0.5","1.999","0","3","1","3","3.5",""
="6179","亞通","01/08","29","-0.05","-0.17","年","1.447","2.878","2","1.5","1.5","1.88","1.535","0.441","0.791","0.5",""
="6180","橘子","01/08","50.7","-0.1","-0.2","年","3.769","0","0.499","6.2","3.14","4","5","5.8","3.28","6",""
="6182","合晶","01/08","33.8","-1.15","-3.29","年","1.141","0","0.376","2.5","1.8","1.1","1.35","2.496","0.65","0",""
="6183","關貿","01/08","94.6","-0.5","-0.53","年","2.049","1.22","1.5","1.66","1.75","1.81","2.05","2.5","2.75","3.2",""
="6185","幃翔","01/08","15.2","-0.15","-0.98","年","0.502","1.3","0.7","0.5","0.5","0.2","0.2","0.3","0.52","0.3",""
="6186","新潤","01/08","52.6","+0.3","+0.57","年","1.941","2","1.5","1","3","1.25","3","2.2","2","1.52",""
="6187","萬潤","01/08","393","-1","-0.25","年","3.662","3","3.1","3.1","1.534","3","4.5","3.062","1.473","10.19",""
="6189","豐藝","01/08","44.95","+0.35","+0.78","年","2.916","2.3","1.8","2.63","2.28","2.671","3.678","3.43","3.456","4",""
="6190","萬泰科","01/08","46.8","-0.45","-0.95","年","1.152","0.51","0.6","1","0.8","1.008","1.393","2","1.163","1.898",""
="6191","精成科","01/08","108.5","-2.5","-2.25","年","1.476","0.4","0.6","0.3","0.501","0.803","1.751","2.621","3.3","3.01",""
="6192","巨路","01/08","108","-3","-2.7","年","3.756","2","3.3","3.3","3.3","3.4","4","4","5","5.5",""
="6194","育富","01/08","33.9","-0.4","-1.17","年","1.033","0.75","0.75","0.75","1.1","1.5","0.25","0.3","1.8","2.1",""
="6195","詩肯","01/08","25.35","-0.1","-0.39","年","2.994","2.969","3.936","3","1.8","3.938","4.4","3.4","2","1.5",""
="6196","帆宣","01/08","287","-17.5","-5.75","年","3.96","2.075","2.483","2.997","2.596","3.497","4.448","5.638","6","5.905",""
="6197","佳必琪","01/08","148","-2","-1.33","年","3.131","1.2","1.676","2","3","2.9","3","3.2","4.2","7",""
="6198","瑞築","01/08","27.55","+0.35","+1.29","年","0","0","0","0","0","0","0","0","0","0",""
="6199","天品","01/08","107","-1.5","-1.38","年","0.067","0","0.2","0.2","0.2","0","0","0","0","0",""
="6201","亞弘電","01/08","55.3","+0.5","+0.91","年","3.022","3","2.1","2.7","2.5","3","3","3","3.9","4",""
="6202","盛群","01/08","39.2","+0.55","+1.42","年","3.72","3.5","4.1","4.7","4.05","4.56","8.123","4","0.45","0",""
="6203","海韻電","01/08","67.6","-0.3","-0.44","年","3.514","2","1.2","2.5","2.5","5","5","4.933","4.997","3.5",""
="6204","艾華","01/08","77.8","-3.4","-4.19","年","6.27","1","1.1","1","2","25","7.2","17.97","0.86","0.3",""
="6205","詮欣","01/08","60.1","+1.2","+2.04","年","1.726","2","1.2","1.5","1.211","1.5","1.998","3","1.5","1.63",""
="6206","飛捷","01/08","90.6","-0.4","-0.44","年","4.722","5","4.5","5","4.5","4","4","5.5","4","6",""
="6207","雷科","01/08","51.3","-2.7","-5","年","1.611","1.5","1.8","2.5","1.201","1.5","1.5","1.5","1.5","1.5",""
="6209","今國光","01/08","60","-1.7","-2.76","年","0.244","0.5","0","0","0","0","0.5","0.7","0.5","0",""
="6210","慶生","01/08","19.95","+0.05","+0.25","年","2.122","2","3.5","2.6","3","3","3","2","0","0",""
="6212","理銘","01/08","40.35","0","0","年","1.778","1.5","1.5","3","0","3","0","0","3.5","3.5",""
="6213","聯茂","01/08","113","-0.5","-0.44","年","3.411","2.5","3.1","3.8","5","5","5","3","1.5","1.8",""
="6214","精誠","01/08","116","+0.5","+0.43","年","5.044","5","5","5","5","5","5","5","5.2","5.2",""
="6215","和椿","01/08","104","-2.5","-2.35","年","0.967","0.5","0.6","0.5","0.5","0.5","1.8","1.8","1","1.5",""
="6216","居易","01/08","26.4","-0.1","-0.38","年","1.95","2.638","2.059","1.984","1.869","1.486","1.667","1.667","1.654","2.53",""
="6217","中探針","01/08","50.6","-1.9","-3.62","年","1.061","1.7","1.6","0.699","1.028","1.049","1.67","1.5","0.3","0",""
="6218","豪勉","01/08","25.5","-0.9","-3.41","年","0.878","1.2","1.2","1.6","1.4","1","1","0","0.5","0",""
="6220","岳豐","01/08","25.35","+0.2","+0.8","年","1.453","2.3","2.3","2","0.85","1","0.129","3","0.8","0.7",""
="6221","晉泰","01/08","29.65","-0.5","-1.66","年","0.611","0.498","0.499","1.25","1.25","0","0.999","0.999","0","0",""
="6222","立軒","01/08","18.6","-0.25","-1.33","年","0","0","0","0","0","0","0","0","0","0",""
="6223","旺矽","01/08","2120","-35","-1.62","年","5.351","4.184","0.5","2","2.49","4.47","4","7","7.5","16.01",""
="6224","聚鼎","01/08","43","-1.2","-2.71","年","3.172","4.55","3","3.75","4","4.25","4.25","1.5","1.5","1.75",""
="6225","天瀚","01/08","17.2","+0.1","+0.58","年","0","0","0","0","0","0","0","0","0","0",""
="6226","光鼎","01/08","7.47","-0.09","-1.19","年","0.096","0.1","0.12","0.12","0.404","0","0.12","0","0","0",""
="6227","茂綸","01/08","82.1","-0.9","-1.08","年","2.228","1","1.1","1.5","1","1.5","3.35","4.3","2.5","3.8",""
="6228","全譜","01/08","26.25","+0.2","+0.77","年","0","0","0","0","0","0","0","0","0","0",""
="6229","研通","01/08","21.3","+0.05","+0.24","年","1.024","0.67","0.46","0.93","0.537","1.02","2.5","1.6","0.5","1",""
="6230","尼得科超眾","01/08","112","-2","-1.75","年","2.815","7.5","3.95","4.7","4.87","1.36","0.61","1.07","1.053","0.222",""
="6231","系微","01/08","220","-1.5","-0.68","年","3.183","0.3","0.85","1.5","2","3.5","5.2","6.3","2.5","6.5",""
="6233","旺玖","01/08","22.8","-1","-4.2","年","0.117","0","0","0","0","0","0","0.484","0.209","0.359",""
="6234","高僑","01/08","28.3","-0.35","-1.22","年","0.571","0.5","0.3","0.6","0.39","0.6","0.75","0.9","0.65","0.45",""
="6235","華孚","01/08","61.4","-1.3","-2.07","年","0.809","1.99","0.298","0.498","0","0.598","0.3","0.699","1.679","1.22",""
="6236","中湛","01/08","21.55","0","0","年","0","0","0","0","0","0","0","0","0","0",""
="6237","驊訊","01/08","40.2","-0.1","-0.25","年","0.445","0.25","0.5","0.25","0.253","1","1","0.25","0.25","0.25",""
="6239","力成","01/08","203","-2.5","-1.22","年","5.622","4","4.5","4.8","4.5","5","6.8","7","7","7",""
="6240","松崗","01/08","19.4","+0.25","+1.31","年","0","0","0","0","0","0","0","0","0","0",""
="6241","易通展","01/08","13.15","-0.2","-1.5","年","0","0","0","0","0","0","0","0","0","0",""
="6242","立康","01/08","38.85","0","0","年","2.122","1.3","2.5","2.5","2","2.8","1.5","2","2.5","2",""
="6243","迅杰","01/08","34.65","-0.95","-2.67","年","0.53","0","0","0","0","0","1.174","1.2","1.2","1.2",""
="6244","茂迪","01/08","21.9","-0.2","-0.9","年","0.17","0","0","0","0","0.2","0.2","0.45","0.32","0.36",""
="6245","立端","01/08","66.8","-0.5","-0.74","年","3.153","3","2","2","2.801","3.328","3","4","4.25","4",""
="6246","臺龍","01/08","13.4","-0.25","-1.83","年","0.011","0","0","0","0","0","0","0.1","0","0",""
="6248","沛波","01/08","21.2","-0.05","-0.24","年","1.302","0.8","0.7","0","2.2","1.199","1.2","1.819","2","1.8",""
="6257","矽格","01/08","115","-1.5","-1.29","年","2.834","1.649","1.761","2.06","2.197","2.866","4.13","4.2","2.598","4.043",""
="6263","普萊德","01/08","128","+0.5","+0.39","年","5.267","3.9","4.3","4.3","4.5","4","4.7","6.4","7.4","7.9",""
="6264","富裔","01/08","7.11","-0.12","-1.66","年","0","0","0","0","0","0","0","0","0","0",""
="6265","方土昶","01/08","37.3","+2.3","+6.57","年","0","0","0","0","0","0","0","0","0","0",""
="6266","泰詠","01/08","28.85","+0.05","+0.17","年","1.256","0.68","1.16","1.708","1.58","1.035","0.69","1.2","1.47","1.785",""
="6269","台郡","01/08","55.8","-2.6","-4.45","年","4.395","4.456","5.015","4.995","4.975","5.117","5","5","5","0",""
="6270","倍微","01/08","24.1","-0.4","-1.63","年","1.23","0.5","0.97","1","1.3","1.2","2","2.1","1","1",""
="6272","驊陞","01/08","43","-0.8","-1.83","年","0.233","0.3","0","0","0","0","0.3","0.35","0.35","0.8",""
="6274","台燿","01/08","467","+2","+0.43","年","4.289","2.098","3.189","4.396","4.604","4.801","5.005","4","4.008","6.504",""
="6275","元山","01/08","49.8","-3.3","-6.21","年","1.36","0.598","0.6","0","0","1.5","2.195","2.108","2.974","2.261",""
="6276","安鈦克","01/08","39.9","-0.4","-0.99","年","0.845","0","0","0","0.635","3","1","0.7","2.268","0",""
="6278","台表科","01/08","96","-0.7","-0.72","年","3.689","1","1.3","1.3","2.8","3.3","6","7","5","5.5",""
="6279","胡連","01/08","123.5","-2.5","-1.98","年","5.178","6","8","4","3","4","5","5.6","5","6",""
="6281","全國電","01/08","62.2","0","0","年","4.422","4.3","4","4","4","5","5","5","4.5","4",""
="6282","康舒","01/08","42.35","-0.95","-2.19","年","0.866","1.4","0.9","1","1.1","1.2","1","0.197","0.5","0.5",""
="6283","淳安","01/08","25.05","-0.55","-2.15","年","0.056","0.5","0","0","0","0","0","0","0","0",""
="6284","佳邦","01/08","81.8","-2.2","-2.62","年","1.202","0.456","0.461","0.8","0.5","1","1.2","1.7","2","2.7",""
="6285","啟碁","01/08","102.5","-3","-2.84","年","3.734","3.667","3.7","3.501","2.5","2.501","2.1","4.841","5.996","4.801",""
="6290","良維","01/08","170","-8","-4.49","年","2.753","2.653","1.503","1.492","3.551","3.5","2","2.11","2.973","4.998",""
="6291","沛亨","01/08","187","0","0","年","1.7","0","0","0","0","0","0","1.5","8","5.8",""
="6292","迅德","01/08","40.3","+0.3","+0.75","年","3.203","3.2","2.3","2.3","3.523","2.7","3.6","3","4.2","4",""
="6294","智基","01/08","47.05","-1.1","-2.28","年","7.778","8","7.5","8","8","9","9.5","8.8","8","3.2",""
="6405","悅城","01/08","29.6","-1.25","-4.05","年","0.511","0.2","0.5","0.5","0.5","0.6","2","0.1","0.1","0.1",""
="6409","旭隼","01/08","995","-10","-1","年","28.37","20","20","21","23.21","23.5","23.55","43.51","37.5","43",""
="6411","晶焱","01/08","74.6","-1.5","-1.97","年","3.896","1.8","3.2","4.166","4.798","5.027","7.159","3.27","2.458","3.184",""
="6412","群電","01/08","83.8","-0.7","-0.83","年","4.239","2.75","3.1","2","3.2","4","5.2","5.9","6","6",""
="6414","樺漢","01/08","291","+3.5","+1.22","年","8.691","10.12","8.878","7","3.933","5","7","12.74","11.35","12.2",""
="6415","矽力*-KY","01/08","221","-6","-2.64","年","6.912","4.924","5.98","6.524","7.475","10.46","17.98","4.494","1.96","2.401",""
="6416","瑞祺電通","01/08","89.5","+2.7","+3.11","年","3.311","5","3.529","3.5","2.824","3.644","2","3.6","2.8","2.9",""
="6417","韋僑","01/08","105","-0.5","-0.47","年","1.456","1.5","0.7","0.6","1.1","1.3","1.5","2.2","2","2.2",""
="6418","詠昇","01/08","42","-0.85","-1.98","年","0.828","1.6","1.3","1.1","0.5","0.2","0","0.55","1.1","1.1",""
="6419","京晨科","01/08","76.3","-2.5","-3.17","年","1.311","0","0","0","0","0","0","5.3","3.8","2.7",""
="6423","億而得-創","01/08","82.2","-1.9","-2.26","年","0.61","0","0","0","0","0","1","2.5","1","0.99",""
="6425","易發","01/08","83","-0.6","-0.72","年","1.067","0.492","2.1","3","0.513","0.5","0.5","1","0.5","1.002",""
="6426","統新","01/08","88.8","-1.2","-1.33","年","1.554","1.495","1.494","1.494","2","2.499","2","2","0.5","0.5",""
="6431","光麗-KY","01/08","27.15","+0.1","+0.37","年","0","0","0","0","0","0","0","0","0","0",""
="6432","今展科","01/08","32.4","-0.9","-2.7","年","1.267","1","0.188","1.6","1.3","1.57","1.6","1.5","1.243","1.4",""
="6435","大中","01/08","117","-1.5","-1.27","年","4.463","3","3.5","7.066","4.3","5","7.2","3","2.8","4.302",""
="6441","廣錠","01/08","21.6","-0.1","-0.46","年","1.01","3","4","2","0.086","0","0","0","0","0",""
="6442","光聖","01/08","1330","+35","+2.7","年","2.576","3.3","2","1.5","1.36","1","1.2","2.1","2.1","8.623",""
="6443","元晶","01/08","31.2","+2.8","+9.86","年","0.056","0","0","0","0","0","0","0.1","0.4","0",""
="6446","藥華藥","01/08","518","+11","+2.17","年","0.122","0","0","0","0","0","0","0","0","1.098",""
="6449","鈺邦","01/08","164.5","-6","-3.52","年","1.958","1.8","1.854","0.985","1","1.9","2","2.3","2.3","3.482",""
="6451","訊芯-KY","01/08","154.5","-0.5","-0.32","年","2.554","5.4","0.94","2.333","3.669","4.096","2.56","1.17","2.46","0.36",""
="6456","GIS-KY","01/08","41.85","-1.15","-2.67","年","3.667","4","9","4","3.5","4","5","3.5","0","0",""
="6461","益得","01/08","19.6","-0.05","-0.25","年","0","0","0","0","0","0","0","0","0","0",""
="6462","神盾","01/08","118","+6","+5.36","年","5.464","0","4.283","8.093","9.001","15","10","2.798","0","0",""
="6465","威潤","01/08","39.9","+3","+8.13","年","0.482","2.35","0.987","1","0","0","0","0","0","0",""
="6469","大樹","01/08","91.7","0","0","年","2.264","1.3","1.639","1.3","0.983","0.99","2.57","4.698","3.598","3.297",""
="6470","宇智","01/08","43.85","+0.7","+1.62","年","2.943","4","2","2.5","2.5","3.5","2.692","3.998","2.8","2.5",""
="6474","華豫寧","01/08","35.45","+0.05","+0.14","年","1.522","1","1.5","1.5","1.5","1.5","2","1.2","1","2.5",""
="6477","安集","01/08","34.6","-0.6","-1.7","年","0.658","0.2","0.42","0.8","0.957","1.138","0.51","0.799","0.8","0.3",""
="6482","弘煜科","01/08","39.2","-0.25","-0.63","年","0.388","0.992","0","0","0","0","0","1","0.5","1",""
="6485","點序","01/08","107.5","+5.5","+5.39","年","1.459","1.465","0","0","0.5","0.487","4.982","4","1.2","0.5",""
="6486","互動","01/08","83.2","-1","-1.19","年","5.174","3.5","3.2","4.8","6","6","6.366","5.132","5.693","5.87",""
="6491","晶碩","01/08","290","+7","+2.47","年","5.5","1","0","1.5","2.5","5","8.5","10","10","11",""
="6492","生華科","01/08","44.35","+0.75","+1.72","年","0","0","0","0","0","0","0","0","0","0",""
="6494","九齊","01/08","35.5","+0.55","+1.57","年","3.631","3","3.5","2.2","2","3.5","8","6.5","1.62","2.36",""
="6496","科懋","01/08","29.4","-0.35","-1.18","年","1.556","4","4","4","1","1","0","0","0","0",""
="6498","久禾光","01/08","87.7","-1","-1.13","年","1.085","0","0","0","0.15","1","0.991","2.482","2.5","2.641",""
="6499","益安","01/08","93","+1.8","+1.97","年","0.167","0","0","0","0","0","1","0.5","0","0",""
="6504","南六","01/08","42.9","+1.05","+2.51","年","3.9","4.8","4.5","5","4.5","12","1.2","1","1.1","1",""
="6505","台塑化","01/08","47.6","-0.1","-0.21","年","3.143","6","6.3","4.8","2.9","0.59","3.8","1.1","2","0.8",""
="6506","雙邦","01/08","15.4","-0.25","-1.6","年","1.089","1.5","1","1","1.1","0.8","2","1.2","0.4","0.8",""
="6508","惠光","01/08","23.4","+0.05","+0.21","年","1.69","1.3","1.35","1.5","1.8","1.593","2.986","2.685","1","1",""
="6509","聚和","01/08","32.8","-0.3","-0.91","年","0.935","0.507","0.4","0.6","0.712","1","1.25","1.38","1.25","1.319",""
="6510","精測","01/08","2190","-135","-5.81","年","9.294","8","10","10","10","12","13.6","11.75","0.5","7.8",""
="6512","啟發電","01/08","20.55","0","0","年","0.37","2.278","0.465","0.472","0","0","0","0.113","0","0",""
="6515","穎崴","01/08","3175","-130","-3.93","年","15.66","","","","12","12.98","10.98","22","11","25",""
="6516","勤崴國際","01/08","64.2","-1","-1.53","年","0.647","0.1","0.13","0.107","0.07","0.13","0.88","1.24","0.96","2.21",""
="6517","保勝光學","01/08","64.7","+0.4","+0.62","年","0.588","0","0","0","0","","0.5","1.2","1.5","1.5",""
="6525","捷敏-KY","01/08","75","-1","-1.32","年","4.167","3.8","3","4","3.5","4.5","5.5","5.5","3.5","4.2",""
="6526","達發","01/08","441","-7","-1.56","年","6.891","2","","","","","0","15","4.956","12.5",""
="6527","明達醫","01/08","76","+1.5","+2.01","年","1.815","1","1.005","1.727","2.55","1.4","1.94","2.4","2.064","2.25",""
="6530","創威","01/08","58.6","-1","-1.68","年","1.15","1","1","1","1","1","1.1","1.5","1.2","1.55",""
="6531","愛普*","01/08","455","-0.5","-0.11","年","4.109","1.996","1.491","0.51","0.997","4.999","5.996","6.997","6.998","6.994",""
="6532","瑞耘","01/08","55.8","-1.1","-1.93","年","1.92","0.794","1.1","2.3","1.597","2","1.8","2.693","2.4","2.6",""
="6533","晶心科","01/08","254.5","+7.5","+3.04","年","0.681","0","0","0.697","0.34","0.742","2.849","1.5","0","0",""
="6535","順藥","01/08","182","-1","-0.55","年","0","0","0","0","0","0","0","0","0","0",""
="6538","倉和","01/08","64.2","-1.8","-2.73","年","3.99","4.3","1.304","1","2.5","7","2.5","3.301","7.006","7.003",""
="6541","泰福-KY","01/08","54","+1.5","+2.86","年","0","0","0","0","0","0","0","0","0","0",""
="6542","隆中","01/08","49.4","+1.55","+3.24","年","0.911","2.366","0","3","0","0","0","0","1","1.83",""
="6546","正基","01/08","59.2","-0.6","-1","年","3.282","1","0.3","","2","4","5.457","6.5","3.5","3.5",""
="6547","高端疫苗","01/08","36.45","+0.2","+0.55","年","0","0","0","0","0","0","0","0","0","0",""
="6550","北極星藥業-KY","01/08","30.2","0","0","年","0","0","0","0","0","0","0","0","0","0",""
="6552","易華電","01/08","25.4","-1","-3.79","年","1.056","0.75","0.3","2","2","1.5","2","0.45","0.3","0.2",""
="6556","勝品","01/08","71","+0.2","+0.28","年","2.711","2","2","1.2","1.8","2","3.2","5","3","4.2",""
="6558","興能高","01/08","36.15","-1.1","-2.95","年","0.535","0.902","1.106","1.204","1","0.3","0","0","0","0.3",""
="6560","欣普羅","01/08","40.3","-0.45","-1.1","年","1.767","2","0","3","2","2.903","5","1","0","0",""
="6568","宏觀","01/08","125.5","+4.5","+3.72","年","4.428","5","5","5.904","5.996","5.06","5.015","4.023","1.817","2.037",""
="6569","醫揚","01/08","110.5","+1","+0.91","年","5.495","7","6.5","6.5","6","5.5","4","4.996","4.997","3.961",""
="6570","維田","01/08","39","+0.9","+2.36","年","1.97","1.5","1","1.8","1.4","1","3","3.934","2.6","1.5",""
="6573","虹揚-KY","01/08","15","-0.9","-5.66","年","0.25","1","1","0.25","0","0","0","0","0","0",""
="6576","逸達","01/08","79.8","+0.1","+0.13","年","0","0","0","0","0","0","0","0","0","0",""
="6577","勁豐","01/08","69","-0.3","-0.43","年","4.207","4.062","4","4.5","5","5","3.85","4.45","1","6",""
="6578","達邦蛋白","01/08","19.7","-0.3","-1.5","年","0.497","0.9","0.5","0.8","0.5","0.2","0","0.665","0.509","0.4",""
="6579","研揚","01/08","111","-2","-1.77","年","4.299","4.27","4.75","4.1","3.2","3","3.098","4.658","6.468","5.15",""
="6581","鋼聯","01/08","103.5","-0.5","-0.48","年","4.459","3.4","5.35","4.98","2.6","3","4","6.5","4.3","6",""
="6582","申豐","01/08","31.9","+0.1","+0.31","年","4.739","3.619","3.486","3.593","4.449","10","15","1.5","0","1",""
="6584","南俊國際","01/08","323","-15.5","-4.58","年","0.941","2","0.8","0.6","0.6","0","0.897","1.069","1","1.501",""
="6585","鼎基","01/08","86.3","+2.1","+2.49","年","2.814","1.5","1.5","1.5","1.5","1.5","3","3","3.905","7.924",""
="6588","東典光電","01/08","47.5","-1.95","-3.94","年","1.229","3","3.5","1","1.308","1.5","0.75","0","0","0",""
="6589","台康生技","01/08","63.4","+1","+1.6","年","0","0","0","0","0","0","0","0","0","0",""
="6591","動力-KY","01/08","73.4","-0.1","-0.14","年","2.466","1.5","2","1.498","1.464","2.728","4","3.939","2.721","2.349",""
="6592","和潤企業","01/08","61","+0.9","+1.5","年","3.056","1.5","2.4","3.3","3.1","3.5","4.2","3.5","3","3",""
"6592A","和潤企業甲特","01/08","97.5","+0.5","+0.52","年","3.191","","","","","","","1.174","4.2","4.2",""
"6592B","和潤企業乙特","01/08","98.2","0","0","年","3.021","","","","","","","","1.541","4.5",""
="6593","台灣銘板","01/08","37.7","-0.9","-2.33","年","0.805","0.5","1.3","1.8","0.5","0.5","0.7","0.5","1","0.447",""
="6596","寬宏藝術","01/08","144","+1","+0.7","年","3.255","2","3.5","1.999","4.5","4.5","0","0.5","5.3","7",""
="6597","立誠","01/08","54.5","-3.1","-5.38","年","0.627","","0","0","0","0","0.486","0.4","1.5","2.631",""
="6598","ABC-KY","01/08","23.05","+0.75","+3.36","年","0","0","0","0","0","0","0","0","0","0",""
="6605","帝寶","01/08","137.5","+0.5","+0.36","年","3.8","3","2.5","2.3","1.5","1.4","3","5","6.5","9",""
="6606","建德工業","01/08","25.3","-0.15","-0.59","年","1.78","","","0.76","1.2","2","2","2","1.5","3",""
="6609","瀧澤科","01/08","36.65","-0.4","-1.08","年","1.308","0.6","1","2.2","1","0.8","1.5","3","0.9","0.77",""
="6612","奈米醫材","01/08","71.4","-0.6","-0.83","年","0.399","0","0.499","0.497","0.5","0.1","0.5","1","0.2","0.3",""
="6614","資拓宏宇","01/08","50.3","+1.05","+2.13","年","1.283","1","0.4","0.65","1.1","1.5","1.65","2","1.75","1.5",""
="6615","慧智","01/08","30","0","0","年","1.5","2","2","2","2.6","1.4","2","1","0.2","0.3",""
="6617","共信-KY","01/08","80.6","+0.1","+0.12","年","0","0","0","0","0","0","0","0","0","0",""
="6620","漢達","01/08","83.8","-2.2","-2.56","年","0.279","0","0","0","0","0","0","0","1","1.507",""
="6624","萬年清","01/08","61.1","+0.4","+0.66","年","1.152","0.55","2.25","2.22","2","0","0","1.8","1","0.55",""
="6625","必應","01/08","81.7","+0.2","+0.25","年","1.081","0.13","0.5","1.5","0.1","0","0","0","3.5","4",""
="6637","醫影","01/08","80.8","+2.6","+3.32","年","2.472","","1.2","2.5","2.5","2.5","2","2.8","2.647","3.627",""
="6640","均華","01/08","742","+67","+9.93","年","5.167","3.5","3","3","3","3","5","6","5","15",""
="6641","基士德-KY","01/08","19.1","-0.05","-0.26","年","2.993","1.063","3.01","3.8","4.567","4.5","4.5","3.5","1","1",""
="6642","富致","01/08","51.8","-0.2","-0.38","年","2.354","","1.7","2.63","1.5","1.8","3.6","3.6","1.5","2.5",""
="6643","M31","01/08","441","-10.5","-2.33","年","6.419","","4.5","7","7.551","8","6.301","8.001","8.001","2",""
="6645","金萬林-創","01/08","17.4","-0.35","-1.97","年","0.069","","0.2","0","0","0","0.25","0.1","0","0",""
="6649","台生材","01/08","48.75","-0.55","-1.12","年","0.025","","0","0","0","0","0","0.2","0","0",""
="6651","全宇昕","01/08","78.5","-2.3","-2.85","年","3.483","","1.84","1.02","1","3","4.001","6","4","7",""
="6654","天正國際","01/08","85","+0.5","+0.59","年","1.811","1.8","1","5.5","1","1.5","4.5","1","0","0",""
="6657","華安","01/08","41.1","-0.1","-0.24","年","0","","0","0","0","0","0","0","0","0",""
="6658","聯策","01/08","57.5","0","0","年","1.211","","1.2","1.2","1.2","0.6","1.2","2","1.2","1.085",""
="6661","威健生技","01/08","18.8","+0.35","+1.9","年","0.585","","0.311","1.262","1.341","1.102","0.484","0.181","0","0",""
="6662","樂斯科","01/08","30.5","+0.15","+0.49","年","1.725","","1.8","1.85","1.9","2","1.6","1.5","1.65","1.5",""
="6664","群翊","01/08","294","-7.5","-2.49","年","5.747","","4","4","4.2","4.3","4.9","6.828","7.821","9.926",""
="6666","羅麗芬-KY","01/08","45.7","+0.15","+0.33","年","3.288","","4.4","7","7","2","1.5","1.1","1.3","2",""
="6667","信紘科","01/08","258","-4.5","-1.71","年","3.685","1.53","3","2.795","1.986","1.66","2.94","4.24","6.46","8.55",""
="6668","中揚光","01/08","35.5","-0.65","-1.8","年","0.645","1","2","1","0.8","1.004","0","0","0","0",""
="6669","緯穎","01/08","4650","-20","-0.43","年","33.25","","4.036","16","23","32","25","50","42","74",""
="6670","復盛應用","01/08","262.5","+3.5","+1.35","年","12.57","","9","11","8","6.6","12","22","12.31","19.65",""
="6671","三能-KY","01/08","36.45","+0.35","+0.97","年","2.888","","4","3","3","3","3","2","2.5","2.6",""
="6674","鋐寶科技","01/08","19.95","+0.35","+1.79","年","0.937","","1.796","1.8","1.4","1","1","0.5","0","0",""
="6680","鑫創電子","01/08","60.1","-1","-1.64","年","2.069","","2","2.5","2.522","2","1.2","1.995","1.289","3.049",""
="6683","雍智科技","01/08","388","-11.5","-2.88","年","5.784","","2","3","4","5.5","7.757","7.502","6.509","10",""
="6684","安格","01/08","48.55","-0.1","-0.21","年","1.163","","","0.648","0","2.006","4.509","0.977","0","0",""
="6689","伊雲谷","01/08","60.4","+0.4","+0.67","年","1.784","","","1.739","0.35","1.1","2.5","2.8","2","2",""
="6690","安碁資訊","01/08","171.5","+2.5","+1.48","年","4.1","","","3","3","3.3","3.7","4.5","5.201","6",""
="6691","洋基工程","01/08","585","+18","+3.17","年","12.79","","","8","10","6.3","14","19.25","16","16",""
="6692","進能服","01/08","27.45","-0.7","-2.49","年","1.1","","","1","2","2","1","1","0.2","0.499",""
="6693","廣閎科","01/08","81","+2.2","+2.79","年","1.06","","","0","0","0.197","2.222","2","1","2.001",""
="6695","芯鼎","01/08","43.6","-0.9","-2.02","年","0","","","0","0","0","0","0","0","0",""
="6697","東捷資訊","01/08","48","0","0","年","1.929","","","1.6","2","2","2","1.6","2.2","2.1",""
="6698","旭暉應材","01/08","32.3","-1.4","-4.15","年","0.443","","","1","1.6","0.5","0","0","0","0",""
="6706","惠特","01/08","125.5","-2.5","-1.95","年","3.181","","0","3.971","3.974","4","10","3.5","0","0",""
="6708","天擎","01/08","42","+0.1","+0.24","年","0.393","","","0.12","0.08","0.5","0.75","0.9","0.4","0",""
="6712","長聖","01/08","162","-0.5","-0.31","年","2.588","","","0","0","0","5","1.993","6","5.121",""
="6715","嘉基","01/08","101","+0.5","+0.5","年","2.613","","","0.5","1.8","2.5","1.8","4.471","3.303","3.92",""
="6716","應廣","01/08","45.9","-0.65","-1.4","年","3.873","","","3","2.729","4","7.5","4.5","2.001","3.382",""
="6719","力智","01/08","182","-4.5","-2.41","年","3.378","","","1","0","1.499","7.495","9.961","1.992","1.697",""
="6720","久昌","01/08","118","-1.5","-1.26","年","1.142","","","0","0.32","0.6","1.54","0.06","1.68","3.797",""
="6721","信實","01/08","60.9","0","0","年","2.994","","","3","2.4","4","3.556","2.4","2.6","3",""
="6725","矽科宏晟","01/08","255","-15","-5.56","年","2.529","","","0","0","0","1","1.7","7","8",""
="6727","亞泰金屬","01/08","172","-1.5","-0.86","年","2.639","","","2","2","2.5","3","3.971","2","3",""
="6728","上洋","01/08","132.5","-1","-0.75","年","5.874","","","0.934","4","4.2","9","10","4.983","8",""
="6730","常廣","01/08","35.55","-0.35","-0.97","年","1.284","","","1.89","1.5","0.8","1","1.8","1","1",""
="6732","昇佳電子","01/08","178.5","-0.5","-0.28","年","18.35","","","","20.1","22.5","30","15","12.5","10",""
="6733","博晟生醫","01/08","38.55","0","0","年","0","","","","0","0","0","0","0","0",""
="6735","美達科技","01/08","52.6","-2","-3.66","年","1.607","","","0.25","0.8","2.5","3.2","2.4","0.3","1.8",""
="6739","竹陞科技","01/08","706","-25","-3.42","年","1.337","","","","0","0","0","1.004","2.016","5",""
="6741","91APP*-KY","01/08","73.4","+0.2","+0.27","年","0.647","","","","0","0","0.49","0.7","0.95","1.743",""
="6742","澤米","01/08","44.15","-0.95","-2.11","年","0.542","","","","0","0","0","1.75","1.2","0.303",""
="6743","安普新","01/08","27.95","+0.9","+3.33","年","0.848","","","","0.45","1.639","0.5","0.5","0.5","1.5",""
="6751","智聯服務","01/08","53.9","-1.4","-2.53","年","2.042","","","","2.053","2.1","2.1","3","2","1",""
="6752","叡揚","01/08","122.5","-4","-3.16","年","2.583","","","","1.8","2.2","2.2","2.6","3","3.7",""
="6753","龍德造船","01/08","135","+5.5","+4.25","年","0.767","","","","0.42","0.58","0.25","1","1.1","1.25",""
="6754","匯僑設計","01/08","47.8","+0.25","+0.53","年","3.383","","","","2.8","2.8","3.5","3.7","3.5","4",""
="6756","威鋒電子","01/08","81","-2.5","-2.99","年","5.012","","","","3.3","4.5","10.99","7.489","1.998","1.8",""
="6757","台灣虎航","01/08","66.7","+0.7","+1.06","年","1.342","","","","2","0","0","0","0","6.05",""
="6761","穩得","01/08","135","-5.5","-3.91","年","4.337","","","","2.5","3","5.8","5.1","3.994","5.627",""
="6762","達亞","01/08","179","0","0","年","2.75","","","","4","8","3","1","0.2","0.3",""
="6767","台微醫","01/08","27.75","-0.05","-0.18","年","0","","","","0","0","0","0","0","0",""
="6768","志強-KY","01/08","104","+1","+0.97","年","4.295","","","","","3","3.5","5","3.8","6.175",""
="6776","展碁國際","01/08","57","+0.4","+0.71","年","2.783","","","","1.5","2","3.2","3.5","3.5","3",""
="6781","AES-KY","01/08","1260","-10","-0.79","年","12.68","","","","","5.3","15","19","11.6","12.5",""
="6785","昱展新藥","01/08","276.5","-1.5","-0.54","年","0.35","","","","","0","0","0","1.5","0.25",""
="6788","華景電","01/08","342","-26.5","-7.19","年","6.083","","","","3.5","4","5","8","6","10",""
="6789","采鈺","01/08","278","-2.5","-0.89","年","1.969","","","","","1.987","1.865","1.998","0.999","2.997",""
="6790","永豐實","01/08","38.1","+0.25","+0.66","年","2.759","","","","1.706","4","3","2.3","3","2.55",""
="6791","虎門科技","01/08","104","-1","-0.95","年","3.347","","","","","3.149","3.457","3.181","3.469","3.481",""
="6792","詠業","01/08","50.3","-0.9","-1.76","年","4.02","","","","","3.5","5.5","5","3.6","2.5",""
="6794","向榮生技","01/08","86.6","+2","+2.36","年","0","","","","","0","0","0","0","0",""
="6796","晉弘","01/08","91.7","-1.1","-1.19","年","1.459","","","","","1.6","1.603","1.797","1.796","0.5",""
="6803","崑鼎","01/08","300.5","-4","-1.31","年","12.08","11.34","9.646","10.82","10.83","10.95","11.94","13.51","14.49","15.24",""
="6804","明係","01/08","16.95","-0.15","-0.88","年","1.449","","","","","0.452","0.594","2.6","2.6","1",""
="6805","富世達","01/08","1365","-40","-2.85","年","4.485","","","","","0.423","4.5","4","5.5","8",""
="6806","森崴能源","01/08","37.65","-0.25","-0.66","年","0.862","","","","0","1","1","0.5","1.443","1.227",""
="6807","峰源-KY","01/08","45.3","0","0","年","2.84","","","","","","2.37","1.89","2.6","4.5",""
="6811","宏碁資訊","01/08","211.5","+1.5","+0.71","年","6.9","","","","","3.5","5.5","7.5","8.5","9.5",""
="6821","聯寶","01/08","36.55","-0.25","-0.68","年","1.333","","","","","1","1.1","2.01","1.56","0.995",""
="6823","濾能","01/08","74.8","-2.3","-2.98","年","1.005","","","","","0.5","2.025","2.5","0","0",""
="6829","千附精密","01/08","110","+1.5","+1.38","年","4.412","","","","","","4.25","5.4","3","5",""
="6830","汎銓","01/08","183","+1.5","+0.83","年","3.6","","","","","2.5","4.5","5.5","4.5","1",""
="6831","邁科","01/08","270","-6.5","-2.35","年","0.512","","","","","0","0","0.532","0.779","1.25",""
="6834","天二科技","01/08","27.15","-1.5","-5.24","年","0.72","","","","","0.4","1.6","1.1","0","0.5",""
="6835","圓裕","01/08","38.85","+0.05","+0.13","年","2","","","","","2","2","2","2","2",""
="6838","台新藥","01/08","27.05","+0.05","+0.19","年","0","","","","","","0","0","0","0",""
="6840","東研信超","01/08","60.5","-2.2","-3.51","年","1.326","","","","","1","2.6","2.728","0","0.3",""
="6841","長佳智能","01/08","66.7","-0.5","-0.74","年","1.005","","","","","","0","2","1","1.022",""
="6843","進典","01/08","54","-0.7","-1.28","年","2.2","","","","","2","2","2.5","2.5","2",""
="6844","諾貝兒","01/08","73.3","+1.3","+1.81","年","7.049","","","","","","7","10","6.097","5.1",""
="6846","綠茵","01/08","74.9","+1","+1.35","年","4.559","","","","","","8.2","3.9","3.496","3.599","3.599"
="6854","錼創科技-KY創","01/08","132","-5.5","-4","年","0","","","","","","0","0","0","0",""
="6855","數泓科","01/08","108.5","0","0","年","4","","","","","2","4","4.5","3.5","6",""
="6856","鑫傳","01/08","55","0","0","年","3.754","","","","","","3.8","4","3.815","3.4",""
="6859","伯特光","01/08","114.5","+0.5","+0.44","年","2","","","","","","1.5","2","2","2.5",""
="6861","睿生光電","01/08","66","-0.3","-0.45","年","1.325","","","","","","1.1","1.3","1.1","1.8",""
="6862","三集瑞-KY","01/08","170","-9.5","-5.29","年","5.05","","","","","","","","4.1","6",""
="6863","永道-KY","01/08","117.5","-0.5","-0.42","年","3.493","","","","","","","1.98","3","5.5",""
="6865","偉康科技","01/08","48.6","-0.35","-0.72","年","2.1","","","","","","3","2.8","1.6","1",""
="6869","雲豹能源","01/08","90.7","-0.7","-0.77","年","3.128","","","","","","0.2","2","5.308","5.005",""
="6870","騰雲","01/08","226.5","+5","+2.26","年","2.604","","","","","0.2","2.222","3","3.3","4.3",""
="6872","浩宇生醫","01/08","20.1","-0.1","-0.5","年","0","","","","","","0","0","0","0",""
="6873","泓德能源","01/08","95.4","-0.4","-0.42","年","3.821","","","","","","2","4","4.026","5.259",""
="6874","倍力","01/08","66.6","0","0","年","2.828","","","","","1","1.5","3.8","3.8","4.04",""
="6875","國邑*","01/08","51.1","-0.1","-0.2","年","0","","","","","","0","","0","0",""
="6877","鏵友益","01/08","89.2","+2.6","+3","年","0.285","","","","","","0.34","0.7","0","0.1",""
="6881","潤德","01/08","229","0","0","年","9.125","","","","","","5","7.5","9","15",""
="6884","海柏特","01/08","35.8","-0.85","-2.32","年","0.9","","","","","","0","1","1.1","1.5",""
="6885","全福生技","01/08","28.35","0","0","年","0","","","","","","0","0","0","0",""
="6887","寶綠特-KY","01/08","58.9","-0.4","-0.67","年","3.963","","","","","","","","","3.963",""
="6890","來億-KY","01/08","241","+2","+0.84","年","6.705","","","","","","","","4.411","9",""
="6894","衛司特","01/08","230.5","-3.5","-1.5","年","6.652","","","","","","6.309","7","6.5","6.8",""
="6895","宏碩系統","01/08","175.5","-7.5","-4.1","年","2.612","","","","","","2.5","3.45","2.2","2.3",""
="6901","鑽石投資","01/08","16.75","+0.3","+1.82","年","0.067","","","","","","","0.2","0","0",""
="6902","GOGOLOOK","01/08","75","-0.5","-0.66","年","0","","","","","","","0","0","0",""
="6903","巨漢","01/08","224","-1","-0.44","年","11.76","","","","","","","18","9.271","8",""
="6904","伯鑫","01/08","116","0","0","年","5.6","","","","","","","3.7","4.1","9",""
="6906","現觀科","01/08","75.4","+0.3","+0.4","年","3.243","","","","","","","3.4","3","3.329",""
="6909","創控","01/08","44.6","-3.65","-7.56","年","0.624","","","","","","","0.072","0.8","1",""
="6910","德鴻","01/08","35.95","-0.35","-0.96","年","1.167","","","","","","","1","1","1.5",""
="6913","鴻呈","01/08","113.5","-2.5","-2.16","年","2.503","","","","","","1.5","4.5","2","2.011",""
="6914","阜爾運通","01/08","143.5","0","0","年","4.449","","","","","","","2.8","4.547","6",""
="6916","華凌","01/08","18.25","-0.5","-2.67","年","0.8","","","","","","","1.071","1.05","0.28",""
="6918","愛派司","01/08","84.8","-0.2","-0.24","年","2.475","","","","","","","0.7","2.726","4",""
="6921","嘉雨思-創","01/08","65","-1","-1.52","年","0","","","","","","","0","0","0",""
="6922","宸曜","01/08","167","-3.5","-2.05","年","4.515","","","","","","4","5.704","3.57","4.787",""
="6923","中台","01/08","101","-2.5","-2.42","年","2.972","","","","","","","2","2.9","4.017",""
="6924","榮惠-KY創","01/08","80","+5.1","+6.81","年","4.75","","","","","","","","4","5.5",""
="6925","意藍","01/08","88.7","-0.8","-0.89","年","1.25","","","","","","0","1.5","1.5","2",""
="6928","攸泰科技","01/08","50.8","0","0","年","0.667","","","","","","","0.5","1","0.5",""
="6929","佑全","01/08","31.6","0","0","年","0.068","","","","","","0","0","0.271","0",""
="6933","AMAX-KY","01/08","147.5","-1.5","-1.01","年","1.657","","","","","","","0","2.972","1.999",""
="6936","永鴻生技","01/08","35.9","-0.05","-0.14","年","1.312","","","","","","","1.21","1.04","1.687",""
="6937","天虹","01/08","236","-4.5","-1.87","年","1.701","","","","","","","1","2","2.103",""
="6944","兆聯實業","01/08","733","-2","-0.27","年","8","","","","","","","2","8","14",""
="6949","沛爾生醫-創","01/08","336.5","+10","+3.06","年","0","","","","","","","","0","0",""
="6951","青新-創","01/08","73","0","0","年","2.55","","","","","","","1.5","2.35","3.8",""
="6952","大武山","01/08","42.7","-0.1","-0.23","年","1.333","","","","","","","1","1","2",""
="6953","家碩","01/08","215","-4","-1.83","年","4.167","","","","","","","2","4.5","6",""
="6955","邦睿生技-創","01/08","157.5","0","0","年","0.85","","","","","","","","0.2","1.5",""
="6957","裕慶-KY","01/08","197","+0.5","+0.25","年","13.08","","","","","","","","13","13.16",""
="6958","日盛台駿","01/08","15.4","+0.05","+0.33","年","1.067","","","","","","","2","1","0.2",""
="6962","奕力-KY","01/08","38","-0.9","-2.31","年","1.54","","","","","","","","1.08","2",""
="6965","中傑-KY","01/08","88","+1","+1.15","年","6","","","","","","","","","6",""
="6967","汎瑋材料","01/08","67.3","-2.8","-3.99","年","3.15","","","","","","","","3.5","2.8",""
="6968","萬達寵物","01/08","53.7","-0.3","-0.56","年","0.9","","","","","","","0.7","1","1",""
="6969","成信實業*-創","01/08","29.5","+0.4","+1.37","年","0","","","","","","","","0","0",""
="6971","惠民實業","01/08","29.3","-0.25","-0.85","年","1.333","","","","","","","1","1.5","1.5",""
="6982","大井泵浦","01/08","64.5","-0.8","-1.23","年","1.85","","","","","","","","1.6","2.1",""
="6988","威力暘-創","01/08","14.05","+0.25","+1.81","年","0.4","","","","","","","","0.35","0.45",""
="6994","富威電力","01/08","92.8","-2","-2.11","年","0.727","","","","","","","","0.5","0.955",""
="6996","力領科技","01/08","159","+3","+1.92","年","11.48","","","","","","","","10.32","12.65",""
="6997","博弘","01/08","89","0","0","年","4.53","","","","","","","","4.06","5",""
="7402","邑錡","01/08","136","+9.5","+7.51","年","0.963","0.405","0.35","1.2","0.565","0.7","0.997","1.16","1.485","1.8",""
="7547","碩網","01/08","56.8","+0.8","+1.43","年","0.758","","","","0.6","0.6","0.6","0.6","0.8","1.35",""
="7556","意德士","01/08","166","-2","-1.19","年","2.533","","","","2","2.1","2.4","3","2.5","3.2",""
="7584","樂意","01/08","40.6","0","0","年","2.8","","","","","1","1","4","4","4",""
="7610","聯友金屬-創","01/08","153","+1","+0.66","年","0.163","","","","","","0","0.35","0.1","0.201",""
="7642","昶瑞機電","01/08","80.3","+2.2","+2.82","年","4.9","","","","","","","","4.8","5",""
="7703","銳澤","01/08","234","-2","-0.85","年","6.25","","","","","","","","7","5.5",""
="7704","明遠精密","01/08","45.8","-1.1","-2.35","年","2.528","","","","","","","","2.8","2.256",""
="7705","三商餐飲","01/08","39.45","+0.1","+0.25","年","3.5","","","","","","","","3.2","3.8",""
="7708","全家餐飲","01/08","94.5","0","0","年","3.5","","","","","","","","2.5","4.5",""
="7709","榮田","01/08","39","+1.3","+3.45","年","2.15","","","","","","","","2","2.3",""
="7711","永擎","01/08","263","+3.5","+1.35","年","2.059","","","","","","","","0.118","4.001",""
="7712","博盛半導體","01/08","82.8","-2.5","-2.93","年","1.833","","","","","","","0","1.5","4",""
="7713","威力德生醫","01/08","70.5","-1.5","-2.08","年","2.834","","","","","","","","2.3","3.368",""
="7715","裕山","01/08","31.2","+0.7","+2.3","年","2.493","","","","","","","","2","2.986",""
="7716","昱臺國際","01/08","25.2","+0.3","+1.2","年","1.625","","","","","","","","1.25","2",""
="7717","萊德光電-KY","01/08","380.5","-7.5","-1.93","年","1","","","","","","","","","1",""
="7718","友鋮","01/08","44.1","-0.25","-0.56","年","3.25","","","","","","","","3","3.5",""
="7721","微程式","01/08","47.9","0","0","年","1","","","","","","","0","1","2",""
="7722","LINEPAY","01/08","549","-8","-1.44","年","0.75","","","","","","","","0","1.5",""
="7728","光焱科技","01/08","605","-8","-1.31","年","6.319","","","","","","","","5.606","7.032",""
="7730","暉盛-創","01/08","99","+3.4","+3.56","年","1.5","","","","","","","","2","1",""
="7732","金興精密","01/08","40","0","0","年","1.826","","","","","","","","1.652","2",""
="7734","印能科技","01/08","977","-20","-2.01","年","18.23","","","","","","","","14.75","21.72",""
="7736","虎山","01/08","87.1","-1.7","-1.91","年","2.81","","","","","","","","2.1","3.52",""
="7740","熙特爾-創","01/08","153","-4","-2.55","年","0","","","","","","","","0","0",""
="7743","金利食安","01/08","20","-0.6","-2.91","年","0.99","","","","","","","","0.58","1.4",""
="7744","崴寶","01/08","336","-12","-3.45","年","3.5","","","","","","","","2","5",""
="7747","昕奇雲端","01/08","118.5","-1","-0.84","年","2.481","","","","","","","","1.517","3.446",""
="7749","意騰-KY","01/08","455","-16.5","-3.5","年","5.26","","","","","","","","","5.26",""
="7750","新代","01/08","860","+7","+0.82","年","8.5","","","","","","","","6","11",""
="7751","竑騰","01/08","709","-21","-2.88","年","8","","","","","","","","6","10",""
="7753","星亞","01/08","43","+0.05","+0.12","年","1.913","","","","","","","","2.5","1.326",""
="7757","金色三麥","01/08","116","+7","+6.42","年","8.75","","","","","","","","8.5","9",""
="7765","中華資安","01/08","281.5","-3","-1.05","年","7.952","","","","","","","","6.678","9.225",""
="7767","仁大資訊","01/08","48.2","-0.7","-1.43","年","3","","","","","","","","","3",""
="7769","鴻勁","01/08","3130","-190","-5.72","年","22.5","","","","","","","","","22.5",""
="7770","君曜","01/08","57.8","-1.6","-2.69","年","4.5","","","","","","","","5","4",""
="7782","光速火箭","01/08","29","-0.05","-0.17","年","1.894","","","","","","","","0.77","3.018",""
="7786","東方風能","01/08","169.5","+15","+9.71","年","1.5","","","","","","","","1","2",""
="7788","松川精密","01/08","131.5","-2.5","-1.87","年","1.75","","","","","","","","1","2.5",""
="7791","皇家可口","01/08","71.4","-0.1","-0.14","年","3.445","","","","","","","","3.59","3.3",""
="7799","禾榮科","01/08","391","+4","+1.03","年","0","","","","","","","","0","0",""
="7805","威聯通","01/08","669","-13","-1.91","年","39.99","","","","","","","","39.99","40",""
="7810","捷創科技","01/08","264","-26","-8.97","年","3.75","","","","","","","","3.5","4",""
="8011","台通","01/08","21.4","-0.6","-2.73","年","0.216","0.543","0","0","0","0","0","0","0","1.4",""
="8016","矽創","01/08","186","+2","+1.09","年","12.06","6","5.501","5","6.5","7.5","32","22","12","12",""
="8021","尖點","01/08","196","+3","+1.55","年","1.289","0.911","0.4","1.2","1.2","1.58","2.3","2","0.8","1.207",""
="8024","佑華","01/08","12","+0.1","+0.84","年","0.478","0.3","0.3","0.3","0","0","1.4","2","0","0",""
="8027","鈦昇","01/08","106","-4","-3.64","年","0.621","0","0","0.303","0","1.189","1.594","2.003","0.501","0",""
="8028","昇陽半導體","01/08","192","-4.5","-2.29","年","1.544","1.5","1.6","1.6","2","0.6","0.8","1.8","1.8","2.2",""
="8032","光菱","01/08","36.75","-0.45","-1.21","年","1.503","1.8","1.7","2","1.13","1","1.8","2.2","0.8","1.1",""
="8033","雷虎","01/08","158.5","+14","+9.69","年","0","0","0","0","0","0","0","0","0","0",""
="8034","榮群","01/08","24","-1.4","-5.51","年","0.422","0","0","0","0.2","0","1","0.6","1.2","0.8",""
="8038","長園科","01/08","53.5","+0.8","+1.52","年","0","0","0","0","0","0","0","0","0","0",""
="8039","台虹","01/08","83.2","-2.9","-3.37","年","2.268","1.999","2.5","2.5","2.5","2.5","2.5","2.5","0.92","2.495",""
="8040","九暘","01/08","49.1","0","0","年","0.222","0","0","0","0.2","0","0.6","1.2","0","0",""
="8042","金山電","01/08","58","-4","-6.45","年","1.59","3.47","2.942","2","0","0.7","1","1.5","1.2","1.5",""
="8043","蜜望實","01/08","79.5","-1.9","-2.33","年","0.909","1","0.8","2.6","0.5","0.202","1","1.08","0.2","0.8",""
="8044","網家","01/08","30.1","-0.15","-0.5","年","0.832","4.963","0","0","0.7","1.314","0.508","0","0","0",""
="8045","達運光電","01/08","73.5","-0.3","-0.41","年","1.052","0","0.2","0.6","0.5","0.5","0.5","0.7","4.5","1.968",""
="8046","南電","01/08","237","-4.5","-1.86","年","4.511","0.8","0.5","0.7","0.7","3.4","10","18","5.5","1",""
="8047","星雲","01/08","50.8","-0.2","-0.39","年","0.122","0.35","0.35","0","0","0.15","0.25","0","0","0",""
="8048","德勝","01/08","55.7","+0.4","+0.72","年","2.28","2.019","2.2","2.2","2.5","2","2.2","2.2","3","2.2",""
="8049","晶采","01/08","25.75","-0.55","-2.09","年","1.994","1.3","1.399","2","1.8","1.65","2.1","3","2.7","2",""
="8050","廣積","01/08","42.4","-0.4","-0.93","年","3.055","4.031","2.511","1.999","2.008","1.832","2.165","5.584","4.18","3.184",""
="8054","安國","01/08","124","+1","+0.81","年","0.72","0.795","1","1","0.536","0.5","1.65","0.5","0.5","0",""
="8059","凱碩","01/08","22.35","+2","+9.83","年","0.022","0.2","0","0","0","0","0","0","0","0",""
="8064","東捷","01/08","46.9","+0.05","+0.11","年","0.789","0.85","0","1","1","0.2","1.25","1.5","0.7","0.6",""
="8066","來思達","01/08","19.75","-0.05","-0.25","年","4.011","6","8","10","6.103","3","1","1","1","0",""
="8067","志旭","01/08","16.35","-0.05","-0.3","年","0","0","0","0","0","0","0","0","0","0",""
="8068","全達","01/08","26","+0.4","+1.56","年","0","0","0","0","0","0","0","0","0","0",""
="8069","元太","01/08","173.5","-7","-3.88","年","3.01","1.496","1.64","2.092","2","2.686","3.2","4.5","4.49","4.99",""
="8071","能率網通","01/08","17.75","-0.15","-0.84","年","0.352","0.2","0.15","0.42","0.5","0.2","1.2","0.5","0","0",""
="8072","陞泰","01/08","30.5","-0.55","-1.77","年","0.556","0.5","0.5","0.5","0.2","0.2","0.35","1","0.75","1",""
="8074","鉅橡","01/08","51.2","+4.6","+9.87","年","1.2","1.669","1.389","1.24","1","1","1","1.5","1","1",""
="8076","伍豐","01/08","23.4","-0.25","-1.06","年","0.674","0.7","0.7","1","0.262","0.5","0.3","0.7","0.8","1.1",""
="8077","洛碁","01/08","45.95","+2.55","+5.88","年","0.222","0","0","0","0","0","0","0","0","2",""
="8080","泰霖","01/08","29.75","-0.05","-0.17","年","0","0","0","0","0","0","0","0","0","0",""
="8081","致新","01/08","213","-2","-0.93","年","10.17","5","4.5","5","7.5","9.5","16","14","14","16",""
="8083","瑞穎","01/08","158.5","+1","+0.63","年","9.133","8.5","8.5","8.8","9","10","10.2","10.2","7","10",""
="8084","巨虹","01/08","61.2","-1.5","-2.39","年","0","0","0","0","0","0","0","0","0","0",""
="8085","福華","01/08","15.85","-0.3","-1.86","年","0.033","0","0","0","0","0","0.2","0.1","0","0",""
="8086","宏捷科","01/08","110","+1","+0.92","年","1.643","2.4","1.4","1.5","1.7","2.8","2.8","0","1","1.19",""
="8087","麗升能源","01/08","30.9","-0.9","-2.83","年","0.177","0","0.1","0","0","0","0","0","0.493","1",""
="8088","品安","01/08","54.1","+4.85","+9.85","年","1.216","0.529","0.191","0.44","2.08","1.2","1","2.4","2.6","0.5",""
="8089","康全電訊","01/08","28","-0.2","-0.71","年","1.158","1.3","1","1.5","1.687","1.991","0.992","0.7","0","1.25",""
="8091","翔名","01/08","117","-1","-0.85","年","5.144","3.631","8.1","5.626","1.452","2.58","3.909","7","6","8",""
="8092","建暐","01/08","14","-0.5","-3.45","年","0","0","0","0","0","0","0","0","0","0",""
="8096","擎亞","01/08","51.7","-2.4","-4.44","年","0.153","0","0.2","0","0.2","0.2","0.25","0.03","0","0.5",""
="8097","常珵","01/08","59.1","-0.5","-0.84","年","0.224","0","0","0","0","0","0","2.012","0","0",""
="8099","大世科","01/08","70.2","-0.1","-0.14","年","1.32","1.14","1.62","0.52","1.05","1.35","1.8","1.75","1.85","0.8",""
="8101","華冠","01/08","16.75","+0.45","+2.76","年","0","0","0","0","0","0","0","0","0","0",""
="8103","瀚荃","01/08","96.8","+3.9","+4.2","年","1.592","1.8","1","1","1.031","1.4","2","2","1.231","2.862",""
="8104","錸寶","01/08","32","-0.4","-1.23","年","1.239","0.5","0.7","3","0.35","2.995","2.005","1.5","0","0.1",""
="8105","凌巨","01/08","14","-1","-6.67","年","0.089","0.2","0.2","0","0.1","0","0","0.2","0.1","0",""
="8107","大億金茂","01/08","13.8","-0.1","-0.72","年","1.165","0","7","1","1","0.067","0.15","0.27","0","1",""
="8109","博大","01/08","102","+0.5","+0.49","年","4.224","3.5","4","4.5","4.025","3.5","4","3.995","6","4.5",""
="8110","華東","01/08","72.6","-2.5","-3.33","年","0.254","0.25","0.85","0.3","0","0.2","0.13","0.15","0.204","0.2",""
="8111","立碁","01/08","68.2","+1.2","+1.79","年","0.756","0","0","0.45","0.458","0.9","2.1","1.2","0.8","0.9",""
="8112","至上","01/08","81.5","-3","-3.55","年","3.307","2.477","2.799","3","2.7","3","4","4.4","4.035","3.351",""
"8112A","至上甲特","01/08","44.6","-0.05","-0.11","年","1.914","","","","","","","1.692","2.025","2.025",""
="8114","振樺電","01/08","178.5","+5","+2.88","年","5.589","7.943","6.2","6.2","4.5","1.5","4.5","6.994","4.697","7.764",""
="8121","越峰","01/08","28.7","-0.45","-1.54","年","0","0","0","0","0","0","0","0","0","0",""
="8131","福懋科","01/08","67.3","-1.1","-1.61","年","2.183","2","2.5","2.5","2.2","2.3","2.5","3.3","0.9","1.45",""
="8147","正淩","01/08","104.5","-1.5","-1.42","年","1.451","1.998","2","0.55","0","0.498","1.04","2.657","2.327","1.991",""
="8150","南茂","01/08","53","-0.2","-0.38","年","1.792","1","0.3","1.2","1.8","2.2","4.3","2.3","1.8","1.23",""
="8155","博智","01/08","170","-1.5","-0.87","年","5.037","2.93","5.5","5.6","3.6","7","6","7.301","3.6","3.8",""
="8162","微矽電子-創","01/08","37.45","-0.3","-0.79","年","1","","","","","","","1.5","0.5","1",""
="8163","達方","01/08","30.3","-0.4","-1.3","年","2.7","2","2","3.5","2.3","2.5","3","3","4","2",""
="8171","天宇","01/08","23","-0.85","-3.56","年","0.1","0","0","0","0.25","0","0","0.652","0","0",""
="8176","智捷","01/08","10.85","0","0","年","0.178","0.3","0.55","0.6","0.15","0","0","0","0","0",""
="8182","加高","01/08","25.85","-0.25","-0.96","年","1.383","0.65","1","1.1","1","1.5","3","1","1.2","2",""
="8183","精星","01/08","33.2","-0.95","-2.78","年","0.956","0.3","0.4","0.4","0.45","0.8","1.255","1.9","1.8","1.3",""
="8201","無敵","01/08","14.95","+1.35","+9.93","年","0","0","0","0","0","0","0","0","0","0",""
="8210","勤誠","01/08","921","-54","-5.54","年","4.233","3","3","4","4.6","4.002","3.001","4.001","5","7.494",""
="8213","志超","01/08","33.5","-0.8","-2.33","年","2.347","1.5","1.513","2.183","2.547","3.5","5","2.5","1","1.38",""
="8215","明基材","01/08","21","-1.2","-5.41","年","0.891","0","0.9","0.6","0.5","0.7","1.5","2","1.2","0.62",""
="8222","寶一","01/08","40.65","+0.6","+1.5","年","0.339","0.8","0.3","0.5","0.45","0","0","0","0.3","0.7",""
="8227","巨有科技","01/08","141","-4","-2.76","年","1.35","","","","","","0","1.5","2.3","1.6",""
="8234","新漢","01/08","71.4","-1.5","-2.06","年","1.133","1.496","0.6","0.7","0.8","0.8","1","3","1.2","0.6",""
="8240","華宏","01/08","42.65","+2.75","+6.89","年","1.206","0","0","0.85","1.3","1.6","2.5","1.5","1.5","1.6",""
="8255","朋程","01/08","117.5","-3","-2.49","年","4.61","6.5","6","5","4.5","2.301","4","4","5","4.186",""
="8261","富鼎","01/08","88.6","-2.2","-2.42","年","2.256","0.7","0.45","1","0.5","1","6","4.977","2.488","3.191",""
="8271","宇瞻","01/08","127","+7.5","+6.28","年","2.624","2.4","2.6","2.5","2.55","2.02","2.89","3.3","3.15","2.21",""
="8272","全景軟體","01/08","82.2","0","0","年","2.635","","","","","","","","2.87","2.4",""
="8277","商丞","01/08","9.03","+0.17","+1.92","年","0","0","0","0","0","0","0","0","0","0",""
="8279","生展","01/08","119","+0.5","+0.42","年","3.333","1","1","2.5","3","3.5","4","5","5","5",""
="8284","三竹","01/08","63.3","0","0","年","2.637","0","1.201","2.677","3","2.357","3","4","3.5","4",""
="8289","泰藝","01/08","20.6","-0.1","-0.48","年","0.913","0.5","0.3","0.4","0","0.12","2.1","3.5","1","0.3",""
="8341","日友","01/08","77.2","+0.9","+1.18","年","6.256","4.5","6","6.5","8","8.2","8","7.5","3.8","3.8",""
="8342","益張","01/08","86","0","0","年","4.054","5.8","2.988","3.5","3.5","4","3.4","4.5","3.8","5",""
="8349","恒耀","01/08","43.45","-0.05","-0.11","年","2.863","4.852","5.491","4.658","2","2.078","1.2","1.992","1.498","1.997",""
"8349A","恒耀甲特","01/08","46.05","-0.05","-0.11","年","1.849","","","","","1.646","1.9","1.9","1.9","1.9",""
="8354","冠好","01/08","15.75","-0.35","-2.17","年","0.511","0.5","0.5","0.6","0.7","0.3","0.8","0.3","0.3","0.6",""
="8358","金居","01/08","255","-11","-4.14","年","2.1","0","3","2.2","2","2","4.2","2.5","1.5","1.501",""
="8367","建新國際","01/08","42.5","+0.05","+0.12","年","1.811","1.1","1","1","1.1","1.5","2.8","2.5","2.5","2.8",""
="8374","羅昇","01/08","85.1","-6.2","-6.79","年","0.461","0.1","0.499","0.5","0.3","0.6","0.9","0.5","0.3","0.45",""
="8383","千附","01/08","40.35","-0.2","-0.49","年","2.446","2.7","2.7","2.5","2.5","2.5","2.613","2.5","1.5","2.5",""
="8390","金益鼎","01/08","94.2","-1.8","-1.88","年","1.353","0.2","0.3","0.45","1.243","1.6","1.8","1.88","2.2","2.5",""
="8401","白紗科","01/08","28.9","-0.1","-0.34","年","1.08","0.399","1.278","0.845","0.501","0.666","1.732","1.999","0.8","1.5",""
="8403","盛弘","01/08","23.15","+0.05","+0.22","年","0.433","0.5","0.5","0.5","0","0.5","0.5","0.5","0.4","0.5",""
="8404","百和興業-KY","01/08","23.6","+0.05","+0.21","年","0.572","0.2","0.3","0.2","0.6","1","2.5","0.2","0","0.15",""
="8409","商之器","01/08","21.85","0","0","年","0","0","0","0","0","0","0","0","0","0",""
="8410","森田","01/08","36","+0.25","+0.7","年","1.734","1.5","1.65","1.75","1.5","2.5","0.6","0.61","2.5","3",""
="8415","大國鋼","01/08","33.75","-0.2","-0.59","年","1.534","1","1","2.4","1.408","1.4","1.8","1.8","1.5","1.5",""
="8416","實威","01/08","185","-1","-0.54","年","7.278","6","6","7.5","7","7","8","8","8","8",""
="8421","旭源","01/08","13.35","+0.05","+0.38","年","0.316","1.18","0.3","0.35","0","0","0","1.01","0","0",""
="8422","可寧衛*","01/08","35.5","+0.6","+1.72","年","10.27","11.5","11","10","10","10","10","9.985","10","9.944",""
="8423","保綠-KY","01/08","17.95","-0.05","-0.28","年","0.506","0.25","0.5","1","0.6","0.4","0.3","0.5","0.4","0.6",""
="8424","惠普","01/08","73.3","0","0","年","3.989","3","3.5","3.8","4","4","4.5","4.7","4","4.4",""
="8429","金麗-KY","01/08","7.6","-0.02","-0.26","年","0.109","0.7","0.13","0.13","0.02","0","0","0","0","0",""
="8432","東生華","01/08","55.6","-0.2","-0.36","年","1.878","3.1","2.1","1.6","1.8","1.8","1.5","1.6","1.28","2.12",""
="8433","弘帆","01/08","50.7","-0.2","-0.39","年","4.223","6.057","5.048","3","2","2","2.5","5","5.941","6.465",""
="8435","鉅邁","01/08","52.8","+0.4","+0.76","年","3.606","3","3.3","3.2","3.35","3.5","3.8","3.8","4","4.5",""
="8436","大江","01/08","122","+1.5","+1.24","年","6.702","2.009","2.688","6.953","8.883","8.842","8.919","5.023","7","10",""
="8437","大地-KY","01/08","16.4","0","0","年","4.515","6.13","7.086","8.25","7.5","3","4","2.65","1","1.018",""
="8438","昶昕","01/08","51.9","+2.35","+4.74","年","0.802","0.33","0","0.582","0.202","0.9","2","1","0.9","1.3",""
="8440","綠電","01/08","24.25","-0.55","-2.22","年","0.46","0.75","0.857","0.5","0.4","0.3","0.6","0.4","0.167","0.168",""
="8442","威宏-KY","01/08","69.8","+1.2","+1.75","年","2.401","2.2","0","1.5","0.3","0","1","4.949","5.257","6.407",""
="8450","霹靂","01/08","17","0","0","年","0.311","2","0","0.8","0","0","0","0","0","0",""
="8454","富邦媒","01/08","204.5","-4.5","-2.15","年","11.01","8","8","9","8.5","10","13","15","14.8","12.8",""
="8455","大拓-KY","01/08","23.85","+2.15","+9.91","年","0.076","0.123","0.114","0.173","0.161","0","0","0.117","0","0",""
="8462","柏文","01/08","158","+3.5","+2.27","年","3.33","1.851","3.418","5.288","5.383","4.865","1.291","1.553","2.112","4.205",""
="8463","潤泰材","01/08","26.4","-0.1","-0.38","年","0.652","1.1","0.83","0.7","0.49","0.77","0","0.23","0.65","1.1",""
="8464","億豐","01/08","379","+6","+1.61","年","10.94","10","10","10","10","10","11","11","12","14.5",""
="8466","美吉吉-KY","01/08","21.45","0","0","年","2.977","7","6","3","4.1","3","0.7","1.5","0.295","1.2",""
="8472","夠麻吉","01/08","67.1","+0.1","+0.15","年","1.124","2.77","1","0.554","1.789","2.5","1.5","0","0","0",""
="8473","山林水","01/08","35.95","+0.2","+0.56","年","1.481","3.2","3","2.556","2","1","0.85","0","0","0.725",""
="8476","台境*","01/08","16.7","+0.1","+0.6","年","0.657","0.546","0","0","0","0","0","2.15","2.2","1.02",""
="8477","創業家","01/08","12.1","+0.05","+0.41","年","0.876","1.88","0.82","1.879","1.37","1.936","0","0","0","0",""
="8478","東哥遊艇","01/08","191","-0.5","-0.26","年","4.25","0.65","2.067","2.001","0.506","1.023","5","10","12","5",""
="8481","政伸","01/08","40.5","-0.05","-0.12","年","3.672","2.2","3","3","3","7","6.5","3.8","2","2.55",""
="8482","商億-KY","01/08","49.85","+0.35","+0.71","年","5.573","","6.994","8","6.037","4.8","5.87","6.22","2.3","4.36",""
="8487","愛爾達-創","01/08","80.2","+0.1","+0.12","年","1.609","0","0","0.6","0.507","0.4","1.1","2.17","4.5","5.2",""
="8488","吉源-KY","01/08","9.91","-0.14","-1.39","年","0.533","2","1.2","0.5","0.5","0.3","0.3","0","0","0",""
="8489","三貝德","01/08","39.7","-0.3","-0.75","年","1.399","0.1","5","5","1.591","0.7","0.2","0","0","0",""
="8499","鼎炫-KY","01/08","317","-7.5","-2.31","年","5.401","3.5","5.045","5","5","7.998","8","2","4","8.062",""
="8905","裕國","01/08","31.1","0","0","年","1.111","1","1","1","1","0.3","1.9","1","1.8","1",""
="8906","花王","01/08","36.8","-0.35","-0.94","年","0.069","0","0","0.106","0.212","0.1","0.1","0","0","0.1",""
="8908","欣雄","01/08","43.3","+0.3","+0.7","年","0.764","0.6","0.78","0.9","0.9","0.4","0.4","0.8","0.8","1.3",""
="8916","光隆","01/08","49.55","+0.05","+0.1","年","3.321","3.582","2.988","3.371","2.992","2.999","2.997","3.786","3.584","3.592",""
="8917","欣泰","01/08","57.2","-0.8","-1.38","年","1.648","1.23","1.5","2.1","1","1.5","1.1","2","2.2","2.2",""
="8921","沈氏","01/08","18.3","+0.25","+1.39","年","0.436","0.79","0.259","0.35","0.6","0.418","0.453","0.504","0.333","0.22",""
="8923","時報","01/08","19.3","0","0","年","0.878","0.9","0.9","0.85","0.85","0.85","0.9","1","0.8","0.85",""
="8924","大田","01/08","72.1","+0.3","+0.42","年","5.394","0","3.4","1.2","3.8","5","13.7","12.85","4.3","4.3",""
="8926","台汽電","01/08","40.9","+0.4","+0.99","年","1.586","1.2","1.3","1.5","1.7","1.9","1.75","0.898","1.93","2.1",""
="8927","北基","01/08","23.9","+0.05","+0.21","年","0.359","0","0.11","0.2","0.2","0.468","0.588","0.662","0.699","0.3",""
="8928","鉅明","01/08","24.8","+0.15","+0.61","年","1.733","1.5","1.5","1.5","2","1.6","2.5","2.6","0.7","1.7",""
="8929","富堡","01/08","16.8","-0.1","-0.59","年","0.522","1.5","1.5","0.7","0.5","0.5","0","0","0","0",""
="8930","青鋼","01/08","32.15","+0.25","+0.78","年","1.134","0.7","0.7","0.6","0.61","0.5","0.8","1","2.5","2.8",""
="8931","大汽電","01/08","45.55","-0.55","-1.19","年","1.433","0.8","0.9","0.6","1.1","1.4","1.5","2.5","2.1","2",""
="8932","智通*","01/08","171.5","+0.5","+0.29","年","0.099","0","0","0.6","0","0","0","0","0.007","0.282",""
="8933","愛地雅","01/08","5.95","-0.16","-2.62","年","0.022","0.2","0","0","0","0","0","0","0","0",""
="8935","邦泰","01/08","17.7","-0.3","-1.67","年","0","0","0","0","0","0","0","0","0","0",""
="8936","國統","01/08","53.6","-0.1","-0.19","年","0.619","0","0","0.092","0.231","0.25","0.5","1","1.5","2",""
="8937","合騏","01/08","150","+0.5","+0.33","年","0.044","0","0","0.11","0.19","0","0","0","0","0.1",""
="8938","明安","01/08","72.8","+0.4","+0.55","年","3.474","1.3","2.6","2.2","2.3","2.7","5.5","8.975","1.6","4.089",""
="8940","新天地","01/08","20.9","-0.45","-2.11","年","0","0","0","0","0","0","0","0","0","0",""
="8996","高力","01/08","578","+10","+1.76","年","2.3","3","1","2","2","1.7","1.5","1.5","3.981","4.022",""
="9103","美德醫療-DR","01/08","4.48","+0.04","+0.9","年","0.177","0","0","0","0.251","1.169","0.177","0","0","0",""
="9110","越南控-DR","01/08","3.02","0","0","年","0","0","0","0","0","0","0","0","0","0",""
="911608","明輝-DR","01/08","2.8","+0.05","+1.82","年","0.034","0","0","0","0","0.053","0.053","0.057","0.083","0.062",""
="911622","泰聚亨-DR","01/08","3.93","+0.06","+1.55","年","0","0","0","0","0","0","0","0","0","0",""
="911868","同方友友-DR","01/08","1.32","-0.02","-1.49","年","0","0","0","0","0","0","0","0","0","0",""
="912000","晨訊科-DR","01/08","2.73","+0.06","+2.25","年","0.101","0.078","0.427","0.078","0","0","0","0","0.326","0",""
="9136","巨騰-DR","01/08","8","-0.02","-0.25","年","0.257","0.384","0.301","0.392","0.383","0.356","0.301","0.194","0","0",""
="9902","台火","01/08","17.05","+0.25","+1.49","年","0.233","0","0","0.3","0.4","0.3","0.5","0","0.3","0.3",""
="9904","寶成","01/08","30.8","-0.35","-1.12","年","1.372","1.5","2","1.5","1.25","0.5","1.5","1.3","1.1","1.7",""
="9905","大華","01/08","19.95","+0.05","+0.25","年","1.3","1.5","1.7","1","1","1.5","1.5","1.2","1.1","1.2",""
="9906","欣巴巴","01/08","50.1","+0.65","+1.31","年","1.899","0","0","0","0","0","0.658","4.572","5.357","6.5",""
="9907","統一實","01/08","18.4","+0.15","+0.82","年","0.626","0.38","0.5","0.47","0","0.53","1","1.48","0.3","0.97",""
="9908","大台北","01/08","29.85","0","0","年","1.111","1","1.1","1.1","1.1","1.1","1.1","1.1","1.2","1.2",""
="9910","豐泰","01/08","111.5","+5","+4.69","年","5.089","5.2","5","6.7","4","3.7","4.1","7.7","4.3","5.1",""
="9911","櫻花","01/08","82.5","-0.2","-0.24","年","3.276","2.5","2.6","2.65","2.65","3.2","3.6","3.7","3.88","4.7",""
="9912","偉聯","01/08","12.2","+0.05","+0.41","年","0","0","0","0","0","0","0","0","0","0",""
="9914","美利達","01/08","81","+0.7","+0.87","年","5.078","4","2","3.5","4.2","7","8","7","6","4",""
="9917","中保科","01/08","110","+1.5","+1.38","年","4.544","3.5","4","4","4","5","5","5","5.2","5.2",""
="9918","欣天然","01/08","39.7","+0.1","+0.25","年","1.361","1.15","1.2","1.15","1.35","1.6","1.7","1","1.5","1.6",""
="9919","康那香","01/08","16.35","-0.15","-0.91","年","0.544","0.2","0.35","0.2","0.2","3","0.3","0.15","0.3","0.2",""
="9921","巨大","01/08","89.5","-0.7","-0.78","年","5.633","5","3.5","4.6","4.6","8","10","7.8","5","2.2",""
="9924","福興","01/08","50.4","+0.2","+0.4","年","2.644","2.8","2","2.4","2.6","2.6","2.4","2.9","3","3.1",""
="9925","新保","01/08","40.65","-0.05","-0.12","年","1.989","2","2","2","1.9","2","2","2","2","2",""
="9926","新海","01/08","49.5","+0.15","+0.3","年","1.8","1.6","1.6","1.5","1.7","1.8","2","2","2","2",""
="9927","泰銘","01/08","67.6","-0.2","-0.29","年","3.281","2.5","3","1.38","2","1","4.5","4","5.15","6",""
="9928","中視","01/08","18.05","+0.05","+0.28","年","0","0","0","0","0","0","0","0","0","0",""
="9929","秋雨","01/08","10.5","0","0","年","0.044","0","0","0","0","0.4","0","0","0","0",""
="9930","中聯資源","01/08","70.2","+0.3","+0.43","年","2.422","2.8","1","2","2","2","2.5","2.5","3","4",""
="9931","欣高","01/08","33.6","+0.05","+0.15","年","1.111","1.2","1.2","1.3","0.5","1.3","1.4","0.3","1","1.8",""
="9933","中鼎","01/08","31.5","+0.3","+0.96","年","2.144","2.6","3.234","2.255","2","1.999","2.26","1.896","2.049","1.002",""
="9934","成霖","01/08","9.95","-0.03","-0.3","年","0.714","0.979","1.5","1.298","0.6","0.5","0","0","1.2","0.35",""
="9935","慶豐富","01/08","19.8","+0.15","+0.76","年","0.586","0","0","0.33","0.6","0.88","0.51","0.65","0.5","1.8",""
="9937","全國","01/08","58","-0.4","-0.68","年","2.078","2","2","2","2","2.3","2.1","2.1","2.1","2.1",""
="9938","百和","01/08","52.1","+0.2","+0.39","年","2.733","3","3","2.6","3","3","3.5","2.5","1","3",""
="9939","宏全","01/08","119","+0.5","+0.42","年","3.845","2.5","2.5","2.3","3.053","3.6","4.3","4.8","5.35","6.2",""
="9940","信義","01/08","22.55","+0.2","+0.89","年","1.678","1","2.5","1.3","1.2","1.7","2.8","1.2","1.6","1.8",""
="9941","裕融","01/08","81.4","-0.4","-0.49","年","5.221","4.81","5.9","5.5","4.5","4.7","5.5","5.6","6.1","4.38",""
"9941A","裕融甲特","01/08","50.3","0","0","年","1.833","","","0.422","2","2","2","2","2.071","2.339",""
="9942","茂順","01/08","106.5","+0.5","+0.47","年","5.044","4","4.2","4.2","4.2","4.2","5","5.6","7","7",""
="9943","好樂迪","01/08","60","-0.1","-0.17","年","4.011","4","4","5.4","4.902","4","0.5","3.3","5.2","4.8",""
="9944","新麗","01/08","16.9","+0.1","+0.6","年","0.439","0.3","0.3","0","0","0.4","1","1.05","0.6","0.3",""
="9945","潤泰新","01/08","29.3","-0.55","-1.84","年","1.178","0","2","2","1","1","2","0","1.5","1.1",""
="9949","琉園","01/08","24.5","-1.25","-4.85","年","0","0","0","0","0","0","0","0","0","0",""
="9950","萬國通","01/08","10.5","+0.1","+0.96","年","0","0","0","0","0","0","0","0","0","0",""
="9951","皇田","01/08","55.1","-0.1","-0.18","年","3.98","5.8","5.3","4.2","3.5","4.7","3.3","3.3","3.4","2.317",""
="9955","佳龍","01/08","30.45","-0.8","-2.56","年","0","0","0","0","0","0","0","0","0","0",""
="9958","世紀鋼","01/08","135.5","-3.5","-2.52","年","1.715","0.3","0.3","0.3","0.993","2.983","2.989","0.494","2.912","4.162",""
="9960","邁達康","01/08","21.7","-0.45","-2.03","年","1.106","0.4","0","0.45","0.8","1","1.7","2.2","1.7","1.7",""
="9962","有益","01/08","10.85","-0.5","-4.41","年","0.761","0.6","0.65","0.9","0.2","0","1.1","1.8","1.1","0.5",""
