"代號","名稱","股價日期","成交","漲跌價","漲跌幅","股利發放頻率","平均股利(元)","2017發放年度","2018發放年度","2019發放年度","2020發放年度","2021發放年度","2022發放年度","2023發放年度","2024發放年度","2025發放年度","2026發放年度"
="0051","元大中型100","01/09","95.2","-0.25","-0.26","年","0","0","0","0","0","0","0","0","0","0",""
="0052","富邦科技","01/09","40.66","-0.18","-0.44","年","0","0","0","0","0","0","0","0","0","0",""
="0053","元大電子","01/09","150.5","+0.5","+0.33","年","0","0","0","0","0","0","0","0","0","0",""
="0055","元大MSCI金融","01/09","31.94","-0.05","-0.16","年","0","0","0","0","0","0","0","0","0","0",""
="0057","富邦摩台","01/09","203.3","-1.1","-0.54","年","0","0","0","0","0","0","0","0","0","0",""
="006201","元大富櫃50","01/09","26.02","-0.28","-1.06","年","0","0","0","0","0","0","0","0","0","0",""
="006204","永豐臺灣加權","01/09","154.5","-0.45","-0.29","年","0","0","0","0","0","0","0","0","0","0",""
="00646","元大S&P500","01/09","68.65","0","0","年","0","0","0","0","0","0","0","0","0","0",""
="00660","元大歐洲50","01/09","42.97","-0.03","-0.07","年","0","0","0","0","0","0","0","0","0","0",""
="00661","元大日經225","01/09","66.75","+0.65","+0.98","年","0","0","0","0","0","0","0","0","0","0",""
="00739","元大MSCI A股","01/09","27.44","+0.08","+0.29","年","0","","","0","0","0","0","0","0","0",""
="00770","國泰北美科技","01/09","58.35","-0.4","-0.68","年","0","","","","0","0","0","0","0","0","0"
="00830","國泰費城半導體","01/09","61","-0.75","-1.21","年","0","","","","0","0","0","0","0","0","0"
="00851","台新全球AI","01/09","57.4","-0.9","-1.54","年","0","","","","0","0","0","0","0","0",""
="00901","永豐智能車供應鏈","01/09","26.2","-0.07","-0.27","年","0","","","","","","0","0","0","0",""
="00903","富邦元宇宙","01/09","17.87","0","0","年","0","","","","","","","0","0","0",""
="00909","國泰數位支付服務","01/09","41.9","+0.48","+1.16","年","0","","","","","","","0","0","0",""
="00916","國泰全球品牌50","01/09","27.49","+0.16","+0.59","年","0","","","","","","","0","0","0",""
="00917","中信特選金融","01/09","27.71","+0.5","+1.84","年","0","","","","","","","0","0","0","0"
="00920","富邦ESG綠色電力","01/09","18.6","-0.03","-0.16","年","0","","","","","","","0","0","0",""
="00926","凱基全球菁英55","01/09","23.56","-0.05","-0.21","年","0","","","","","","","0","0","0",""
="00949","復華日本龍頭","01/09","18.74","+0.13","+0.7","年","0","","","","","","","","","0",""
="00951","台新日本半導體","01/09","12.1","+0.05","+0.41","年","0","","","","","","","","","0",""
="00954","中信日本半導體","01/09","12.96","+0.05","+0.39","年","0","","","","","","","","","0",""
="00955","中信日本商社","01/09","13.69","+0.03","+0.22","年","0","","","","","","","","","0",""
="00965","元大航太防衛科技","01/09","24.81","+0.14","+0.57","年","0","","","","","","","","","0",""
"00969B","元大零息超長美債","01/09","8.46","-0.03","-0.35","年","0","","","","","","","","","0",""
="00971","野村美國研發龍頭","01/09","16.18","-0.07","-0.43","年","0","","","","","","","","","0",""
"01001T","土銀富邦R1","01/09","11.66","-0.01","-0.09","年","0","0","0","0","0","0","0","0","0","0",""
"01002T","土銀國泰R1","01/09","14.4","-0.05","-0.35","年","0","0","0","0","0","0","0","0","0","0",""
="020035","元大上櫃ESG高息N","01/09","9.33","-0.36","-3.72","年","0","","","","","","","0","0","0",""
="020036","元大金融配息N","01/09","7.53","0","0","年","0","","","","","","","0","0","0",""
="020038","元大ESG配息N","01/09","7.67","+0.04","+0.52","年","0","","","","","","","0","0","0",""
="1101","台泥","01/09","23.65","+0.2","+0.85","年","0.356","0","1","0.701","0.5","0","0.999","0","0","0",""
"1101B","台泥乙特","01/09","45.35","0","0","年","0","","","0","0","0","0","0","0","0",""
="1103","嘉泥","01/09","13.95","+0.15","+1.09","年","0.022","0","0","0","0","0","0","0.2","0","0",""
="1104","環泥","01/09","29.9","+0.25","+0.84","年","0.089","0.3","0","0","0","0","0","0.3","0.2","0",""
="1109","信大","01/09","15.4","0","0","年","0","0","0","0","0","0","0","0","0","0",""
="1110","東泥","01/09","16.45","+0.15","+0.92","年","0","0","0","0","0","0","0","0","0","0",""
="1201","味全","01/09","14.45","-0.15","-1.03","年","0","0","0","0","0","0","0","0","0","0",""
="1203","味王","01/09","39.65","-0.05","-0.13","年","0","0","0","0","0","0","0","0","0","0",""
="1210","大成","01/09","51.2","-0.1","-0.19","年","0.222","0","0.7","0.5","0","0.3","0.5","0","0","0",""
="1213","大飲","01/09","10","0","0","年","0","0","0","0","0","0","0","0","0","0",""
="1215","卜蜂","01/09","138.5","+2","+1.47","年","0.111","0","0","0","0","0","1","0","0","0",""
="1216","統一","01/09","75.3","-0.3","-0.4","年","0","0","0","0","0","0","0","0","0","0",""
="1217","愛之味","01/09","10.45","0","0","年","0","0","0","0","0","0","0","0","0","0",""
="1220","台榮","01/09","12.55","0","0","年","0","0","0","0","0","0","0","0","0","0",""
="1225","福懋油","01/09","27.9","-0.4","-1.41","年","0.117","0","0","0","0","0","0","0.5","0","0.55",""
="1227","佳格","01/09","29.7","+0.05","+0.17","年","0.044","0.4","0","0","0","0","0","0","0","0",""
="1231","聯華食","01/09","95.5","+0.9","+0.95","年","0.772","0.45","0.4","0.5","0.5","1","1.1","1","1","1",""
="1232","大統益","01/09","144.5","0","0","年","0","0","0","0","0","0","0","0","0","0",""
="1233","天仁","01/09","32.15","+0.2","+0.63","年","0","0","0","0","0","0","0","0","0","0",""
="1234","黑松","01/09","37.45","0","0","年","0","0","0","0","0","0","0","0","0","0",""
="1235","興泰","01/09","45","-0.7","-1.53","年","1.422","0","4.5","1.25","0.55","0","2.8","1.2","0.5","2",""
="1236","宏亞","01/09","25.45","+0.15","+0.59","年","0","0","0","0","0","0","0","0","0","0",""
="1240","茂生農經","01/09","59.5","-0.1","-0.17","年","0.333","0","0","0.3","0.3","0.5","0.5","0.2","0.5","0.7",""
="1256","鮮活果汁-KY","01/09","158.5","+6.5","+4.28","年","0.111","0","0","1","0","0","0","0","0","0",""
="1259","安心","01/09","62.2","+0.7","+1.14","年","0","0","0","0","0","0","0","0","0","0",""
="1264","德麥","01/09","279.5","+1","+0.36","年","0.222","1","0","0","0","1","0","0","0","0",""
="1268","漢來美食","01/09","159.5","+1","+0.63","年","0.066","0.299","0.299","0","0","0","0","0","0","0",""
="1294","漢田生技","01/09","77.3","+0.3","+0.39","年","2.477","","","","","4","2.875","1.5","3","1.008",""
="1295","生合","01/09","84.2","0","0","年","0.05","","","","","","0","0","0.2","0",""
="1301","台塑","01/09","41","-0.7","-1.68","年","0","0","0","0","0","0","0","0","0","0",""
="1303","南亞","01/09","61.9","-5.1","-7.61","年","0","0","0","0","0","0","0","0","0","0",""
="1304","台聚","01/09","11.1","-0.15","-1.33","年","0.044","0.2","0.2","0","0","0","0","0","0","0",""
="1305","華夏","01/09","11.15","-0.2","-1.76","年","0.222","0.3","0.3","0.4","0.5","0.5","0","0","0","0",""
="1307","三芳","01/09","31.95","+0.15","+0.47","年","0","0","0","0","0","0","0","0","0","0",""
="1308","亞聚","01/09","12.95","-0.4","-3","年","0.189","0.3","0.7","0","0.5","0.2","0","0","0","0",""
="1309","台達化","01/09","11.45","+0.1","+0.88","年","0.222","0","0","0.2","0.3","1","0.5","0","0","0",""
="1310","台苯","01/09","8.64","-0.19","-2.15","年","0","0","0","0","0","0","0","0","0","0",""
="1312","國喬","01/09","12.4","+0.45","+3.77","年","0","0","0","0","0","0","0","0","0","0",""
"1312A","國喬特","01/09","23","0","0","年","0","0","0","0","0","0","0","0","0","0",""
="1313","聯成","01/09","10.05","-0.15","-1.47","年","0.15","0.25","0.8","0.298","0","0","0","0","0","0",""
="1314","中石化","01/09","7.89","-0.13","-1.62","年","0.056","0","0","0.5","0","0","0","0","0","0",""
="1319","東陽","01/09","94.7","-0.5","-0.53","年","0","0","0","0","0","0","0","0","0","0",""
="1321","大洋","01/09","35","0","0","年","0","0","0","0","0","0","0","0","0","0",""
="1323","永裕","01/09","19.45","-0.05","-0.26","年","0","0","0","0","0","0","0","0","0","0",""
="1324","地球","01/09","11.35","0","0","年","0","0","0","0","0","0","0","0","0","0",""
="1325","恆大","01/09","30.65","+0.6","+2","年","0","0","0","0","0","0","0","0","0","0",""
="1326","台化","01/09","31.9","-0.7","-2.15","年","0","0","0","0","0","0","0","0","0","0",""
="1336","台翰","01/09","16.05","+0.15","+0.94","年","0","0","0","0","0","0","0","0","0","0",""
="1337","再生-KY","01/09","4.85","-0.01","-0.21","年","0.01","0.064","0.026","0","0","0","0","0","0","0",""
="1338","廣華-KY","01/09","20.3","+0.3","+1.5","年","0","0","0","0","0","0","0","0","0","0",""
="1339","昭輝","01/09","42.05","+0.05","+0.12","年","0","0","0","0","0","0","0","0","0","0",""
="1340","勝悅-KY","01/09","6.71","-0.16","-2.33","年","0.333","1","1","1","0","0","0","0","0","0",""
="1342","八貫","01/09","92.3","-0.5","-0.54","年","0.167","","","","0","0","0","0","1","0",""
="1402","遠東新","01/09","28.35","+0.1","+0.35","年","0","0","0","0","0","0","0","0","0","0",""
="1409","新纖","01/09","14.85","0","0","年","0","0","0","0","0","0","0","0","0","0",""
="1410","南染","01/09","34.15","+0.05","+0.15","年","0","0","0","0","0","0","0","0","0","0",""
="1413","宏洲","01/09","9.98","+0.01","+0.1","年","0","0","0","0","0","0","0","0","0","0",""
="1416","廣豐","01/09","11.8","+0.1","+0.85","年","0","0","0","0","0","0","0","0","0","0",""
="1417","嘉裕","01/09","8.8","+0.03","+0.34","年","0","0","0","0","0","0","0","0","0","0",""
="1418","東華","01/09","19.8","-0.1","-0.5","年","0","0","0","0","0","0","0","0","0","0",""
="1419","新紡","01/09","72.8","+0.2","+0.28","年","0","0","0","0","0","0","0","0","0","0",""
="1423","利華","01/09","38","-0.2","-0.52","年","0","0","0","0","0","0","0","0","0","0",""
="1432","大魯閣","01/09","17.95","+0.15","+0.84","年","0","0","0","0","0","0","0","0","0","0",""
="1434","福懋","01/09","15.9","-0.2","-1.24","年","0","0","0","0","0","0","0","0","0","0",""
="1435","中福","01/09","21.35","0","0","年","0","0","0","0","0","0","0","0","0","0",""
="1436","華友聯","01/09","61.7","-0.5","-0.8","年","0.717","0","0.5","2","0","0","0","0","0.938","3.014",""
="1438","三地開發","01/09","32.95","-0.25","-0.75","年","0","0","0","0","0","0","0","0","0","0",""
="1439","雋揚","01/09","29.95","+0.65","+2.22","年","0","0","0","0","0","0","0","0","0","0",""
="1440","南紡","01/09","13.35","+0.15","+1.14","年","0","0","0","0","0","0","0","0","0","0",""
="1441","大東","01/09","10.35","-0.05","-0.48","年","0.323","0","0","2.904","0","0","0","0","0","0",""
="1442","名軒","01/09","30","+0.15","+0.5","年","0.11","0.994","0","0","0","0","0","0","0","0",""
="1443","立益物流","01/09","26.95","+0.1","+0.37","年","0","0","0","0","0","0","0","0","0","0",""
="1444","力麗","01/09","6.21","-0.01","-0.16","年","0.044","0","0","0","0","0","0","0.4","0","0",""
="1445","大宇","01/09","12.45","-0.05","-0.4","年","0","0","0","0","0","0","0","0","0","0",""
="1446","宏和","01/09","18.15","+0.1","+0.55","年","0","0","0","0","0","0","0","0","0","0",""
="1447","力鵬","01/09","5.27","+0.04","+0.76","年","0","0","0","0","0","0","0","0","0","0",""
="1449","佳和","01/09","11.3","+0.1","+0.89","年","0.1","0","0","0","0","0","0","0.294","0.277","0.327",""
="1451","年興","01/09","17.2","-0.15","-0.86","年","0","0","0","0","0","0","0","0","0","0",""
="1452","宏益","01/09","11.75","0","0","年","0","0","0","0","0","0","0","0","0","0",""
="1453","大將","01/09","12.15","-0.05","-0.41","年","0.267","0","0","1","0.2","0","0.3","0.3","0.3","0.3",""
="1454","台富","01/09","12.9","+0.4","+3.2","年","0","0","0","0","0","0","0","0","0","0",""
="1455","集盛","01/09","7.74","-0.03","-0.39","年","0","0","0","0","0","0","0","0","0","0",""
="1456","怡華","01/09","13.5","+0.35","+2.66","年","0","0","0","0","0","0","0","0","0","0",""
="1457","宜進","01/09","15.6","+0.1","+0.65","年","0.056","0","0","0","0","0","0","0","0.5","0",""
="1459","聯發","01/09","11.8","-0.05","-0.42","年","0","0","0","0","0","0","0","0","0","0",""
="1460","宏遠","01/09","6.4","+0.01","+0.16","年","0.089","0.4","0.2","0.2","0","0","0","0","0","0",""
="1463","強盛新","01/09","17.55","-0.1","-0.57","年","0","0","0","0","0","0","0","0","0","0",""
="1464","得力","01/09","11.15","0","0","年","0.164","0.433","0","0","0","0","0","0.6","0","0.44",""
="1465","偉全","01/09","12.55","-0.05","-0.4","年","0","0","0","0","0","0","0","0","0","0",""
="1466","聚隆","01/09","14","+0.05","+0.36","年","0","0","0","0","0","0","0","0","0","0",""
="1467","南緯","01/09","8.2","+0.2","+2.5","年","0","0","0","0","0","0","0","0","0","0",""
="1468","昶和","01/09","11.7","-0.2","-1.68","年","0","0","0","0","0","0","0","0","0","0",""
="1471","首利","01/09","9.78","-0.27","-2.69","年","0","0","0","0","0","0","0","0","0","0",""
="1472","三洋實業","01/09","90.1","+0.9","+1.01","年","0","0","0","0","0","0","0","0","0","0",""
="1473","台南","01/09","24.15","0","0","年","0","0","0","0","0","0","0","0","0","0",""
="1474","弘裕","01/09","10.35","0","0","年","0","0","0","0","0","0","0","0","0","0",""
="1475","業旺","01/09","31.7","+0.65","+2.09","年","0","0","0","0","0","0","0","0","0","0",""
="1476","儒鴻","01/09","405.5","+1.5","+0.37","年","0.022","0.2","0","0","0","0","0","0","0","0",""
="1503","士電","01/09","174","+2","+1.16","年","0","0","0","0","0","0","0","0","0","0",""
="1504","東元","01/09","83.4","+1.8","+2.21","年","0","0","0","0","0","0","0","0","0","0",""
="1506","正道","01/09","12","+0.3","+2.56","年","0","0","0","0","0","0","0","0","0","0",""
="1512","瑞利","01/09","7.36","-0.03","-0.41","年","0","0","0","0","0","0","0","0","0","0",""
="1513","中興電","01/09","146.5","+1.5","+1.03","年","0","0","0","0","0","0","0","0","0","0",""
="1514","亞力","01/09","97.8","+1.2","+1.24","年","0.278","0","0","0.3","0.5","0.5","0.5","0.3","0.198","0.2",""
="1515","力山","01/09","27","0","0","年","0","0","0","0","0","0","0","0","0","0",""
="1516","川飛","01/09","21.25","-1.15","-5.13","年","0.355","0.371","0.495","0.457","0.313","0.375","0","0.879","0.306","0",""
="1517","利奇","01/09","10.85","-0.15","-1.36","年","0","0","0","0","0","0","0","0","0","0",""
="1519","華城","01/09","786","+51","+6.94","年","0.222","0","0","0","0","0","0","0","1","1",""
="1521","大億","01/09","23.8","+0.5","+2.15","年","0","0","0","0","0","0","0","0","0","0",""
="1522","堤維西","01/09","45.45","+1.05","+2.36","年","0","0","0","0","0","0","0","0","0","0",""
"1522A","堤維西甲特","01/09","49","0","0","年","0","","","","","","0","0","0","0",""
="1524","耿鼎","01/09","30.05","-0.25","-0.83","年","0","0","0","0","0","0","0","0","0","0",""
="1525","江申","01/09","63.7","+0.2","+0.31","年","0","0","0","0","0","0","0","0","0","0",""
="1527","鑽全","01/09","32.95","+0.3","+0.92","年","0","0","0","0","0","0","0","0","0","0",""
="1528","恩德","01/09","21.95","+0.95","+4.52","年","0","0","0","0","0","0","0","0","0","0",""
="1529","樂事綠能","01/09","19.4","+0.5","+2.65","年","0.15","0","0","0","0","0","0.7","0.35","0.3","0",""
="1530","亞崴","01/09","27.5","+0.35","+1.29","年","0","0","0","0","0","0","0","0","0","0",""
="1531","高林股","01/09","11.95","-0.1","-0.83","年","0","0","0","0","0","0","0","0","0","0",""
="1532","勤美","01/09","25.6","-0.15","-0.58","年","0","0","0","0","0","0","0","0","0","0",""
="1533","車王電","01/09","31.7","-0.3","-0.94","年","0","0","0","0","0","0","0","0","0","0",""
="1535","中宇","01/09","53.1","-0.1","-0.19","年","0","0","0","0","0","0","0","0","0","0",""
="1537","廣隆","01/09","123","0","0","年","0","0","0","0","0","0","0","0","0","0",""
="1538","正峰","01/09","26.3","+0.45","+1.74","年","0","0","0","0","0","0","0","0","0","0",""
="1539","巨庭","01/09","17.05","+0.05","+0.29","年","0","0","0","0","0","0","0","0","0","0",""
="1540","喬福","01/09","22.8","+0.1","+0.44","年","0","0","0","0","0","0","0","0","0","0",""
="1541","錩泰","01/09","23","-0.1","-0.43","年","0","0","0","0","0","0","0","0","0","0",""
="1558","伸興","01/09","103.5","0","0","年","0","0","0","0","0","0","0","0","0","0",""
="1560","中砂","01/09","409.5","-3","-0.73","年","0","0","0","0","0","0","0","0","0","0",""
="1563","巧新","01/09","47.7","-0.7","-1.45","年","0.111","0","0","0","0","0","1","0","0","0",""
="1565","精華","01/09","114","-2.5","-2.15","年","0","0","0","0","0","0","0","0","0","0",""
="1568","倉佑","01/09","23.6","+1.2","+5.36","年","0","0","0","0","0","0","0","0","0","0",""
="1569","濱川","01/09","51.1","0","0","年","0","0","0","0","0","0","0","0","0","0",""
="1570","力肯","01/09","30.2","-0.5","-1.63","年","0","0","0","0","0","0","0","0","0","0",""
="1580","新麥","01/09","133","0","0","年","0.039","0","0.35","0","0","0","0","0","0","0",""
="1582","信錦","01/09","63.3","-0.8","-1.25","年","0","0","0","0","0","0","0","0","0","0",""
="1583","程泰","01/09","44.4","+0.4","+0.91","年","0","0","0","0","0","0","0","0","0","0",""
="1584","精剛","01/09","23.1","+0.3","+1.32","年","0","0","0","0","0","0","0","0","0","0",""
="1586","和勤","01/09","30.4","+1.25","+4.29","年","0.152","0","0.1","0.5","0.489","0.2","0","0.05","0.03","0",""
="1589","永冠-KY","01/09","16.35","-0.3","-1.8","年","0","0","0","0","0","0","0","0","0","0",""
="1590","亞德客-KY","01/09","1000","+18","+1.83","年","0","0","0","0","0","0","0","0","0","0",""
="1595","川寶","01/09","39.6","+0.45","+1.15","年","0","0","0","0","0","0","0","0","0","0",""
="1598","岱宇","01/09","19.6","-0.4","-2","年","0.094","0","0","0.35","0","0","0","0","0.5","0",""
="1599","宏佳騰","01/09","28.25","+0.15","+0.53","年","0.502","2","0","2","0.518","0","0","0","0","0",""
="1603","華電","01/09","38.35","+0.95","+2.54","年","0","0","0","0","0","0","0","0","0","0",""
="1604","聲寶","01/09","24","+0.1","+0.42","年","0","0","0","0","0","0","0","0","0","0",""
="1605","華新","01/09","37.6","-0.7","-1.83","年","0","0","0","0","0","0","0","0","0","0",""
="1608","華榮","01/09","37.3","-0.55","-1.45","年","0","0","0","0","0","0","0","0","0","0",""
="1609","大亞","01/09","38.1","-0.2","-0.52","年","0.233","0","0","0.4","0","0.35","0.6","0.096","0.5","0.15",""
="1611","中電","01/09","13.05","+0.1","+0.77","年","0","0","0","0","0","0","0","0","0","0",""
="1612","宏泰","01/09","34.1","-0.15","-0.44","年","0","0","0","0","0","0","0","0","0","0",""
="1614","三洋電","01/09","34.15","+0.15","+0.44","年","0","0","0","0","0","0","0","0","0","0",""
="1615","大山","01/09","48.3","-0.55","-1.13","年","0.66","0","0","0","1","1.2","0.8","1","1.44","0.5",""
="1616","億泰","01/09","27.35","+0.35","+1.3","年","0","0","0","0","0","0","0","0","0","0",""
="1617","榮星","01/09","14.45","+0.05","+0.35","年","0","0","0","0","0","0","0","0","0","0",""
="1618","合機","01/09","41","+0.05","+0.12","年","0","0","0","0","0","0","0","0","0","0",""
="1626","艾美特-KY","01/09","11","-0.15","-1.35","年","0.122","0","0","0","0.2","0.399","0","0.5","0","0",""
="1702","南僑","01/09","38.85","+0.1","+0.26","年","0","0","0","0","0","0","0","0","0","0",""
="1708","東鹼","01/09","32.7","-0.4","-1.21","年","0.3","0.5","0","0.5","0.8","0.9","0","0","0","0",""
="1710","東聯","01/09","12.55","-0.15","-1.18","年","0","0","0","0","0","0","0","0","0","0",""
="1711","永光","01/09","21.05","+0.5","+2.43","年","0","0","0","0","0","0","0","0","0","0",""
="1712","興農","01/09","45","+0.15","+0.33","年","0","0","0","0","0","0","0","0","0","0",""
="1713","國化","01/09","47.3","-0.9","-1.87","年","0","0","0","0","0","0","0","0","0","0",""
="1714","和桐","01/09","8.95","-0.02","-0.22","年","0.039","0.35","0","0","0","0","0","0","0","0",""
="1717","長興","01/09","51.4","-0.4","-0.77","年","0.133","0.5","0.7","0","0","0","0","0","0","0",""
="1718","中纖","01/09","6.92","-0.13","-1.84","年","0.189","0","0.65","0.65","0","0.4","0","0","0","0",""
="1720","生達","01/09","60.1","0","0","年","0","0","0","0","0","0","0","0","0","0",""
="1721","三晃","01/09","15.35","+0.2","+1.32","年","0","0","0","0","0","0","0","0","0","0",""
="1722","台肥","01/09","46.4","-0.1","-0.22","年","0","0","0","0","0","0","0","0","0","0",""
="1723","中碳","01/09","69.4","+0.1","+0.14","年","0","0","0","0","0","0","0","0","0","0",""
="1725","元禎","01/09","28.15","-0.95","-3.26","年","0","0","0","0","0","0","0","0","0","0",""
="1726","永記","01/09","75.8","0","0","年","0","0","0","0","0","0","0","0","0","0",""
="1727","中華化","01/09","45.6","-1.2","-2.56","年","0","0","0","0","0","0","0","0","0","0",""
="1731","美吾華","01/09","21.9","+0.05","+0.23","年","0","0","0","0","0","0","0","0","0","0",""
="1732","毛寶","01/09","27.85","+0.2","+0.72","年","0","0","0","0","0","0","0","0","0","0",""
="1733","五鼎","01/09","29.9","-0.4","-1.32","年","0","0","0","0","0","0","0","0","0","0",""
="1734","杏輝","01/09","30.55","+0.2","+0.66","年","0.144","0","0","0","0","0","0","0","0.8","0.5",""
="1735","日勝化","01/09","16.75","+0.05","+0.3","年","0","0","0","0","0","0","0","0","0","0",""
="1736","喬山","01/09","151","+2","+1.34","年","0","0","0","0","0","0","0","0","0","0",""
="1737","臺鹽","01/09","31.55","0","0","年","0","0","0","0","0","0","0","0","0","0",""
="1742","台蠟","01/09","16.4","-0.1","-0.61","年","0.165","0","0","0","0","0","1.489","0","0","0",""
="1752","南光","01/09","37.1","-0.35","-0.93","年","0","0","0","0","0","0","0","0","0","0",""
="1760","寶齡富錦","01/09","64.1","+0.2","+0.31","年","0.111","1","0","0","0","0","0","0","0","0",""
="1762","中化生","01/09","24.95","0","0","年","0","0","0","0","0","0","0","0","0","0",""
="1773","勝一","01/09","166.5","+2.5","+1.52","年","0.846","0","0","0","2","1.111","2.5","0","0","2",""
="1776","展宇","01/09","15.45","-0.05","-0.32","年","0","0","0","0","0","0","0","0","0","0",""
="1777","生泰","01/09","72.4","+0.1","+0.14","年","0","0","0","0","0","0","0","0","0","0",""
="1781","合世","01/09","11.25","+0.3","+2.74","年","0","0","0","0","0","0","0","0","0","0",""
="1783","和康生","01/09","44.85","+0.35","+0.79","年","0.167","0","0","0","0","0","1","0.5","0","0",""
="1785","光洋科","01/09","63.1","+1.2","+1.94","年","0","0","0","0","0","0","0","0","0","0",""
="1786","科妍","01/09","75.6","+0.1","+0.13","年","0.15","0","0","0","0.5","0.85","0","0","0","0",""
="1788","杏昌","01/09","137.5","+0.5","+0.36","年","0","0","0","0","0","0","0","0","0","0",""
="1789","神隆","01/09","23.4","+0.7","+3.08","年","0.044","0.4","0","0","0","0","0","0","0","0",""
="1795","美時","01/09","292.5","+5.5","+1.92","年","0","0","0","0","0","0","0","0","0","0",""
="1796","金穎生技","01/09","46.6","+0.6","+1.3","年","0","0","0","0","0","0","0","0","0","0",""
="1799","易威","01/09","33.75","+0.2","+0.6","年","0","0","0","0","0","0","0","0","0","0",""
="1802","台玻","01/09","35","-0.2","-0.57","年","0","0","0","0","0","0","0","0","0","0",""
="1805","寶徠","01/09","12","-0.2","-1.64","年","0","0","0","0","0","0","0","0","0","0",""
="1808","潤隆","01/09","35.95","+1.05","+3.01","年","1.789","0","0","0","2","0.6","1.5","0","12","0",""
="1809","中釉","01/09","18.75","+0.25","+1.35","年","0","0","0","0","0","0","0","0","0","0",""
="1810","和成","01/09","20.35","+1.85","+10","年","0","0","0","0","0","0","0","0","0","0",""
="1813","寶利徠","01/09","13.8","+0.85","+6.56","年","0","0","0","0","0","0","0","0","0","0",""
="1815","富喬","01/09","88.3","+0.1","+0.11","年","0.067","0","0","0.1","0","0","0.3","0.2","0","0",""
="1817","凱撒衛","01/09","38.3","0","0","年","0","0","0","0","0","0","0","0","0","0",""
="1903","士紙","01/09","55.4","-0.6","-1.07","年","0","0","0","0","0","0","0","0","0","0",""
="1904","正隆","01/09","17.7","+0.25","+1.43","年","0","0","0","0","0","0","0","0","0","0",""
="1905","華紙","01/09","11.95","+0.2","+1.7","年","0","0","0","0","0","0","0","0","0","0",""
="1907","永豐餘","01/09","25.3","-0.35","-1.36","年","0","0","0","0","0","0","0","0","0","0",""
="2002","中鋼","01/09","19","-0.15","-0.78","年","0","0","0","0","0","0","0","0","0","0",""
"2002A","中鋼特","01/09","39","0","0","年","0","0","0","0","0","0","0","0","0","0",""
="2006","東和鋼鐵","01/09","67.8","+0.2","+0.3","年","0","0","0","0","0","0","0","0","0","0",""
="2007","燁興","01/09","8.04","-0.19","-2.31","年","0","0","0","0","0","0","0","0","0","0",""
="2008","高興昌","01/09","29.5","+0.1","+0.34","年","0","0","0","0","0","0","0","0","0","0",""
="2009","第一銅","01/09","47.7","-0.45","-0.93","年","0","0","0","0","0","0","0","0","0","0",""
="2010","春源","01/09","21.05","+0.15","+0.72","年","0","0","0","0","0","0","0","0","0","0",""
="2013","中鋼構","01/09","42.55","+0.05","+0.12","年","0","0","0","0","0","0","0","0","0","0",""
="2014","中鴻","01/09","16.35","-0.2","-1.21","年","0","0","0","0","0","0","0","0","0","0",""
="2015","豐興","01/09","62.6","+0.2","+0.32","年","0","0","0","0","0","0","0","0","0","0",""
="2017","官田鋼","01/09","8.84","-0.16","-1.78","年","0.161","0","0.45","0","0","0","0.6","0.4","0","0",""
="2020","美亞","01/09","23.45","-0.3","-1.26","年","0.222","0","0","0","0","0","0","0","2","0",""
="2022","聚亨","01/09","8.4","-0.12","-1.41","年","0","0","0","0","0","0","0","0","0","0",""
="2023","燁輝","01/09","14.8","-0.05","-0.34","年","0.2","0.6","0.3","0.2","0","0","0.5","0","0.2","0",""
="2024","志聯","01/09","16.1","+0.05","+0.31","年","0","0","0","0","0","0","0","0","0","0",""
="2025","千興","01/09","11.8","-1.15","-8.88","年","0","0","0","0","0","0","0","0","0","0",""
="2027","大成鋼","01/09","35.65","-0.15","-0.42","年","0.333","0.299","0.4","0","0.2","0","0.1","2","0","0",""
="2029","盛餘","01/09","21.25","-0.15","-0.7","年","0","0","0","0","0","0","0","0","0","0",""
="2030","彰源","01/09","15.25","-0.5","-3.17","年","0","0","0","0","0","0","0","0","0","0",""
="2031","新光鋼","01/09","38.55","+0.05","+0.13","年","0","0","0","0","0","0","0","0","0","0",""
="2032","新鋼","01/09","16.25","-0.35","-2.11","年","0","0","0","0","0","0","0","0","0","0",""
="2033","佳大","01/09","16.1","-0.05","-0.31","年","0","0","0","0","0","0","0","0","0","0",""
="2034","允強","01/09","20.75","-0.05","-0.24","年","0","0","0","0","0","0","0","0","0","0",""
="2035","唐榮","01/09","28.05","-0.75","-2.6","年","0","0","0","0","0","0","0","0","0","0",""
="2038","海光","01/09","14.7","-0.2","-1.34","年","0.133","0.5","0","0","0","0","0","0.5","0","0.2",""
="2049","上銀","01/09","197","+3","+1.55","年","0.156","0.2","0.3","0.3","0.3","0.3","0","0","0","0",""
="2059","川湖","01/09","3315","+160","+5.07","年","0","0","0","0","0","0","0","0","0","0",""
="2062","橋椿","01/09","20.85","0","0","年","0","0","0","0","0","0","0","0","0","0",""
="2064","晉椿","01/09","11.6","-0.1","-0.85","年","0","0","0","0","0","0","0","0","0","0",""
="2067","嘉鋼","01/09","10.1","+0.15","+1.51","年","0","0","0","0","0","0","0","0","0","0",""
="2069","運錩","01/09","18.55","0","0","年","0","0","0","0","0","0","0","0","0","0",""
="2073","雄順","01/09","26.15","+0.05","+0.19","年","0","","","","","","0","0","0","0",""
="2103","台橡","01/09","15.05","-0.05","-0.33","年","0","0","0","0","0","0","0","0","0","0",""
="2104","國際中橡","01/09","10.95","-0.2","-1.79","年","0.311","0.5","1","1.3","0","0","0","0","0","0",""
="2105","正新","01/09","30.15","-0.25","-0.82","年","0","0","0","0","0","0","0","0","0","0",""
="2106","建大","01/09","19.35","+0.05","+0.26","年","0.1","0","0","0","0.4","0","0","0.5","0","0",""
="2107","厚生","01/09","24.6","-0.1","-0.4","年","0","0","0","0","0","0","0","0","0","0",""
="2108","南帝","01/09","23.65","-0.3","-1.25","年","0.111","0.5","0.5","0","0","0","0","0","0","0",""
="2114","鑫永銓","01/09","89.9","+0.1","+0.11","年","0.167","0","0","0.5","0","1","0","0","0","0",""
="2115","六暉-KY","01/09","24.35","+0.05","+0.21","年","0.389","1","0","0.5","0.5","1","0","0","0.5","0",""
="2201","裕隆","01/09","31.45","-0.5","-1.56","年","0","0","0","0","0","0","0","0","0","0",""
="2204","中華","01/09","57.8","-0.3","-0.52","年","0","0","0","0","0","0","0","0","0","0",""
="2207","和泰車","01/09","544","+5","+0.93","年","0.022","0","0","0","0","0","0","0.2","0","0",""
="2208","台船","01/09","20.1","0","0","年","0","0","0","0","0","0","0","0","0","0",""
="2211","長榮鋼","01/09","102","+0.5","+0.49","年","0","","","","0","0","0","0","0","0",""
="2221","大甲","01/09","30.55","-0.1","-0.33","年","0","0","0","0","0","0","0","0","0","0",""
="2227","裕日車","01/09","54.6","+0.1","+0.18","年","0","0","0","0","0","0","0","0","0","0",""
="2228","劍麟","01/09","109.5","+1","+0.92","年","0","0","0","0","0","0","0","0","0","0",""
="2230","泰茂","01/09","93","-0.2","-0.21","年","0.364","0","0","0","0","0","0","1.275","0","2",""
="2231","為升","01/09","96.9","+1.5","+1.57","年","0.499","1","1.295","0.492","0.206","0","1","0.5","0","0",""
="2233","宇隆","01/09","209","+1","+0.48","年","0.25","0","2.254","0","0","0","0","0","0","0",""
="2235","謚源","01/09","33.1","0","0","年","0","0","0","0","0","0","0","0","0","0",""
="2239","英利-KY","01/09","33.45","-1.65","-4.7","年","0","0","0","0","0","0","0","0","0","0",""
="2241","艾姆勒","01/09","34.7","+0.2","+0.58","年","0.204","1.61","0","0.226","0","0","0","0","0","0",""
="2243","宏旭-KY","01/09","11.45","+0.05","+0.44","年","0","0","0","0","0","0","0","0","0","0",""
="2248","華勝-KY","01/09","49.25","-0.25","-0.51","年","0","","","0","0","0","0","0","0","0",""
="2250","IKKA-KY","01/09","70.8","+0.3","+0.43","年","0.096","","","","","0","0","0","0","0.478",""
="2258","鴻華先進-創","01/09","40.55","+0.35","+0.87","年","0","","","","","","","0","0","0",""
="2302","麗正","01/09","17.7","0","0","年","0","0","0","0","0","0","0","0","0","0",""
="2303","聯電","01/09","55.1","+2.3","+4.36","年","0","0","0","0","0","0","0","0","0","0",""
="2305","全友","01/09","11.3","-0.2","-1.74","年","0","0","0","0","0","0","0","0","0","0",""
="2308","台達電","01/09","1015","+5","+0.5","年","0","0","0","0","0","0","0","0","0","0",""
="2312","金寶","01/09","22.8","+0.15","+0.66","年","0","0","0","0","0","0","0","0","0","0",""
="2313","華通","01/09","115.5","+10.5","+10","年","0","0","0","0","0","0","0","0","0","0",""
="2314","台揚","01/09","21.3","+0.6","+2.9","年","0","0","0","0","0","0","0","0","0","0",""
="2316","楠梓電","01/09","97.7","+1.7","+1.77","年","0","0","0","0","0","0","0","0","0","0",""
="2317","鴻海","01/09","230.5","+1","+0.44","年","0","0","0","0","0","0","0","0","0","0",""
="2321","東訊","01/09","18.8","+1.15","+6.52","年","0","0","0","0","0","0","0","0","0","0",""
="2323","中環","01/09","10.8","-0.1","-0.92","年","0","0","0","0","0","0","0","0","0","0",""
="2324","仁寶","01/09","29.55","-0.5","-1.66","年","0","0","0","0","0","0","0","0","0","0",""
="2328","廣宇","01/09","47.5","-0.4","-0.84","年","0","0","0","0","0","0","0","0","0","0",""
="2329","華泰","01/09","57.3","+0.8","+1.42","年","0","0","0","0","0","0","0","0","0","0",""
="2332","友訊","01/09","14.8","-0.35","-2.31","年","0","0","0","0","0","0","0","0","0","0",""
="2337","旺宏","01/09","58.3","-5","-7.9","年","0.022","0","0.2","0","0","0","0","0","0","0",""
="2338","光罩","01/09","36.95","-0.2","-0.54","年","0","0","0","0","0","0","0","0","0","0",""
="2340","台亞","01/09","28","-0.05","-0.18","年","0","0","0","0","0","0","0","0","0","0",""
="2345","智邦","01/09","1215","-50","-3.95","年","0","0","0","0","0","0","0","0","0","0",""
="2347","聯強","01/09","63.9","+0.8","+1.27","年","0","0","0","0","0","0","0","0","0","0",""
="2348","海悅","01/09","81.3","0","0","年","0.553","0","0","0","0","1","1","0","2.975","0",""
"2348A","海悅甲特","01/09","36.55","-0.1","-0.27","年","0","","","","","","0","0","0","0",""
="2349","錸德","01/09","15.55","+0.55","+3.67","年","0","0","0","0","0","0","0","0","0","0",""
="2351","順德","01/09","73.7","-0.2","-0.27","年","0","0","0","0","0","0","0","0","0","0",""
="2352","佳世達","01/09","24.1","0","0","年","0","0","0","0","0","0","0","0","0","0",""
="2353","宏碁","01/09","26.25","-0.1","-0.38","年","0","0","0","0","0","0","0","0","0","0",""
="2354","鴻準","01/09","58.9","-0.3","-0.51","年","0","0","0","0","0","0","0","0","0","0",""
="2355","敬鵬","01/09","31.7","+0.5","+1.6","年","0","0","0","0","0","0","0","0","0","0",""
="2356","英業達","01/09","42.9","0","0","年","0","0","0","0","0","0","0","0","0","0",""
="2357","華碩","01/09","529","-1","-0.19","年","0","0","0","0","0","0","0","0","0","0",""
="2360","致茂","01/09","923","-2","-0.22","年","0","0","0","0","0","0","0","0","0","0",""
="2362","藍天","01/09","37.7","-0.15","-0.4","年","0","0","0","0","0","0","0","0","0","0",""
="2363","矽統","01/09","48.8","+0.6","+1.24","年","0.354","0","0","0","1.388","0.8","1","0","0","0",""
="2364","倫飛","01/09","67.4","+0.7","+1.05","年","0.944","0","0","0","0","0","0","2.5","3","3",""
="2367","燿華","01/09","30.6","+1","+3.38","年","0.022","0","0.2","0","0","0","0","0","0","0",""
="2368","金像電","01/09","637","+5","+0.79","年","0","0","0","0","0","0","0","0","0","0",""
="2369","菱生","01/09","25","+0.3","+1.21","年","0","0","0","0","0","0","0","0","0","0",""
="2373","震旦行","01/09","56.2","0","0","年","0","0","0","0","0","0","0","0","0","0",""
="2374","佳能","01/09","78.4","+1","+1.29","年","0.133","0","0","0","0","0","0","0","0","1.198",""
="2376","技嘉","01/09","240","-5","-2.04","年","0","0","0","0","0","0","0","0","0","0",""
="2377","微星","01/09","97.4","+0.9","+0.93","年","0","0","0","0","0","0","0","0","0","0",""
="2379","瑞昱","01/09","510","-19","-3.59","年","0","0","0","0","0","0","0","0","0","0",""
="2383","台光電","01/09","1565","+20","+1.29","年","0","0","0","0","0","0","0","0","0","0",""
="2385","群光","01/09","116","0","0","年","0.011","0.05","0.05","0","0","0","0","0","0","0",""
="2387","精元","01/09","38.3","-0.1","-0.26","年","0","0","0","0","0","0","0","0","0","0",""
="2388","威盛","01/09","50","-0.6","-1.19","年","0","0","0","0","0","0","0","0","0","0",""
="2390","云辰","01/09","9.96","-0.09","-0.9","年","0","0","0","0","0","0","0","0","0","0",""
="2392","正崴","01/09","37.2","+0.6","+1.64","年","0","0","0","0","0","0","0","0","0","0",""
="2393","億光","01/09","56.1","+0.8","+1.45","年","0","0","0","0","0","0","0","0","0","0",""
="2395","研華","01/09","288.5","+3","+1.05","年","0.333","1","0","0","0.999","0","0","0.999","0","0",""
="2397","友通","01/09","60.5","+0.2","+0.33","年","0","0","0","0","0","0","0","0","0","0",""
="2399","映泰","01/09","24.8","+0.2","+0.81","年","0","0","0","0","0","0","0","0","0","0",""
="2401","凌陽","01/09","20.25","-0.2","-0.98","年","0","0","0","0","0","0","0","0","0","0",""
="2402","毅嘉","01/09","57","+0.7","+1.24","年","0","0","0","0","0","0","0","0","0","0",""
="2404","漢唐","01/09","994","-16","-1.58","年","0","0","0","0","0","0","0","0","0","0",""
="2406","國碩","01/09","25.5","+0.7","+2.82","年","0","0","0","0","0","0","0","0","0","0",""
="2408","南亞科","01/09","217.5","-24","-9.94","年","0","0","0","0","0","0","0","0","0","0",""
="2409","友達","01/09","14.5","-1.15","-7.35","年","0","0","0","0","0","0","0","0","0","0",""
="2412","中華電","01/09","133.5","0","0","年","0","0","0","0","0","0","0","0","0","0",""
="2413","環科","01/09","43","+0.65","+1.53","年","0","0","0","0","0","0","0","0","0","0",""
="2414","精技","01/09","40.8","+0.25","+0.62","年","0","0","0","0","0","0","0","0","0","0",""
="2415","錩新","01/09","26.75","+0.55","+2.1","年","0.139","0","0","0","0","0","1.25","0","0","0",""
="2417","圓剛","01/09","38.95","-0.3","-0.76","年","0","0","0","0","0","0","0","0","0","0",""
="2419","仲琦","01/09","25.6","-1.05","-3.94","年","0","0","0","0","0","0","0","0","0","0",""
="2420","新巨","01/09","50","-0.1","-0.2","年","0","0","0","0","0","0","0","0","0","0",""
="2421","建準","01/09","156.5","+2.5","+1.62","年","0","0","0","0","0","0","0","0","0","0",""
="2423","固緯","01/09","54.5","+0.4","+0.74","年","0","0","0","0","0","0","0","0","0","0",""
="2424","隴華","01/09","31.55","-0.85","-2.62","年","0","0","0","0","0","0","0","0","0","0",""
="2425","承啟","01/09","30.05","+0.4","+1.35","年","0","0","0","0","0","0","0","0","0","0",""
="2426","鼎元","01/09","16.5","-0.2","-1.2","年","0","0","0","0","0","0","0","0","0","0",""
="2427","三商電","01/09","26.4","-0.05","-0.19","年","0","0","0","0","0","0","0","0","0","0",""
="2428","興勤","01/09","172","+1","+0.58","年","0","0","0","0","0","0","0","0","0","0",""
="2429","銘旺科","01/09","76","-0.1","-0.13","年","0","0","0","0","0","0","0","0","0","0",""
="2430","燦坤","01/09","22.7","+0.1","+0.44","年","0","0","0","0","0","0","0","0","0","0",""
="2431","聯昌","01/09","11.8","-0.1","-0.84","年","0","0","0","0","0","0","0","0","0","0",""
="2432","倚天酷碁-創","01/09","24.75","+0.1","+0.41","年","0","","","","","","","0","0","0",""
="2433","互盛電","01/09","47","0","0","年","0","0","0","0","0","0","0","0","0","0",""
="2434","統懋","01/09","30.9","+0.1","+0.32","年","0","0","0","0","0","0","0","0","0","0",""
="2436","偉詮電","01/09","48.35","+0.8","+1.68","年","0","0","0","0","0","0","0","0","0","0",""
="2438","翔耀","01/09","21.65","-0.15","-0.69","年","0","0","0","0","0","0","0","0","0","0",""
="2439","美律","01/09","100","-1","-0.99","年","0","0","0","0","0","0","0","0","0","0",""
="2440","太空梭","01/09","14.4","-0.05","-0.35","年","0","0","0","0","0","0","0","0","0","0",""
="2441","超豐","01/09","91.5","+3.9","+4.45","年","0","0","0","0","0","0","0","0","0","0",""
="2442","新美齊","01/09","23.4","-0.05","-0.21","年","0.25","0.026","0","1.004","0","0.202","0.511","0.12","0.224","0.158",""
="2444","兆勁","01/09","11.1","-0.15","-1.33","年","0","0","0","0","0","0","0","0","0","0",""
="2449","京元電子","01/09","263.5","+0.5","+0.19","年","0","0","0","0","0","0","0","0","0","0",""
="2450","神腦","01/09","28.75","+0.05","+0.17","年","0","0","0","0","0","0","0","0","0","0",""
="2451","創見","01/09","241.5","-16","-6.21","年","0","0","0","0","0","0","0","0","0","0",""
="2453","凌群","01/09","53.2","-0.1","-0.19","年","0","0","0","0","0","0","0","0","0","0",""
="2455","全新","01/09","147.5","-2.5","-1.67","年","0","0","0","0","0","0","0","0","0","0",""
="2457","飛宏","01/09","28","-0.4","-1.41","年","0","0","0","0","0","0","0","0","0","0",""
="2459","敦吉","01/09","66","-0.1","-0.15","年","0","0","0","0","0","0","0","0","0","0",""
="2460","建通","01/09","23.45","-0.85","-3.5","年","0","0","0","0","0","0","0","0","0","0",""
="2462","良得電","01/09","23.5","+0.1","+0.43","年","0.033","0","0","0","0","0","0","0.3","0","0",""
="2464","盟立","01/09","65.4","-0.2","-0.3","年","0.022","0.2","0","0","0","0","0","0","0","0",""
="2465","麗臺","01/09","58.4","-0.4","-0.68","年","0.111","0","0","0","0","0","1","0","0","0",""
="2466","冠西電","01/09","68","+0.7","+1.04","年","0.1","0","0","0","0","0.299","0.4","0.2","0","0",""
="2467","志聖","01/09","259","-2","-0.77","年","0.056","0","0","0","0","0.201","0.3","0","0","0",""
="2468","華經","01/09","40.4","-0.3","-0.74","年","0","0","0","0","0","0","0","0","0","0",""
="2471","資通","01/09","49.8","-0.15","-0.3","年","0","0","0","0","0","0","0","0","0","0",""
="2472","立隆電","01/09","110","+3.5","+3.29","年","0","0","0","0","0","0","0","0","0","0",""
="2476","鉅祥","01/09","92","+1.2","+1.32","年","0","0","0","0","0","0","0","0","0","0",""
="2477","美隆電","01/09","25","-0.05","-0.2","年","0","0","0","0","0","0","0","0","0","0",""
="2478","大毅","01/09","62.2","+0.8","+1.3","年","0","0","0","0","0","0","0","0","0","0",""
="2480","敦陽科","01/09","151.5","+2","+1.34","年","0","0","0","0","0","0","0","0","0","0",""
="2481","強茂","01/09","79.4","-0.1","-0.13","年","0","0","0","0","0","0","0","0","0","0",""
="2482","連宇","01/09","17.15","+0.15","+0.88","年","0","0","0","0","0","0","0","0","0","0",""
="2483","百容","01/09","18.9","+0.15","+0.8","年","0","0","0","0","0","0","0","0","0","0",""
="2484","希華","01/09","20.55","-0.05","-0.24","年","0","0","0","0","0","0","0","0","0","0",""
="2485","兆赫","01/09","25","-0.45","-1.77","年","0","0","0","0","0","0","0","0","0","0",""
="2486","一詮","01/09","91.1","-0.7","-0.76","年","0","0","0","0","0","0","0","0","0","0",""
="2488","漢平","01/09","45.85","-0.25","-0.54","年","0","0","0","0","0","0","0","0","0","0",""
="2491","吉祥全","01/09","18.65","+0.15","+0.81","年","0","0","0","0","0","0","0","0","0","0",""
="2492","華新科","01/09","124","+1.5","+1.22","年","0","0","0","0","0","0","0","0","0","0",""
="2493","揚博","01/09","124","-3.5","-2.75","年","0.12","0","0","0","0","0","0","0","0","1.08",""
="2495","普安","01/09","32","-1","-3.03","年","0","0","0","0","0","0","0","0","0","0",""
="2497","怡利電","01/09","53","+0.2","+0.38","年","0","0","0","0","0","0","0","0","0","0",""
="2498","宏達電","01/09","45.95","-0.35","-0.76","年","0","0","0","0","0","0","0","0","0","0",""
="2501","國建","01/09","24.05","-0.2","-0.82","年","0","0","0","0","0","0","0","0","0","0",""
="2504","國產","01/09","37.35","+0.5","+1.36","年","0","0","0","0","0","0","0","0","0","0",""
="2505","國揚","01/09","19.45","-0.05","-0.26","年","0","0","0","0","0","0","0","0","0","0",""
="2509","全坤建","01/09","15.6","+0.25","+1.63","年","0.467","0","1.4","1.8","1","0","0","0","0","0",""
="2511","太子","01/09","8.53","-0.02","-0.23","年","0","0","0","0","0","0","0","0","0","0",""
="2514","龍邦","01/09","14.75","0","0","年","0.028","0","0.25","0","0","0","0","0","0","0",""
="2515","中工","01/09","13.25","+0.3","+2.32","年","0.056","0","0","0","0","0","0","0","0","0.503",""
="2516","新建","01/09","14.3","-0.1","-0.69","年","0","0","0","0","0","0","0","0","0","0",""
="2520","冠德","01/09","32.75","+0.15","+0.46","年","0.222","0","0","0","0","1","0","0","0","1",""
="2524","京城","01/09","41.65","+0.35","+0.85","年","0","0","0","0","0","0","0","0","0","0",""
="2527","宏璟","01/09","29.3","+0.2","+0.69","年","0","0","0","0","0","0","0","0","0","0",""
="2534","宏盛","01/09","20.45","0","0","年","0.222","0","2","0","0","0","0","0","0","0",""
="2535","達欣工","01/09","65.4","+1.3","+2.03","年","0","0","0","0","0","0","0","0","0","0",""
="2536","宏普","01/09","25.35","0","0","年","0","0","0","0","0","0","0","0","0","0",""
="2537","聯上發","01/09","11.7","-0.2","-1.68","年","0.044","0.4","0","0","0","0","0","0","0","0",""
="2538","基泰","01/09","11.1","0","0","年","0.017","0","0","0","0","0","0","0","0.15","0",""
="2539","櫻花建","01/09","48.2","+0.5","+1.05","年","1.44","1","0.8","1.3","1.881","1.395","1.391","1.592","1.6","2",""
="2540","愛山林","01/09","45.75","-0.7","-1.51","年","2.222","0","0","0","0","1","6.5","3.5","5","4",""
="2542","興富發","01/09","39.9","+0.55","+1.4","年","0.5","0","0","0","1","0","1.002","1","1","0.5",""
="2545","皇翔","01/09","39.7","+0.75","+1.93","年","0","0","0","0","0","0","0","0","0","0",""
="2546","根基","01/09","89.3","+1.9","+2.17","年","0.239","0","0","0","0","0","1","0.35","0.2","0.6",""
="2547","日勝生","01/09","10.8","+0.05","+0.47","年","0.022","0","0","0.2","0","0","0","0","0","0",""
="2548","華固","01/09","115.5","+1","+0.87","年","0.167","0","0","0","0","0","0","0","1","0.5",""
="2596","綠意","01/09","38.4","+0.8","+2.13","年","0.03","0","0.269","0","0","0","0","0","0","0",""
="2597","潤弘","01/09","179.5","+2","+1.13","年","1.078","0","0","0","0","3.7","0","0","4","2",""
="2601","益航","01/09","5.52","-0.01","-0.18","年","0.1","0","0","0","0.9","0","0","0","0","0",""
="2603","長榮","01/09","193.5","0","0","年","0.056","0","0.5","0","0","0","0","0","0","0",""
="2605","新興","01/09","27.75","+0.8","+2.97","年","0.033","0","0","0.3","0","0","0","0","0","0",""
="2606","裕民","01/09","62.2","+0.8","+1.3","年","0","0","0","0","0","0","0","0","0","0",""
="2607","榮運","01/09","57.6","+0.2","+0.35","年","0","0","0","0","0","0","0","0","0","0",""
="2608","嘉里大榮","01/09","33","-0.05","-0.15","年","0","0","0","0","0","0","0","0","0","0",""
="2609","陽明","01/09","56.2","-0.1","-0.18","年","0","0","0","0","0","0","0","0","0","0",""
="2610","華航","01/09","20.45","+0.05","+0.25","年","0","0","0","0","0","0","0","0","0","0",""
="2611","志信","01/09","14.8","0","0","年","0.111","0","0","0","0","0","1","0","0","0",""
="2612","中航","01/09","60.8","+0.1","+0.16","年","0","0","0","0","0","0","0","0","0","0",""
="2613","中櫃","01/09","24","0","0","年","0.022","0.2","0","0","0","0","0","0","0","0",""
="2614","東森","01/09","22.25","-0.05","-0.22","年","0.1","0","0","0","0","0","0","0","0","0.9",""
="2615","萬海","01/09","79.2","0","0","年","0.278","0","0","0","0","1","1.5","0","0","0",""
="2616","山隆","01/09","13.35","0","0","年","0","0","0","0","0","0","0","0","0","0",""
="2617","台航","01/09","31.4","+0.4","+1.29","年","0","0","0","0","0","0","0","0","0","0",""
="2618","長榮航","01/09","36.55","+0.1","+0.27","年","0.122","0.3","0.5","0.298","0","0","0","0","0","0",""
="2630","亞航","01/09","53.4","+0.8","+1.52","年","0.23","0","0","0","0.92","0.399","0.749","0","0","0",""
="2633","台灣高鐵","01/09","28","+0.1","+0.36","年","0","0","0","0","0","0","0","0","0","0",""
="2634","漢翔","01/09","53.1","-1.8","-3.28","年","0.041","0.37","0","0","0","0","0","0","0","0",""
="2637","慧洋-KY","01/09","71.3","+1.8","+2.59","年","0.082","0.5","0","0","0.236","0","0","0","0","0",""
="2640","大車隊","01/09","131","-0.5","-0.38","年","0.278","0.5","0.5","0.5","0.5","0.5","0","0","0","0",""
="2641","正德","01/09","20.95","+0.15","+0.72","年","0.011","0","0","0","0.1","0","0","0","0","0",""
="2642","宅配通","01/09","25.75","+0.05","+0.19","年","0","0","0","0","0","0","0","0","0","0",""
="2643","捷迅","01/09","73.3","-0.5","-0.68","年","0","0","0","0","0","0","0","0","0","0",""
="2645","長榮航太","01/09","145","-6","-3.97","年","0","","","","","","0","0","0","0",""
="2646","星宇航空","01/09","23.35","+0.15","+0.65","年","0","","","","","","","0","0","0",""
="2701","萬企","01/09","11","+0.05","+0.46","年","0.084","0.5","0.255","0","0","0","0","0","0","0",""
="2702","華園","01/09","11.9","+0.1","+0.85","年","0.578","0.4","0","0.8","0","0","3.5","0.5","0","0",""
="2704","國賓","01/09","42.4","-0.15","-0.35","年","0","0","0","0","0","0","0","0","0","0",""
="2705","六福","01/09","16.5","+0.05","+0.3","年","0","0","0","0","0","0","0","0","0","0",""
="2706","第一店","01/09","12.85","0","0","年","0.12","0.8","0.277","0","0","0","0","0","0","0",""
="2712","遠雄來","01/09","17.95","0","0","年","0","0","0","0","0","0","0","0","0","0",""
="2719","燦星旅","01/09","30","-0.2","-0.66","年","0","0","0","0","0","0","0","0","0","0",""
="2722","夏都","01/09","25.2","+0.3","+1.2","年","0.194","0.5","0.4","0","0","0","0","0.6","0.25","0",""
="2723","美食-KY","01/09","70.1","-0.6","-0.85","年","0.227","1","1.04","0","0","0","0","0","0","0",""
="2724","藝舍-KY","01/09","20.3","+1.25","+6.56","年","0","0","0","0","0","0","0","0","0","0",""
="2726","雅茗-KY","01/09","12.8","+0.2","+1.59","年","0.056","0","0","0","0.502","0","0","0","0","0",""
="2727","王品","01/09","217.5","+1.5","+0.69","年","0.111","0","0","0","0","0","0","0.995","0","0",""
="2729","瓦城","01/09","175","+1.5","+0.86","年","0.74","0","0","0","0","0","3.15","1.5","1","1.011",""
="2731","雄獅","01/09","171","+4","+2.4","年","0","0","0","0","0","0","0","0","0","0",""
="2734","易飛網","01/09","18.25","+0.15","+0.83","年","0","0","0","0","0","0","0","0","0","0",""
="2736","富野","01/09","14.65","+0.2","+1.38","年","0.022","0","0","0","0","0","0","0.2","0","0",""
="2739","寒舍","01/09","35.2","-0.1","-0.28","年","0","0","0","0","0","0","0","0","0","0",""
="2740","天蔥","01/09","29.2","+0.55","+1.92","年","0","0","0","0","0","0","0","0","0","0",""
="2743","山富","01/09","81.6","+1.4","+1.75","年","0.333","0","0","0","0","0","0","0","0","3",""
="2745","五福","01/09","109.5","+1.5","+1.39","年","0","0","0","0","0","0","0","0","0","0",""
="2748","雲品","01/09","42.4","-0.1","-0.24","年","0.167","0","0","0","1.5","0","0","0","0","0",""
="2752","豆府","01/09","208","+2.5","+1.22","年","0.429","","","1.5","0.3","0","1.2","0","0","0",""
="2754","亞洲藏壽司","01/09","84.1","0","0","年","0","","","0","0","0","0","0","0","0",""
="2755","揚秦","01/09","118","-2","-1.67","年","0.953","","","0","0","0","1","3.7","0","1.974",""
="2801","彰銀","01/09","20.5","0","0","年","0.308","0.5","0.4","0.2","0.4","0.1","0.1","0.25","0.32","0.5",""
="2812","台中銀","01/09","20.8","0","0","年","0.458","0.17","0.25","0.52","0.52","0.45","0.5","0.42","0.56","0.73",""
="2816","旺旺保","01/09","28.85","0","0","年","0.056","0","0","0","0.5","0","0","0","0","0",""
="2820","華票","01/09","16.4","0","0","年","0","0","0","0","0","0","0","0","0","0",""
="2832","台產","01/09","50.1","+0.1","+0.2","年","0","0","0","0","0","0","0","0","0","0",""
="2834","臺企銀","01/09","16.15","0","0","年","0.489","0.3","0.4","0.5","0.5","0.34","0.37","0.24","1.15","0.6",""
="2836","高雄銀","01/09","12.25","+0.1","+0.82","年","0.339","0","0.37","0.39","","0.75","0.3","0.3","0.3","0.3",""
"2836A","高雄銀甲特","01/09","23.75","-0.05","-0.21","年","0","","","","","","0","0","0","0",""
="2838","聯邦銀","01/09","18.9","-0.1","-0.53","年","0.568","0","0.3","0.7","0.7","0.631","0.885","0.5","0.7","0.7",""
"2838A","聯邦銀甲特","01/09","54.6","+0.1","+0.18","年","0","","0","0","0","0","0","0","0","0",""
="2845","遠東銀","01/09","12.85","+0.05","+0.39","年","0.238","0.23","0.271","0.265","0.275","0.191","0.158","0","0.506","0.25",""
="2849","安泰銀","01/09","13.35","-0.1","-0.74","年","0","0","0","0","0","0","0","0","0","0",""
="2850","新產","01/09","117","+1","+0.86","年","0","0","0","0","0","0","0","0","0","0",""
="2851","中再保","01/09","26.6","0","0","年","0.056","0","0.5","0","0","0","0","0","0","0",""
="2852","第一保","01/09","27.7","0","0","年","0","0","0","0","0","0","0","0","0","0",""
="2855","統一證","01/09","26.5","-0.3","-1.12","年","0.223","0.41","0","0","0.2","0.4","0","0","0","1",""
="2867","三商壽","01/09","7.79","-0.01","-0.13","年","0.287","0.868","1.57","0","0","0.143","0","0","0","0",""
="2880","華南金","01/09","31.85","+0.35","+1.11","年","0.318","0.5","0.45","0.545","0.56","0.264","0.34","0","0.1","0.1",""
="2881","富邦金","01/09","95.5","-1.5","-1.55","年","0.306","0","0","0","0","1","0.5","0.5","0.5","0.25",""
"2881A","富邦特","01/09","63.3","-0.1","-0.16","年","0","0","0","0","0","0","0","0","0","0",""
"2881B","富邦金乙特","01/09","61.9","-0.1","-0.16","年","0","","","0","0","0","0","0","0","0",""
"2881C","富邦金丙特","01/09","53.3","0","0","年","0","","","","","","0","0","0","0",""
="2882","國泰金","01/09","75.9","-0.5","-0.65","年","0","0","0","0","0","0","0","0","0","0",""
"2882A","國泰特","01/09","60.9","0","0","年","0","0","0","0","0","0","0","0","0","0",""
"2882B","國泰金乙特","01/09","60.2","-0.1","-0.17","年","0","","","0","0","0","0","0","0","0",""
="2883","凱基金","01/09","17.45","-0.15","-0.85","年","0.011","0","0","0","0","0","0","0","0","0.1",""
"2883B","凱基金乙特","01/09","7.87","+0.01","+0.13","年","0","","","","","","0","0","0","0",""
="2884","玉山金","01/09","32.85","+0.05","+0.15","年","0.536","0.741","0.613","0.711","0.797","0.611","0.674","0.379","0.2","0.1",""
="2885","元大金","01/09","40.8","-0.3","-0.73","年","0.15","0","0","0","0.4","0","0.3","0.15","0.2","0.3",""
="2886","兆豐金","01/09","40.65","+0.2","+0.49","年","0.07","0","0","0","0","0","0.25","0.08","0.3","0",""
="2887","台新新光金","01/09","20.85","+0.1","+0.48","年","0.342","0.43","0.443","0.208","0.231","0.454","0.495","0.42","0.4","0",""
"2887E","台新新光戊特一","01/09","50","-0.1","-0.2","年","0","0","0","0","0","0","0","0","0","0",""
"2887F","台新新光戊特二","01/09","47.25","-0.05","-0.11","年","0","","","0","0","0","0","0","0","0",""
"2887Z1","台新新光己特","01/09","16.6","+0.05","+0.3","年","0","","","","","","","0","0","0",""
="2889","國票金","01/09","16.75","+0.05","+0.3","年","0.214","0.149","0.12","0.1","0.171","0.35","0.5","0","0.246","0.287",""
="2890","永豐金","01/09","29.2","0","0","年","0.16","0.35","0.2","0","0","0","0.1","0.2","0.25","0.34",""
="2891","中信金","01/09","49.7","+0.35","+0.71","年","0","0","0","0","0","0","0","0","0","0",""
"2891B","中信金乙特","01/09","63.6","-0.2","-0.31","年","0","","0","0","0","0","0","0","0","0",""
"2891C","中信金丙特","01/09","60.1","0","0","年","0","","","","0","0","0","0","0","0",""
="2892","第一金","01/09","29.7","+0.05","+0.17","年","0.206","0.2","0.1","0.1","0.3","0.1","0.2","0.3","0.3","0.25",""
="2897","王道銀行","01/09","9.16","0","0","年","0","0","0","0","0","0","0","0","0","0",""
"2897B","王道銀乙特","01/09","11.8","-0.05","-0.42","年","0","","","","","","","","","0",""
="2901","欣欣","01/09","25","+0.25","+1.01","年","0","0","0","0","0","0","0","0","0","0",""
="2903","遠百","01/09","22.4","+0.15","+0.67","年","0","0","0","0","0","0","0","0","0","0",""
="2904","匯僑","01/09","17.05","0","0","年","0","0","0","0","0","0","0","0","0","0",""
="2905","三商","01/09","15.7","0","0","年","0.289","0.7","0.8","0","1","0","0.1","0","0","0",""
="2906","高林","01/09","12.4","-0.1","-0.8","年","0","0","0","0","0","0","0","0","0","0",""
="2908","特力","01/09","20.2","0","0","年","0","0","0","0","0","0","0","0","0","0",""
="2910","統領","01/09","20.75","-0.05","-0.24","年","0","0","0","0","0","0","0","0","0","0",""
="2911","麗嬰房","01/09","5.06","-0.23","-4.35","年","0","0","0","0","0","0","0","0","0","0",""
="2912","統一超","01/09","221","+2.5","+1.14","年","0","0","0","0","0","0","0","0","0","0",""
="2913","農林","01/09","13.25","-0.1","-0.75","年","0","0","0","0","0","0","0","0","0","0",""
="2915","潤泰全","01/09","52.2","-0.3","-0.57","年","0.333","0","0","0","0","3","0","0","0","0",""
="2916","滿心","01/09","48.75","-0.1","-0.2","年","0","0","0","0","0","0","0","0","0","0",""
="2923","鼎固-KY","01/09","19.85","-0.15","-0.75","年","0","0","0","0","0","0","0","0","0","0",""
="2924","宏太-KY","01/09","20","0","0","年","0","0","0","0","0","0","0","0","0","0",""
="2926","誠品生活","01/09","38.9","+1.1","+2.91","年","0","0","0","0","0","0","0","0","0","0",""
="2929","淘帝-KY","01/09","7.74","-0.01","-0.13","年","0.501","0.98","0.5","1.49","1.539","0","0","0","0","0",""
="2937","集雅社","01/09","43.95","+0.45","+1.03","年","0.239","0","0","0","0","1.15","0","0","0","1",""
="2941","米斯特","01/09","43","0","0","年","0","","0","","","","0","0","0","0",""
="2945","三商家購","01/09","37.3","-0.2","-0.53","年","0.168","","","1.177","0","0","0","0","0","0",""
="2948","寶陞","01/09","38.5","0","0","年","0.508","","","","","0.995","0.5","0","0.714","0.333",""
="2949","欣新網","01/09","66.5","-1","-1.48","年","0.867","","","","","","","0","0.5","2.1",""
="3002","歐格","01/09","23.3","-0.4","-1.69","年","0","0","0","0","0","0","0","0","0","0",""
="3003","健和興","01/09","46.1","-0.2","-0.43","年","0","0","0","0","0","0","0","0","0","0",""
="3004","豐達科","01/09","111","+0.5","+0.45","年","0","0","0","0","0","0","0","0","0","0",""
="3005","神基","01/09","116.5","+2","+1.75","年","0","0","0","0","0","0","0","0","0","0",""
="3006","晶豪科","01/09","136","-10.5","-7.17","年","0","0","0","0","0","0","0","0","0","0",""
="3010","華立","01/09","109","+0.5","+0.46","年","0.022","0","0","0","0","0.2","0","0","0","0",""
="3011","今皓","01/09","14.1","-0.1","-0.7","年","0","0","0","0","0","0","0","0","0","0",""
="3013","晟銘電","01/09","123.5","+0.5","+0.41","年","0","0","0","0","0","0","0","0","0","0",""
="3014","聯陽","01/09","115","-1.5","-1.29","年","0","0","0","0","0","0","0","0","0","0",""
="3015","全漢","01/09","50.8","-0.3","-0.59","年","0","0","0","0","0","0","0","0","0","0",""
="3016","嘉晶","01/09","56.6","-3.4","-5.67","年","0","0","0","0","0","0","0","0","0","0",""
="3017","奇鋐","01/09","1375","+20","+1.48","年","0","0","0","0","0","0","0","0","0","0",""
="3018","隆銘綠能","01/09","11.4","0","0","年","0.109","0.201","0.781","0","0","0","0","0","0","0",""
="3019","亞光","01/09","140.5","-2","-1.4","年","0","0","0","0","0","0","0","0","0","0",""
="3021","鴻名","01/09","17.75","-0.1","-0.56","年","0.033","0","0","0","0","0","0.3","0","0","0",""
="3022","威強電","01/09","65.1","+0.6","+0.93","年","0","0","0","0","0","0","0","0","0","0",""
="3023","信邦","01/09","193","+4.5","+2.39","年","0","0","0","0","0","0","0","0","0","0",""
="3024","憶聲","01/09","11.1","-0.3","-2.63","年","0","0","0","0","0","0","0","0","0","0",""
="3025","星通","01/09","70.9","+0.1","+0.14","年","0","0","0","0","0","0","0","0","0","0",""
="3026","禾伸堂","01/09","104","-0.5","-0.48","年","0.056","0","0","0","0","0","0","0.5","0","0",""
="3027","盛達","01/09","24.95","-0.95","-3.67","年","0.017","0.15","0","0","0","0","0","0","0","0",""
="3028","增你強","01/09","38.85","-0.95","-2.39","年","0","0","0","0","0","0","0","0","0","0",""
="3029","零壹","01/09","112.5","0","0","年","0","0","0","0","0","0","0","0","0","0",""
="3030","德律","01/09","173","+3.5","+2.06","年","0","0","0","0","0","0","0","0","0","0",""
="3031","佰鴻","01/09","19.4","-0.1","-0.51","年","0","0","0","0","0","0","0","0","0","0",""
="3032","偉訓","01/09","74.4","-0.2","-0.27","年","0","0","0","0","0","0","0","0","0","0",""
="3033","威健","01/09","31.05","-0.45","-1.43","年","0.107","0","0.362","0.598","0","0","0","0","0","0",""
="3034","聯詠","01/09","380","-5","-1.3","年","0","0","0","0","0","0","0","0","0","0",""
="3035","智原","01/09","167.5","-3","-1.76","年","0","0","0","0","0","0","0","0","0","0",""
="3036","文曄","01/09","146.5","+1","+0.69","年","0","0","0","0","0","0","0","0","0","0",""
"3036A","文曄甲特","01/09","51.4","-0.1","-0.19","年","0","","","","","0","0","0","0","0",""
="3037","欣興","01/09","225.5","-2","-0.88","年","0","0","0","0","0","0","0","0","0","0",""
="3038","全台","01/09","23.2","-0.2","-0.85","年","0","0","0","0","0","0","0","0","0","0",""
="3040","遠見","01/09","52.8","-1.7","-3.12","年","0","0","0","0","0","0","0","0","0","0",""
="3043","科風","01/09","21.05","-0.45","-2.09","年","0","0","0","0","0","0","0","0","0","0",""
="3044","健鼎","01/09","318.5","+1.5","+0.47","年","0","0","0","0","0","0","0","0","0","0",""
="3045","台灣大","01/09","107.5","+0.5","+0.47","年","0","0","0","0","0","0","0","0","0","0",""
="3046","建碁","01/09","53.6","-0.9","-1.65","年","0","0","0","0","0","0","0","0","0","0",""
="3047","訊舟","01/09","17.9","+0.05","+0.28","年","0","0","0","0","0","0","0","0","0","0",""
="3048","益登","01/09","41.95","+0.4","+0.96","年","0.111","0","0","0","0","1","0","0","0","0",""
="3050","鈺德","01/09","13.2","-0.4","-2.94","年","0","0","0","0","0","0","0","0","0","0",""
="3051","力特","01/09","19.5","-1.35","-6.47","年","0","0","0","0","0","0","0","0","0","0",""
="3052","夆典","01/09","11.85","0","0","年","0.044","0","0","0","0","0","0","0.2","0.2","0",""
="3055","蔚華科","01/09","72.1","+2.1","+3","年","0","0","0","0","0","0","0","0","0","0",""
="3056","富華新","01/09","18.1","+0.25","+1.4","年","0.889","0","0","0","0","0","0","4.1","0.4","3.5",""
="3057","喬鼎","01/09","21.25","-1.4","-6.18","年","0","0","0","0","0","0","0","0","0","0",""
="3058","立德","01/09","9.49","-0.12","-1.25","年","0","0","0","0","0","0","0","0","0","0",""
="3059","華晶科","01/09","40.45","+0.25","+0.62","年","0","0","0","0","0","0","0","0","0","0",""
="3060","銘異","01/09","33.15","-3.4","-9.3","年","0","0","0","0","0","0","0","0","0","0",""
="3062","建漢","01/09","23.25","0","0","年","0","0","0","0","0","0","0","0","0","0",""
="3064","泰偉","01/09","46.2","-1.8","-3.75","年","0","0","0","0","0","0","0","0","0","0",""
="3066","李洲","01/09","13.6","-0.15","-1.09","年","0","0","0","0","0","0","0","0","0","0",""
="3067","全域","01/09","18.75","0","0","年","0","0","0","0","0","0","0","0","0","0",""
="3071","協禧","01/09","22.9","+0.1","+0.44","年","0","0","0","0","0","0","0","0","0","0",""
="3073","天方能源","01/09","30.5","+0.6","+2.01","年","0.072","0","0","0","0","0","0","0","0","0.65",""
="3078","僑威","01/09","67.5","-0.1","-0.15","年","0","0","0","0","0","0","0","0","0","0",""
="3081","聯亞","01/09","612","-15","-2.39","年","0","0","0","0","0","0","0","0","0","0",""
="3083","網龍","01/09","35","+0.45","+1.3","年","0","0","0","0","0","0","0","0","0","0",""
="3085","新零售","01/09","12.9","-0.05","-0.39","年","0","0","0","0","0","0","0","0","0","0",""
="3086","華義","01/09","206.5","+0.5","+0.24","年","0.4","0","0","0","0","0","1.5","0.6","1","0.5",""
="3088","艾訊","01/09","81.3","+2.4","+3.04","年","0.11","0","0","0","0","0","0","0.993","0","0",""
="3090","日電貿","01/09","101","+1.3","+1.3","年","0.078","0","0.7","0","0","0","0","0","0","0",""
="3092","鴻碩","01/09","27.6","-0.9","-3.16","年","0.311","1","0.2","0.5","0.8","0","0","0.3","0","0",""
="3093","港建*","01/09","25.6","+0.35","+1.39","年","0","0","0","0","0","0","0","0","0","0",""
="3094","聯傑","01/09","24.8","-0.2","-0.8","年","0","0","0","0","0","0","0","0","0","0",""
="3095","及成","01/09","30.9","-0.15","-0.48","年","0","0","0","0","0","0","0","0","0","0",""
="3105","穩懋","01/09","216.5","+19","+9.62","年","0","0","0","0","0","0","0","0","0","0",""
="3114","好德","01/09","25.7","-0.3","-1.15","年","0.302","0","0.4","0.766","0.55","0","0.6","0.4","0","0",""
="3115","富榮綱","01/09","10.2","-0.1","-0.97","年","0","0","0","0","0","0","0","0","0","0",""
="3118","進階","01/09","33.15","+0.4","+1.22","年","0","0","0","0","0","0","0","0","0","0",""
="3122","笙泉","01/09","21.15","0","0","年","0","0","0","0","0","0","0","0","0","0",""
="3128","昇銳","01/09","28.7","-0.6","-2.05","年","0.108","0","0","0","0","0","0","0","0","0.974",""
="3130","一零四","01/09","223","0","0","年","0","0","0","0","0","0","0","0","0","0",""
="3131","弘塑","01/09","1790","-40","-2.19","年","0","0","0","0","0","0","0","0","0","0",""
="3135","凌航","01/09","94.5","+1.9","+2.05","年","1.075","","","","","","4.3","0","0","0",""
="3138","耀登","01/09","124.5","+11","+9.69","年","0.022","0","0","0.2","0","0","0","0","0","0",""
="3141","晶宏","01/09","49.25","-0.95","-1.89","年","0.028","0","0","0","0.25","0","0","0","0","0",""
="3147","大綜","01/09","166","0","0","年","0.133","0","0","0","0","0","0","0","0","1.2",""
="3150","鈺寶-創","01/09","20.65","-0.5","-2.36","年","0","0","0","0","0","0","0","0","0","0",""
="3152","璟德","01/09","141.5","0","0","年","0","0","0","0","0","0","0","0","0","0",""
="3158","嘉實","01/09","92","+1.7","+1.88","年","0","0","0","0","0","0","0","0","0","0",""
="3162","精確","01/09","61.1","+2","+3.38","年","0","0","0","0","0","0","0","0","0","0",""
="3163","波若威","01/09","371.5","-2.5","-0.67","年","0","0","0","0","0","0","0","0","0","0",""
="3164","景岳","01/09","18.25","-0.2","-1.08","年","0","0","0","0","0","0","0","0","0","0",""
="3167","大量","01/09","220.5","+6.5","+3.04","年","0.033","0","0","0","0","0","0","0.3","0","0",""
="3168","眾福科","01/09","40.35","-0.7","-1.71","年","0","0","0","0","0","0","0","0","0","0",""
="3169","亞信","01/09","95.2","+0.7","+0.74","年","0","0","0","0","0","0","0","0","0","0",""
="3171","炎洲流通","01/09","47.5","+0.5","+1.06","年","0","0","0","0","0","0","0","0","0","0",""
="3176","基亞","01/09","32.25","+0.05","+0.16","年","0","0","0","0","0","0","0","0","0","0",""
="3178","公準","01/09","59.6","+1","+1.71","年","0","0","0","0","0","0","0","0","0","0",""
="3188","鑫龍騰","01/09","29.85","-0.1","-0.33","年","0.056","0","0","0","0","0","0.5","0","0","0",""
="3189","景碩","01/09","168.5","+2.5","+1.51","年","0","0","0","0","0","0","0","0","0","0",""
="3191","雲嘉南","01/09","17.25","-0.75","-4.17","年","0","0","0","0","0","0","0","0","0","0",""
="3205","佰研","01/09","50.6","+0.4","+0.8","年","0","0","0","0","0","0","0","0","0","0",""
="3206","志豐","01/09","31.7","+0.1","+0.32","年","0.067","0.2","0.2","0.2","0","0","0","0","0","0",""
="3207","耀勝","01/09","75.8","+3.1","+4.26","年","0","0","0","0","0","0","0","0","0","0",""
="3209","全科","01/09","32.1","+0.25","+0.78","年","0.289","0.5","0.5","0.2","0","0.6","0.8","0","0","0",""
="3211","順達","01/09","299.5","-4","-1.32","年","0","0","0","0","0","0","0","0","0","0",""
="3213","茂訊","01/09","103","0","0","年","0","0","0","0","0","0","0","0","0","0",""
="3217","優群","01/09","158.5","+3.5","+2.26","年","0","0","0","0","0","0","0","0","0","0",""
="3218","大學光","01/09","148","0","0","年","0.122","0","0","0","0","0","0.5","0.6","0","0",""
="3219","倚強科","01/09","68.9","-1.6","-2.27","年","0","0","0","0","0","0","0","0","0","0",""
="3221","台嘉碩","01/09","23.05","+1.25","+5.73","年","0","0","0","0","0","0","0","0","0","0",""
="3224","三顧","01/09","46.5","+0.85","+1.86","年","0","0","0","0","0","0","0","0","0","0",""
="3226","龍鋒","01/09","39.95","0","0","年","0","0","0","0","0","0","0","0","0","0",""
="3227","原相","01/09","208","+1.5","+0.73","年","0","0","0","0","0","0","0","0","0","0",""
="3228","金麗科","01/09","122.5","+1","+0.82","年","0.033","0","0","0","0","0","0","0.3","0","0",""
="3229","晟鈦","01/09","22.7","-0.7","-2.99","年","0","0","0","0","0","0","0","0","0","0",""
="3230","錦明","01/09","35.35","+0.2","+0.57","年","0","0","0","0","0","0","0","0","0","0",""
="3231","緯創","01/09","149","-2","-1.32","年","0.065","0.296","0.292","0","0","0","0","0","0","0",""
="3232","昱捷","01/09","23.2","-0.8","-3.33","年","0","0","0","0","0","0","0","0","0","0",""
="3234","光環","01/09","44.15","-1.05","-2.32","年","0","0","0","0","0","0","0","0","0","0",""
="3236","千如","01/09","30.95","+1.25","+4.21","年","0.494","0.594","1.7","0.85","0","0","0","1.3","0","0",""
="3252","海灣","01/09","18.65","+0.1","+0.54","年","0","0","0","0","0","0","0","0","0","0",""
="3257","虹冠電","01/09","64.3","-2.8","-4.17","年","0.237","0.65","0","0","0.486","1","0","0","0","0",""
="3259","鑫創","01/09","21.25","-0.3","-1.39","年","0","0","0","0","0","0","0","0","0","0",""
="3264","欣銓","01/09","125","+4","+3.31","年","0","0","0","0","0","0","0","0","0","0",""
="3265","台星科","01/09","127","+4.5","+3.67","年","0","0","0","0","0","0","0","0","0","0",""
="3266","昇陽","01/09","14.2","+0.05","+0.35","年","0","0","0","0","0","0","0","0","0","0",""
="3268","海德威","01/09","16.8","+0.1","+0.6","年","0","0","0","0","0","0","0","0","0","0",""
="3272","東碩","01/09","19.75","-0.05","-0.25","年","0.133","0","0","0","0","0","0","1.2","0","0",""
="3276","宇環","01/09","15.5","-0.2","-1.27","年","0","0","0","0","0","0","0","0","0","0",""
="3284","太普高","01/09","20.25","+0.15","+0.75","年","0.189","0","0","0","0","0","0","0.1","0.4","1.2",""
="3285","微端","01/09","27.95","-0.7","-2.44","年","0","0","0","0","0","0","0","0","0","0",""
="3287","廣寰科","01/09","29.15","+0.55","+1.92","年","0","0","0","0","0","0","0","0","0","0",""
="3288","點晶","01/09","16.05","-0.05","-0.31","年","0","0","0","0","0","0","0","0","0","0",""
="3290","東浦","01/09","46.5","+0.7","+1.53","年","0","0","0","0","0","0","0","0","0","0",""
="3294","英濟","01/09","39.6","+1.8","+4.76","年","0","0","0","0","0","0","0","0","0","0",""
="3296","勝德","01/09","23.5","0","0","年","0","0","0","0","0","0","0","0","0","0",""
="3297","杭特","01/09","40.5","+0.65","+1.63","年","0","0","0","0","0","0","0","0","0","0",""
="3303","岱稜","01/09","44.45","0","0","年","0","0","0","0","0","0","0","0","0","0",""
="3305","昇貿","01/09","110.5","+2","+1.84","年","0","0","0","0","0","0","0","0","0","0",""
="3306","鼎天","01/09","48.25","-0.55","-1.13","年","0","0","0","0","0","0","0","0","0","0",""
="3308","聯德","01/09","21.05","-0.4","-1.86","年","0","0","0","0","0","0","0","0","0","0",""
="3310","佳穎","01/09","78.3","+1.3","+1.69","年","0","0","0","0","0","0","0","0","0","0",""
="3311","閎暉","01/09","31.45","0","0","年","0","0","0","0","0","0","0","0","0","0",""
="3312","弘憶股","01/09","41.9","-0.25","-0.59","年","0.269","0","0.12","0.7","0.6","1","0","0","0","0",""
="3313","斐成","01/09","14.65","-0.25","-1.68","年","0","0","0","0","0","0","0","0","0","0",""
="3317","尼克森","01/09","45.2","+0.25","+0.56","年","0.457","0","0","0","0","0","0","1.6","1.4","1.111",""
="3321","同泰","01/09","19","-0.35","-1.81","年","0","0","0","0","0","0","0","0","0","0",""
="3322","建舜電","01/09","15.65","+0.25","+1.62","年","0","0","0","0","0","0","0","0","0","0",""
="3323","加百裕","01/09","39.8","+0.7","+1.79","年","0","0","0","0","0","0","0","0","0","0",""
="3324","雙鴻","01/09","965","+20","+2.12","年","0","0","0","0","0","0","0","0","0","0",""
="3325","旭品","01/09","16.35","-0.15","-0.91","年","0","0","0","0","0","0","0","0","0","0",""
="3332","幸康","01/09","56.2","+1.5","+2.74","年","0","0","0","0","0","0","0","0","0","0",""
="3338","泰碩","01/09","48.55","-0.65","-1.32","年","0","0","0","0","0","0","0","0","0","0",""
="3339","泰谷","01/09","25.7","+0.1","+0.39","年","0","0","0","0","0","0","0","0","0","0",""
="3346","麗清","01/09","18.9","+0.05","+0.27","年","0","0","0","0","0","0","0","0","0","0",""
="3349","寶德","01/09","30.95","+0.8","+2.65","年","0.089","0","0","0","0","0.404","0.4","0","0","0",""
="3354","律勝","01/09","26.65","+0.05","+0.19","年","0","0","0","0","0","0","0","0","0","0",""
="3356","奇偶","01/09","46.55","-0.15","-0.32","年","0.166","1.49","0","0","0","0","0","0","0","0",""
="3357","臺慶科","01/09","160","+3","+1.91","年","0","0","0","0","0","0","0","0","0","0",""
="3360","尚立","01/09","15.5","+1.4","+9.93","年","0.124","0","0","0","0","0","1.12","0","0","0",""
="3362","先進光","01/09","94","+2.2","+2.4","年","0.052","0","0.27","0.2","0","0","0","0","0","0",""
="3363","上詮","01/09","429","+0.5","+0.12","年","0","0","0","0","0","0","0","0","0","0",""
="3372","典範","01/09","22.85","+0.05","+0.22","年","0","0","0","0","0","0","0","0","0","0",""
="3373","熱映","01/09","17.4","+0.05","+0.29","年","0.111","0","0","0","0","0","0","0","0","1",""
="3374","精材","01/09","170.5","-4","-2.29","年","0","0","0","0","0","0","0","0","0","0",""
="3376","新日興","01/09","228.5","+5.5","+2.47","年","0","0","0","0","0","0","0","0","0","0",""
="3379","彬台","01/09","49.65","+0.15","+0.3","年","0","0","0","0","0","0","0","0","0","0",""
="3380","明泰","01/09","31.65","-0.1","-0.31","年","0","0","0","0","0","0","0","0","0","0",""
="3388","崇越電","01/09","61.5","+0.1","+0.16","年","0","0","0","0","0","0","0","0","0","0",""
="3390","旭軟","01/09","23.95","+0.3","+1.27","年","0","0","0","0","0","0","0","0","0","0",""
="3402","漢科","01/09","139","+1.5","+1.09","年","0","0","0","0","0","0","0","0","0","0",""
="3413","京鼎","01/09","277","-2.5","-0.89","年","0.111","0.5","0.5","0","0","0","0","0","0","0",""
="3416","融程電","01/09","148.5","+1","+0.68","年","0","0","0","0","0","0","0","0","0","0",""
="3419","譁裕","01/09","13.8","+0.1","+0.73","年","0","0","0","0","0","0","0","0","0","0",""
="3426","台興","01/09","40.55","-0.25","-0.61","年","0.222","0","2","0","0","0","0","0","0","0",""
="3430","奇鈦科","01/09","78.8","+3.5","+4.65","年","0.094","0","0.2","0","0.45","0.2","0","0","0","0",""
="3432","台端","01/09","14","-0.05","-0.36","年","0","0","0","0","0","0","0","0","0","0",""
="3434","哲固","01/09","30.3","+0.3","+1","年","0.338","0","0","0","0","0","0.6","1.254","0.35","0.842",""
="3437","榮創","01/09","15.15","-0.3","-1.94","年","0","0","0","0","0","0","0","0","0","0",""
="3438","類比科","01/09","53.8","-0.6","-1.1","年","0","0","0","0","0","0","0","0","0","0",""
="3441","聯一光","01/09","37.35","+0.3","+0.81","年","0","0","0","0","0","0","0","0","0","0",""
="3443","創意","01/09","2365","-85","-3.47","年","0","0","0","0","0","0","0","0","0","0",""
="3444","利機","01/09","73.9","+0.4","+0.54","年","0.022","0","0","0","0","0","0","0","0.2","0",""
="3447","展達","01/09","48","0","0","年","0.178","0.8","0.8","0","0","0","0","0","0","0",""
="3450","聯鈞","01/09","260.5","+1","+0.39","年","0.333","2","1","0","0","0","0","0","0","0",""
="3454","晶睿","01/09","98.8","0","0","年","0.083","0.25","0.25","0.25","0","0","0","0","0","0",""
="3455","由田","01/09","110.5","+0.5","+0.45","年","0","0","0","0","0","0","0","0","0","0",""
="3466","德晉","01/09","40.05","-0.1","-0.25","年","0","0","0","0","0","0","0","0","0","0",""
="3467","台灣精材","01/09","45.2","+0.7","+1.57","年","0","","","","","","","","0","0",""
="3479","安勤","01/09","92.6","+1.1","+1.2","年","0","0","0","0","0","0","0","0","0","0",""
="3481","群創","01/09","20","-0.75","-3.61","年","0","0","0","0","0","0","0","0","0","0",""
="3483","力致","01/09","89.4","+1","+1.13","年","0.505","1","0","0.6","0.948","0.5","0","0","0","1.5",""
="3484","崧騰","01/09","48.1","+1.1","+2.34","年","0.011","0.1","0","0","0","0","0","0","0","0",""
="3489","森寶","01/09","22.65","+0.15","+0.67","年","0","0","0","0","0","0","0","0","0","0",""
="3490","單井","01/09","24.85","-0.35","-1.39","年","0.028","0.25","0","0","0","0","0","0","0","0",""
="3491","昇達科","01/09","780","+9","+1.17","年","0.067","0","0","0.599","0","0","0","0","0","0",""
="3492","長盛","01/09","25.85","-0.3","-1.15","年","0","0","0","0","0","0","0","0","0","0",""
="3494","誠研","01/09","8.49","-0.01","-0.12","年","0","0","0","0","0","0","0","0","0","0",""
="3498","陽程","01/09","53.7","-1.9","-3.42","年","0","0","0","0","0","0","0","0","0","0",""
="3499","環天科","01/09","17.3","-0.25","-1.42","年","0","0","0","0","0","0","0","0","0","0",""
="3501","維熹","01/09","48.25","0","0","年","0","0","0","0","0","0","0","0","0","0",""
="3504","揚明光","01/09","51.1","+0.6","+1.19","年","0","0","0","0","0","0","0","0","0","0",""
="3508","位速","01/09","23.55","0","0","年","0","0","0","0","0","0","0","0","0","0",""
="3511","矽瑪","01/09","21.3","+0.2","+0.95","年","0","0","0","0","0","0","0","0","0","0",""
="3512","皇龍","01/09","21.5","+0.1","+0.47","年","0","0","0","0","0","0","0","0","0","0",""
="3515","華擎","01/09","246","+4","+1.65","年","0","0","0","0","0","0","0","0","0","0",""
="3516","亞帝歐","01/09","19.9","-0.1","-0.5","年","0.064","0","0","0","0","0","0","0.4","0.18","0",""
="3518","柏騰","01/09","21.7","+0.15","+0.7","年","0","0","0","0","0","0","0","0","0","0",""
="3520","華盈","01/09","15.95","-0.25","-1.54","年","0","0","0","0","0","0","0","0","0","0",""
="3521","鴻翊","01/09","14.8","+0.55","+3.86","年","0","0","0","0","0","0","0","0","0","0",""
="3522","御嵿","01/09","17.9","-0.2","-1.1","年","0","0","0","0","0","0","0","0","0","0",""
="3523","迎輝","01/09","18.4","+0.15","+0.82","年","0","0","0","0","0","0","0","0","0","0",""
="3526","凡甲","01/09","248.5","+1","+0.4","年","0","0","0","0","0","0","0","0","0","0",""
="3527","聚積","01/09","55","-0.3","-0.54","年","0.106","0.5","0.454","0","0","0","0","0","0","0",""
="3528","安馳","01/09","67.3","+1.7","+2.59","年","0.033","0.1","0.2","0","0","0","0","0","0","0",""
="3529","力旺","01/09","1650","-15","-0.9","年","0","0","0","0","0","0","0","0","0","0",""
="3530","晶相光","01/09","76.3","+0.9","+1.19","年","0","0","0","0","0","0","0","0","0","0",""
="3531","先益","01/09","21","0","0","年","0","0","0","0","0","0","0","0","0","0",""
="3532","台勝科","01/09","110.5","-3","-2.64","年","0","0","0","0","0","0","0","0","0","0",""
="3533","嘉澤","01/09","1410","+5","+0.36","年","0","0","0","0","0","0","0","0","0","0",""
="3535","晶彩科","01/09","94.5","+0.4","+0.43","年","0","0","0","0","0","0","0","0","0","0",""
="3537","堡達","01/09","50.6","+0.5","+1","年","0.167","0","0","0","1","0","0","0","0.5","0",""
="3540","曜越","01/09","33.1","+0.5","+1.53","年","0.111","0","0","0","0","0.998","0","0","0","0",""
="3541","西柏","01/09","26.25","+2.35","+9.83","年","0.167","1","0","0","0.504","0","0","0","0","0",""
="3543","州巧","01/09","46.75","+4.25","+10","年","0","0","0","0","0","0","0","0","0","0",""
="3545","敦泰","01/09","52.8","+0.2","+0.38","年","0","0","0","0","0","0","0","0","0","0",""
="3546","宇峻","01/09","82","+2","+2.5","年","0.611","1.006","1","0","0.991","0.5","0","0.5","0.5","1",""
="3548","兆利","01/09","87.6","-0.6","-0.68","年","0.028","0","0","0","0","0","0","0","0","0.25",""
="3550","聯穎","01/09","15.15","+0.25","+1.68","年","0.033","0","0","0","0","0","0.3","0","0","0",""
="3551","世禾","01/09","198","+8","+4.21","年","0","0","0","0","0","0","0","0","0","0",""
="3552","同致","01/09","60.4","-0.6","-0.98","年","0.156","0","0","0","0","0","0","0","1","0.4",""
="3556","禾瑞亞","01/09","37.3","+0.4","+1.08","年","0.122","0.4","0","0","0","0.3","0.4","0","0","0",""
="3557","嘉威","01/09","35.6","-0.3","-0.84","年","0.056","0","0","0","0","0","0","0","0","0.5",""
="3558","神準","01/09","127.5","-0.5","-0.39","年","0","0","0","0","0","0","0","0","0","0",""
="3564","其陽","01/09","47.3","-0.5","-1.05","年","0.111","1","0","0","0","0","0","0","0","0",""
="3567","逸昌","01/09","25.35","-0.3","-1.17","年","0","0","0","0","0","0","0","0","0","0",""
="3570","大塚","01/09","164.5","+1","+0.61","年","0","0","0","0","0","0","0","0","0","0",""
="3576","聯合再生","01/09","9.07","-0.36","-3.82","年","0","0","0","0","0","0","0","0","0","0",""
="3577","泓格","01/09","62","+0.8","+1.31","年","0.444","1","0","1","0","0","1","1","0","0",""
="3580","友威科","01/09","68.1","-2","-2.85","年","0","0","0","0","0","0","0","0","0","0",""
="3581","博磊","01/09","65.9","+1.1","+1.7","年","0","0","0","0","0","0","0","0","0","0",""
="3583","辛耘","01/09","344","+2.5","+0.73","年","0","0","0","0","0","0","0","0","0","0",""
="3587","閎康","01/09","191","+2","+1.06","年","0","0","0","0","0","0","0","0","0","0",""
="3588","通嘉","01/09","52","-2.2","-4.06","年","0.267","0","0","0","0","0.999","0.7","0.302","0.2","0.2",""
="3591","艾笛森","01/09","18.3","-0.05","-0.27","年","0.057","0","0","0","0","0","0.517","0","0","0",""
="3592","瑞鼎","01/09","220.5","-1.5","-0.68","年","0","0","0","0","0","0","0","0","0","0",""
="3593","力銘","01/09","13","+0.1","+0.78","年","0","0","0","0","0","0","0","0","0","0",""
="3594","磐儀","01/09","36.1","-0.3","-0.82","年","0.088","0","0.303","0.2","0.193","0.096","0","0","0","0",""
="3596","智易","01/09","173","+1","+0.58","年","0","0","0","0","0","0","0","0","0","0",""
="3597","映興","01/09","25.5","+0.1","+0.39","年","0","0","0","0","0","0","0","0","0","0",""
="3605","宏致","01/09","59.9","-1","-1.64","年","0","0","0","0","0","0","0","0","0","0",""
="3607","谷崧","01/09","14.2","-0.05","-0.35","年","0","0","0","0","0","0","0","0","0","0",""
="3609","三一東林","01/09","39.05","-0.05","-0.13","年","0","0","0","0","0","0","0","0","0","0",""
="3611","鼎翰","01/09","200.5","+0.5","+0.25","年","0.222","0","0","1","0","0","0","0.998","0","0",""
="3615","安可","01/09","25.6","-0.3","-1.16","年","0","0","0","0","0","0","0","0","0","0",""
="3622","洋華","01/09","68.4","+5.1","+8.06","年","0","0","0","0","0","0","0","0","0","0",""
="3623","富晶通","01/09","30.3","+2.75","+9.98","年","0","0","0","0","0","0","0","0","0","0",""
="3624","光頡","01/09","61.4","+4.3","+7.53","年","0","0","0","0","0","0","0","0","0","0",""
="3625","西勝","01/09","20.05","+0.45","+2.3","年","0","0","0","0","0","0","0","0","0","0",""
="3628","盈正","01/09","67.7","+0.2","+0.3","年","0","0","0","0","0","0","0","0","0","0",""
="3630","新鉅科","01/09","30.7","+0.65","+2.16","年","0","0","0","0","0","0","0","0","0","0",""
="3631","晟楠","01/09","23.2","+0.3","+1.31","年","0","0","0","0","0","0","0","0","0","0",""
="3632","研勤","01/09","9.31","-0.02","-0.21","年","0","0","0","0","0","0","0","0","0","0",""
="3645","達邁","01/09","53","+0.9","+1.73","年","0.056","0","0","0.5","0","0","0","0","0","0",""
="3646","艾恩特","01/09","25.35","+1.6","+6.74","年","0","0","0","0","0","0","0","0","0","0",""
="3652","精聯","01/09","28.85","-0.05","-0.17","年","0","0","0","0","0","0","0","0","0","0",""
="3653","健策","01/09","2565","+120","+4.91","年","0.111","0","0","0","0","0","1","0","0","0",""
="3661","世芯-KY","01/09","3570","-30","-0.83","年","0","0","0","0","0","0","0","0","0","0",""
="3663","鑫科","01/09","52.7","0","0","年","0","0","0","0","0","0","0","0","0","0",""
="3664","安瑞-KY","01/09","17.3","-0.25","-1.42","年","0","0","0","0","0","0","0","0","0","0",""
="3665","貿聯-KY","01/09","1425","+15","+1.06","年","0.022","0","0","0","0","0","0","0.097","0","0.099",""
="3666","光耀","01/09","31.7","0","0","年","0","0","0","0","0","0","0","0","0","0",""
="3669","圓展","01/09","39.8","+0.3","+0.76","年","0","0","0","0","0","0","0","0","0","0",""
="3672","康聯訊","01/09","11.8","-0.2","-1.67","年","0.068","0.61","0","0","0","0","0","0","0","0",""
="3673","TPK-KY","01/09","41.1","-0.05","-0.12","年","0","0","0","0","0","0","0","0","0","0",""
="3675","德微","01/09","135","+1","+0.75","年","0.144","0","0","0","0","0","0","1.3","0","0",""
="3679","新至陞","01/09","114.5","-1.5","-1.29","年","0","0","0","0","0","0","0","0","0","0",""
="3684","榮昌","01/09","58.4","-2.5","-4.11","年","0.244","0","0","0","0","0","0","2.2","0","0",""
="3685","元創精密","01/09","39","-0.25","-0.64","年","0","0","0","0","0","0","0","0","0","0",""
="3686","達能","01/09","18","-0.2","-1.1","年","0","0","0","0","0","0","0","0","0","0",""
="3687","歐買尬","01/09","82.5","+1.1","+1.35","年","0","0","0","0","0","0","0","0","0","0",""
="3689","湧德","01/09","122","-1","-0.81","年","0","0","0","0","0","0","0","0","0","0",""
="3691","碩禾","01/09","79.2","+1.5","+1.93","年","0","0","0","0","0","0","0","0","0","0",""
="3693","營邦","01/09","344","-11.5","-3.23","年","0","0","0","0","0","0","0","0","0","0",""
="3694","海華","01/09","58.5","+0.4","+0.69","年","0","0","0","0","0","0","0","0","0","0",""
="3701","大眾控","01/09","51","+0.4","+0.79","年","0","0","0","0","0","0","0","0","0","0",""
="3702","大聯大","01/09","64.2","+0.7","+1.1","年","0","0","0","0","0","0","0","0","0","0",""
="3703","欣陸","01/09","23.05","+0.7","+3.13","年","0","0","0","0","0","0","0","0","0","0",""
="3704","合勤控","01/09","32.5","-0.45","-1.37","年","0","0","0","0","0","0","0","0","0","0",""
="3705","永信","01/09","57.4","+0.1","+0.17","年","0","0","0","0","0","0","0","0","0","0",""
="3706","神達","01/09","88.8","-3.2","-3.48","年","0.577","0","1.497","1.5","1.2","0","0","0","0","1",""
="3707","漢磊","01/09","53.6","-3","-5.3","年","0","0","0","0","0","0","0","0","0","0",""
="3709","鑫聯大投控","01/09","63.9","0","0","年","0","","0","0","0","0","0","0","0","0",""
="3710","連展投控","01/09","5.65","-0.02","-0.35","年","0","","0","0","0","0","0","0","0","0",""
="3711","日月光投控","01/09","272","-1.5","-0.55","年","0","","0","0","0","0","0","0","0","0",""
="3712","永崴投控","01/09","24.9","+0.6","+2.47","年","0","","","0","0","0","0","0","0","0",""
="3713","新晶投控","01/09","21.4","+0.3","+1.42","年","0","","","","","0","0","0","0","0",""
="3714","富采","01/09","34.95","-0.4","-1.13","年","0","","","","","0","0","0","0","0",""
="3715","定穎投控","01/09","139.5","+12.5","+9.84","年","0","","","","","","","0","0","0",""
="3716","中化控股","01/09","33.6","+0.15","+0.45","年","0","","","","","","","","","0",""
="4102","永日","01/09","19.95","0","0","年","0","0","0","0","0","0","0","0","0","0",""
="4104","佳醫","01/09","79.2","+0.1","+0.13","年","0.222","0","0","0","0","0","0.5","0.5","0.5","0.5",""
="4105","東洋","01/09","82.5","+0.5","+0.61","年","0","0","0","0","0","0","0","0","0","0",""
="4106","雃博","01/09","22.2","+0.05","+0.23","年","0","0","0","0","0","0","0","0","0","0",""
="4107","邦特","01/09","123","+1.5","+1.23","年","0","0","0","0","0","0","0","0","0","0",""
="4108","懷特","01/09","14","+0.25","+1.82","年","0","0","0","0","0","0","0","0","0","0",""
="4109","加捷生醫","01/09","14.6","0","0","年","0.044","0.4","0","0","0","0","0","0","0","0",""
="4111","濟生","01/09","29.25","+0.05","+0.17","年","0.056","0","0","0","0","0","0","0","0","0.5",""
="4113","聯上","01/09","23","-0.3","-1.29","年","0.029","0","0.261","0","0","0","0","0","0","0",""
="4114","健喬","01/09","33.1","+0.1","+0.3","年","1.053","1.2","1","1.393","0.736","1.209","1.014","0.929","1","0.998",""
="4116","明基醫","01/09","44.8","+0.1","+0.22","年","0","0","0","0","0","0","0","0","0","0",""
="4119","旭富","01/09","51.2","+2.05","+4.17","年","0.361","0","0","0","0","2","0","1.25","0","0",""
="4120","友華","01/09","44.3","-0.1","-0.23","年","0","0","0","0","0","0","0","0","0","0",""
="4121","優盛","01/09","15.05","-0.15","-0.99","年","0","0","0","0","0","0","0","0","0","0",""
="4123","晟德","01/09","40.9","+0.65","+1.61","年","0.824","1","0.483","1.499","0.476","0.997","1.46","0.992","0","0.507",""
="4126","太醫","01/09","83.3","+0.3","+0.36","年","0.111","0","0","0","0.997","0","0","0","0","0",""
="4127","天良","01/09","30","-0.9","-2.91","年","0","0","0","0","0","0","0","0","0","0",""
="4128","中天","01/09","20.3","+0.95","+4.91","年","0.378","0","0","0","0","0.982","0.96","0.96","0.5","0",""
="4129","聯合","01/09","113","-1","-0.88","年","0","0","0","0","0","0","0","0","0","0",""
="4130","健亞","01/09","33.25","+0.35","+1.06","年","0.156","0","0","0.5","0.2","0.2","0","0","0.3","0.2",""
="4131","浩泰","01/09","41.2","+0.8","+1.98","年","0","0","0","0","0","0","0","0","0","0",""
="4133","亞諾法","01/09","23.25","+0.6","+2.65","年","0.033","0.3","0","0","0","0","0","0","0","0",""
="4138","曜亞","01/09","59.9","+0.6","+1.01","年","0.333","0","0","0","0","0","0","1","1","1",""
="4139","馬光-KY","01/09","25","-0.15","-0.6","年","0.127","0","1","0","0.14","0","0","0","0","0",""
="4142","國光生","01/09","19.95","+0.35","+1.79","年","0","0","0","0","0","0","0","0","0","0",""
="4147","中裕","01/09","61.4","-1.2","-1.92","年","0","0","0","0","0","0","0","0","0","0",""
="4153","鈺緯","01/09","35.25","+0.35","+1","年","0","0","0","0","0","0","0","0","0","0",""
="4154","樂威科-KY","01/09","13.8","-0.2","-1.43","年","0","0","0","0","0","0","0","0","0","0",""
="4155","訊映","01/09","14.65","+0.2","+1.38","年","0.147","0","0.3","0","0","0","0","1.021","0","0",""
="4157","太景*-KY","01/09","15.35","-0.25","-1.6","年","0","0","0","0","0","0","0","0","0","0",""
="4160","訊聯基因","01/09","50.2","0","0","年","0.109","0","0","0","0","0","0","0.478","0.506","0",""
="4161","聿新科","01/09","25","+0.15","+0.6","年","0.257","0","0.513","0","0","0","0","0.5","0","1.3",""
="4162","智擎","01/09","73.6","+0.5","+0.68","年","0.222","2","0","0","0","0","0","0","0","0",""
="4163","鐿鈦","01/09","92.7","+0.7","+0.76","年","0.222","0","0","0","2","0","0","0","0","0",""
="4164","承業醫","01/09","36.3","-0.75","-2.02","年","0","0","0","0","0","0","0","0","0","0",""
="4166","友霖","01/09","27.5","-0.6","-2.14","年","0","0","0","0","0","0","0","0","","0",""
="4167","松瑞藥","01/09","19.5","+1.15","+6.27","年","0.059","0","0","0","0","0.532","0","0","0","0",""
="4168","醣聯","01/09","26.65","+0.8","+3.09","年","0","0","0","0","0","0","0","0","0","0",""
="4171","瑞基","01/09","20.05","+1.8","+9.86","年","0.422","0","0","0","0","0.295","1","2.5","0","0",""
="4173","久裕","01/09","21.7","-0.05","-0.23","年","0","0","0","0","0","0","0","0","0","0",""
="4174","浩鼎","01/09","26.6","-0.6","-2.21","年","0","0","0","0","0","0","0","0","0","0",""
="4175","杏一","01/09","57.8","-0.3","-0.52","年","0.263","0","0","0.63","0","0.773","0","0.963","0","0",""
="4183","福永生技","01/09","16.8","0","0","年","0","0","0","0","0","0","0","0","0","0",""
="4188","安克","01/09","14.3","-0.4","-2.72","年","0","0","0","0","0","0","0","0","0","0",""
="4190","佐登-KY","01/09","29.8","-0.05","-0.17","年","0","0","0","0","0","0","0","0","0","0",""
="4192","杏國","01/09","24.5","0","0","年","0","0","0","0","0","0","0","0","0","0",""
="4198","欣大健康","01/09","31","-0.6","-1.9","年","0","0","0","0","0","0","0","0","0","0",""
="4205","中華食","01/09","80.5","0","0","年","0.344","1.1","0","0","0","1","0","0","0","1",""
="4207","環泰","01/09","18.45","+0.1","+0.54","年","0.306","0","0.25","0.4","0","0","0.85","0.65","0.6","0",""
="4303","信立","01/09","61.4","-1.1","-1.76","年","3","0","25","0","0","0","0","0","0","2",""
="4304","勝昱","01/09","32.5","0","0","年","0","0","0","0","0","0","0","0","0","0",""
="4305","世坤","01/09","41.9","0","0","年","0","0","0","0","0","0","0","0","0","0",""
="4306","炎洲","01/09","14.25","-0.05","-0.35","年","0.088","0","0","0","0","0.594","0","0","0","0.2",""
="4401","東隆興","01/09","16.3","-0.05","-0.31","年","0.022","0","0","0","0","0","0.2","0","0","0",""
="4402","郡都開發","01/09","20.15","0","0","年","0","0","0","0","0","0","0","0","0","0",""
="4406","新昕纖","01/09","10","0","0","年","0","0","0","0","0","0","0","0","0","0",""
="4413","飛寶企業","01/09","17.8","+0.2","+1.14","年","0","0","0","0","0","0","0","0","0","0",""
="4416","三圓","01/09","31.1","+0.9","+2.98","年","0.199","0","0","0","0","0","0","0","1.789","0",""
="4417","金洲","01/09","51.4","-1.3","-2.47","年","0.022","0.2","0","0","0","0","0","0","0","0",""
="4419","皇家美食","01/09","47.75","+1.6","+3.47","年","0","0","0","0","0","0","0","0","0","0",""
="4426","利勤","01/09","9.16","+0.02","+0.22","年","0.507","2.4","0.6","0.84","0.72","0","0","0","0","0",""
="4430","耀億","01/09","17.45","+0.1","+0.58","年","0","0","0","0","0","0","0","0","0","0",""
="4432","銘旺實","01/09","16.6","+0.25","+1.53","年","0","0","0","0","0","0","0","0","0","0",""
="4433","興采","01/09","20","-0.05","-0.25","年","0.196","0","0","1.762","0","0","0","0","0","0",""
="4438","廣越","01/09","73.4","+0.4","+0.55","年","0","0","0","0","0","0","0","0","0","0",""
="4439","冠星-KY","01/09","103","+2","+1.98","年","0.286","","","0","0","0","2","0","0","0",""
="4440","宜新實業","01/09","17.2","-0.05","-0.29","年","0.843","","","0","2","3.9","0","0","0","0",""
="4441","振大環球","01/09","245","+1.5","+0.62","年","0","","","","","","0","0","0","0",""
="4442","竣邦-KY","01/09","59.5","+1.4","+2.41","年","0","","","","","","","","0","0",""
="4502","健信","01/09","15.8","-0.05","-0.32","年","0.206","0.45","0.5","0.702","0.2","0","0","0","0","0",""
="4503","金雨","01/09","41.5","+2.15","+5.46","年","0","0","0","0","0","0","0","0","0","0",""
="4506","崇友","01/09","117.5","0","0","年","0","0","0","0","0","0","0","0","0","0",""
="4510","高鋒","01/09","40.15","+0.3","+0.75","年","0","0","0","0","0","0","0","0","0","0",""
="4513","福裕","01/09","17.15","+0.25","+1.48","年","0.078","0","0","0","0","0","0","0","0.7","0",""
="4523","永彰","01/09","28","0","0","年","0","0","0","0","0","0","0","0","0","0",""
="4526","東台","01/09","31.2","+0.45","+1.46","年","0","0","0","0","0","0","0","0","0","0",""
="4527","方土霖","01/09","39.6","-0.25","-0.63","年","0","0","0","0","0","0","0","0","0","0",""
="4528","江興鍛","01/09","16.5","+0.05","+0.3","年","0.111","0","0","0","0","0","1","0","0","0",""
="4529","淳紳","01/09","3.6","+0.02","+0.56","年","0","0","0","0","0","0","0","0","0","0",""
="4530","宏易","01/09","28.5","+1.55","+5.75","年","0","0","0","0","0","0","0","0","0","0",""
="4532","瑞智","01/09","24.75","+0.25","+1.02","年","0","0","0","0","0","0","0","0","0","0",""
="4533","協易機","01/09","22.2","-0.15","-0.67","年","0","0","0","0","0","0","0","0","0","0",""
="4534","慶騰","01/09","14.65","-0.05","-0.34","年","0.101","0.714","0.199","0","0","0","0","0","0","0",""
="4535","至興","01/09","28.55","+0.05","+0.18","年","0","0","0","0","0","0","0","0","0","0",""
="4538","大詠城","01/09","17.1","+0.05","+0.29","年","0.107","0","0","0","0.6","0","0","0.364","0","0",""
="4540","全球傳動","01/09","35.85","-1.05","-2.85","年","0","0","0","0","0","0","0","0","0","0",""
="4541","晟田","01/09","45.65","+4.15","+10","年","0","0","0","0","0","0","0","0","0","0",""
="4542","科嶠","01/09","105","+9.1","+9.49","年","0","0","0","0","0","0","0","0","0","0",""
="4543","萬在","01/09","29","+1.5","+5.45","年","0.056","0","0","0","0","0","0","0","0.5","0",""
="4545","銘鈺","01/09","37.95","-1.35","-3.44","年","0","0","0","0","0","0","0","0","0","0",""
="4549","桓達","01/09","103","-0.5","-0.48","年","0.455","0.5","0","0.5","0","0.498","1.1","1.1","0.2","0.2",""
="4550","長佳","01/09","25","+0.05","+0.2","年","0.022","0","0","0","0.2","0","0","0","0","0",""
="4551","智伸科","01/09","117.5","+3.5","+3.07","年","0","0","0","0","0","0","0","0","0","0",""
="4552","力達-KY","01/09","23.7","0","0","年","0.178","0","0","1.6","0","0","0","0","0","0",""
="4554","橙的","01/09","27.1","+0.35","+1.31","年","0.244","0","0","0","0","0","0.9","0","0","1.3",""
="4555","氣立","01/09","39.1","-0.75","-1.88","年","0","0","0","0","0","0","0","0","0","0",""
="4556","旭然","01/09","23.2","-0.2","-0.85","年","0.011","0","0","0","0","0","0","0","0.1","0",""
="4557","永新-KY","01/09","78.8","+1.3","+1.68","年","0","0","0","0","0","0","0","0","0","0",""
="4558","寶緯","01/09","19.2","+0.15","+0.79","年","0","0","0","0","0","0","0","0","0","0",""
="4560","強信-KY","01/09","32.45","0","0","年","0","0","0","0","0","0","0","0","0","0",""
="4561","健椿","01/09","31.4","+0.05","+0.16","年","0.132","0.5","0.69","0","0","0","0","0","0","0",""
="4562","穎漢","01/09","36.6","-0.9","-2.4","年","0","0","0","0","0","0","0","0","0","0",""
="4563","百德","01/09","50.3","+2.45","+5.12","年","0","0","0","0","0","0","0","0","0","0",""
="4564","元翎","01/09","17.2","0","0","年","0","0","0","0","0","0","0","0","0","0",""
="4566","時碩工業","01/09","56","+0.1","+0.18","年","0","0","0","0","0","0","0","0","0","0",""
="4568","科際精密","01/09","42.55","+0.35","+0.83","年","0.056","0","0","0","0","0","0.503","0","0","0",""
="4569","六方科-KY","01/09","147","+0.5","+0.34","年","0","","","","","","","0","0","0",""
="4571","鈞興-KY","01/09","164.5","-1","-0.6","年","0","","","0","0","0","0","0","0","0",""
="4572","駐龍","01/09","151","+1","+0.67","年","0.206","","0","0.5","0","0","0","0.894","0","0.256",""
="4576","大銀微系統","01/09","109","+6","+5.83","年","0.023","","","0","0.06","0.1","0","0","0","0",""
="4577","達航科技","01/09","51.7","+1","+1.97","年","0","","","0","0","0","0","0","0","0",""
="4580","捷流閥業","01/09","81.1","0","0","年","0","","","0","0","0","0","0","0","0",""
="4581","光隆精密-KY","01/09","51.2","0","0","年","0","","","","0","0","0","0","0","0",""
="4583","台灣精銳","01/09","692","-10","-1.42","年","0","","","","","0","0","0","0","0",""
="4584","君帆","01/09","46","0","0","年","0.2","","","","","","0","0","0.8","0",""
="4585","達明","01/09","336","+1.5","+0.45","年","0","","","","","","0","0","0","0",""
="4588","玖鼎電力","01/09","60.2","-0.1","-0.17","年","0","","","","","","","0","0","0",""
="4609","唐鋒","01/09","6.06","-0.03","-0.49","年","0","0","0","0","0","0","0","0","0","0",""
="4702","中美實","01/09","9.45","-0.1","-1.05","年","0","0","0","0","0","0","0","0","0","0",""
="4706","大恭","01/09","29.8","+0.6","+2.05","年","0","0","0","0","0","0","0","0","0","0",""
="4707","磐亞","01/09","10.15","-0.1","-0.98","年","0.672","0.9","0.9","0.7","0.55","0.85","0.75","0.75","0.65","0",""
="4711","永純","01/09","15.2","0","0","年","0","0","0","0","0","0","0","0","0","0",""
="4716","大立","01/09","15.65","-0.1","-0.63","年","0.25","0.15","0.1","0","0","0","1.454","0","0","0.55",""
="4720","德淵","01/09","17.6","-1","-5.38","年","0.054","0","0","0","0","0.485","0","0","0","0",""
="4721","美琪瑪","01/09","67.9","-0.3","-0.44","年","0","0","0","0","0","0","0","0","0","0",""
="4722","國精化","01/09","168","+1","+0.6","年","0.056","0","0.5","0","0","0","0","0","0","0",""
="4726","永昕","01/09","35","+0.6","+1.74","年","0","0","0","0","0","0","0","0","0","0",""
="4728","雙美","01/09","390","-5","-1.27","年","0","0","0","0","0","0","0","0","0","0",""
="4729","熒茂","01/09","24.15","-0.45","-1.83","年","0","0","0","0","0","0","0","0","0","0",""
="4736","泰博","01/09","123.5","+0.5","+0.41","年","0.056","0.5","0","0","0","0","0","0","0","0",""
="4737","華廣","01/09","55.2","-0.1","-0.18","年","0.111","0","0","0","0","0","0","0","0","0.999",""
="4739","康普","01/09","68.1","+0.6","+0.89","年","0","0","0","0","0","0","0","0","0","0",""
="4741","泓瀚","01/09","22.65","-0.1","-0.44","年","0.067","0","0","0","0","0","0","0","0","0.6",""
="4743","合一","01/09","69.3","+6.3","+10","年","0.209","0","0","0","0","0","0","1.378","0.5","0",""
="4744","皇將","01/09","29.3","-0.5","-1.68","年","0","0","0","0","0","0","0","0","0","0",""
="4745","合富-KY","01/09","22.8","-0.25","-1.08","年","0.389","0","1","2","0.5","0","0","0","0","0",""
="4746","台耀","01/09","59.6","-0.2","-0.33","年","0","0","0","0","0","0","0","0","0","0",""
="4747","強生","01/09","59.6","+0.7","+1.19","年","0","0","0","0","0","0","0","0","0","0",""
="4749","新應材","01/09","919","+9","+0.99","年","0","","","","","","0","0","0","0",""
="4754","國碳科","01/09","38.5","+0.15","+0.39","年","0.789","0","0","2","1.5","1.6","1","1","0","0",""
="4760","勤凱","01/09","173.5","+1.5","+0.87","年","0.144","0.3","0.1","0","0.4","0","0","0","0","0.5",""
="4767","誠泰科技","01/09","26.2","0","0","年","0","0","0","0","0","0","0","0","0","0",""
="4768","晶呈科技","01/09","423.5","+14.5","+3.55","年","0.324","","0.45","0","0.14","0.2","0.3","0.5","0.5","0.5",""
="4770","上品","01/09","244.5","+7.5","+3.16","年","0","","","","0","0","0","0","0","0",""
="4771","望隼","01/09","178","+1","+0.56","年","0","","","","","","0","0","0","0",""
="4772","台特化","01/09","375.5","+5.5","+1.49","年","0","","","","","","0","0","0","0",""
="4806","桂田文創","01/09","9.91","0","0","年","0.2","1.8","0","0","0","0","0","0","0","0",""
="4807","日成-KY","01/09","18.45","+0.35","+1.93","年","0","0","0","0","0","0","0","0","0","0",""
="4903","聯光通","01/09","36.6","+0.1","+0.27","年","0","0","0","0","0","0","0","0","0","0",""
="4904","遠傳","01/09","89.6","+0.5","+0.56","年","0","0","0","0","0","0","0","0","0","0",""
="4905","台聯電","01/09","60.5","0","0","年","0","0","0","0","0","0","0","0","0","0",""
="4906","正文","01/09","26.3","0","0","年","0","0","0","0","0","0","0","0","0","0",""
="4907","富宇","01/09","46.5","-0.2","-0.43","年","0","0","0","0","0","0","0","0","0","0",""
="4908","前鼎","01/09","74.5","0","0","年","0","0","0","0","0","0","0","0","0","0",""
="4909","新復興","01/09","56.6","-0.4","-0.7","年","0","0","0","0","0","0","0","0","0","0",""
="4911","德英","01/09","42.55","+1.3","+3.15","年","0.156","0","0","0","0","0","0","0","0.6","0.8",""
="4915","致伸","01/09","79.4","+2.3","+2.98","年","0","0","0","0","0","0","0","0","0","0",""
="4916","事欣科","01/09","58.2","-0.4","-0.68","年","0.111","1","0","0","0","0","0","0","0","0",""
="4919","新唐","01/09","53","-2.5","-4.5","年","0","0","0","0","0","0","0","0","0","0",""
="4927","泰鼎-KY","01/09","38.5","+0.4","+1.05","年","0.036","0.32","0","0","0","0","0","0","0","0",""
="4930","燦星網","01/09","22","-0.2","-0.9","年","0","0","0","0","0","0","0","0","0","0",""
="4931","新盛力","01/09","171","+4","+2.4","年","0","0","0","0","0","0","0","0","0","0",""
="4933","友輝","01/09","58.4","-1","-1.68","年","0","0","0","0","0","0","0","0","0","0",""
="4934","太極","01/09","14.05","-0.15","-1.06","年","0","0","0","0","0","0","0","0","0","0",""
="4935","茂林-KY","01/09","40.3","-0.2","-0.49","年","0","0","0","0","0","0","0","0","0","0",""
="4938","和碩","01/09","69.4","-1.1","-1.56","年","0","0","0","0","0","0","0","0","0","0",""
="4939","亞電","01/09","36","-0.75","-2.04","年","0","0","0","0","0","0","0","0","0","0",""
="4942","嘉彰","01/09","39.7","0","0","年","0","0","0","0","0","0","0","0","0","0",""
="4943","康控-KY","01/09","12.35","-0.1","-0.8","年","0.385","0.5","1","0.468","1.5","0","0","0","0","0",""
="4946","辣椒","01/09","100.5","-1.5","-1.47","年","0","0","0","0","0","0","0","0","0","0",""
="4949","有成精密","01/09","36.85","-0.2","-0.54","年","0.178","0","0","0","0","0","0.6","1","0","0",""
="4950","金耘國際","01/09","18","+0.15","+0.84","年","0","0","0","0","0","0","0","0","0","0",""
="4951","精拓科","01/09","64.1","+0.2","+0.31","年","0","0","0","0","0","0","0","0","0","0",""
="4952","凌通","01/09","36.15","-0.7","-1.9","年","0","0","0","0","0","0","0","0","0","0",""
="4953","緯軟","01/09","136","+2","+1.49","年","0.222","0","1","0.997","0","0","0","0","0","0",""
="4956","光鋐","01/09","20.15","-0.25","-1.23","年","0","0","0","0","0","0","0","0","0","0",""
="4958","臻鼎-KY","01/09","144.5","+1.5","+1.05","年","0","0","0","0","0","0","0","0","0","0",""
="4961","天鈺","01/09","147","-1","-0.68","年","0","0","0","0","0","0","0","0","0","0",""
="4967","十銓","01/09","201.5","-8.5","-4.05","年","0.111","0","1","0","0","0","0","0","0","0",""
="4968","立積","01/09","124","0","0","年","0.556","0","1","0","0","4","0","0","0","0",""
="4971","IET-KY","01/09","292.5","+5.5","+1.92","年","0","0","0","0","0","0","0","0","0","0",""
="4972","湯石照明","01/09","18.1","+0.05","+0.28","年","0.011","0.1","0","0","0","0","0","0","0","0",""
="4973","廣穎","01/09","49.05","+0.55","+1.13","年","0","0","0","0","0","0","0","0","0","0",""
="4974","亞泰","01/09","69.2","-0.1","-0.14","年","0","0","0","0","0","0","0","0","0","0",""
="4976","佳凌","01/09","29.9","-0.25","-0.83","年","0","0","0","0","0","0","0","0","0","0",""
="4977","眾達-KY","01/09","127.5","-1.5","-1.16","年","0.056","0.2","0","0.305","0","0","0","0","0","0",""
="4979","華星光","01/09","298","-11","-3.56","年","0","0","0","0","0","0","0","0","0","0",""
="4987","科誠","01/09","73.8","+0.1","+0.14","年","0.278","0","0","0","0","1.5","1","0","0","0",""
="4991","環宇-KY","01/09","216.5","+7","+3.34","年","0","0","0","0","0","0","0","0","0","0",""
="4994","傳奇","01/09","101.5","0","0","年","0","0","0","0","0","0","0","0","0","0",""
="4995","晶達","01/09","42.6","+2.25","+5.58","年","0","0","0","0","0","0","0","0","0","0",""
="4999","鑫禾","01/09","24","+0.5","+2.13","年","0","0","0","0","0","0","0","0","0","0",""
="5007","三星","01/09","55.8","+0.9","+1.64","年","0","0","0","0","0","0","0","0","0","0",""
="5011","久陽","01/09","10.4","-0.1","-0.95","年","0","0","0","0","0","0","0","0","0","0",""
="5013","強新","01/09","29.35","0","0","年","0.222","2","0","0","0","0","0","0","0","0",""
="5014","建錩","01/09","11.35","+0.1","+0.89","年","0","0","0","0","0","0","0","0","0","0",""
="5015","華祺","01/09","27.3","-0.5","-1.8","年","0","0","0","0","0","0","0","0","0","0",""
="5016","松和","01/09","25.6","+0.3","+1.19","年","0","0","0","0","0","0","0","0","0","0",""
="5201","凱衛","01/09","44.5","+0.75","+1.71","年","0","0","0","0","0","0","0","0","0","0",""
="5202","力新","01/09","15.8","-0.2","-1.25","年","0","0","0","0","0","0","0","0","0","0",""
="5203","訊連","01/09","88.2","+0.2","+0.23","年","0","0","0","0","0","0","0","0","0","0",""
="5205","中茂","01/09","32.45","+0.5","+1.56","年","0","0","","","0","0","0","0","0","0",""
="5206","坤悅","01/09","32.6","0","0","年","0.167","0","0","0","0.5","0","0","0","0","1",""
="5209","新鼎","01/09","177.5","+6","+3.5","年","0","0","0","0","0","0","0","0","0","0",""
="5210","寶碩","01/09","22.5","-0.3","-1.32","年","0","0","0","0","0","0","0","0","0","0",""
="5211","蒙恬","01/09","26.45","-0.25","-0.94","年","0","0","0","0","0","0","0","0","0","0",""
="5212","凌網","01/09","52.9","-0.3","-0.56","年","0","0","0","0","0","0","0","0","0","0",""
="5213","亞昕","01/09","26.35","+0.7","+2.73","年","0.251","0","0","0","0","0","0.887","0.625","0.505","0.238",""
="5215","科嘉-KY","01/09","34.9","-0.1","-0.29","年","0","0","0","0","0","0","0","0","0","0",""
="5220","萬達光電","01/09","17.2","-0.25","-1.43","年","0","0","0","0","0","0","0","0","0","0",""
="5222","全訊","01/09","129","-2","-1.53","年","0.911","0","0","0.5","0","4.7","0","1","1","1",""
="5223","安力-KY","01/09","29.25","-0.9","-2.99","年","0","0","0","0","0","0","0","0","0","0",""
="5225","東科-KY","01/09","100.5","+0.6","+0.6","年","0","0","0","0","0","0","0","0","0","0",""
="5227","立凱-KY","01/09","27.5","+0.95","+3.58","年","0","0","0","0","0","0","0","0","0","0",""
="5228","鈺鎧","01/09","22.25","+2","+9.88","年","0","0","0","0","0","0","0","0","0","0",""
="5230","雷笛克光學","01/09","17.8","0","0","年","0.056","0.5","0","0","0","0","0","0","0","0",""
="5234","達興材料","01/09","365","-4.5","-1.22","年","0.111","0","1","0","0","0","0","0","0","0",""
="5236","凌陽創新","01/09","116.5","0","0","年","0.03","0","0","0","0","0","0","0","0","0.267",""
="5243","乙盛-KY","01/09","78.9","+1.5","+1.94","年","0","0","0","0","0","0","0","0","0","0",""
="5244","弘凱","01/09","38.35","+0.2","+0.52","年","0","0","0","0","0","0","0","0","0","0",""
="5245","智晶","01/09","27.45","-0.35","-1.26","年","0","0","0","0","0","0","0","0","0","0",""
="5251","天鉞電","01/09","34.6","+0.4","+1.17","年","0","0","0","0","0","0","0","0","0","0",""
="5258","虹堡","01/09","62.9","+0.6","+0.96","年","0.111","0","0","0","0","0","0","0.5","0.5","0",""
="5263","智崴","01/09","118.5","+8","+7.24","年","0.278","0","2","0.5","0","0","0","0","0","0",""
="5269","祥碩","01/09","1400","+125","+9.8","年","0.058","0.52","0","0","0","0","0","0","0","0",""
="5272","笙科","01/09","19.7","+0.05","+0.25","年","0","0","0","0","0","0","0","0","0","0",""
="5274","信驊","01/09","7665","+15","+0.2","年","0.111","0","0","0","0","0","1","0","0","0",""
="5276","達輝-KY","01/09","16.2","0","0","年","0","0","0","0","0","0","0","0","0","0",""
="5285","界霖","01/09","49.7","0","0","年","0","0","0","0","0","0","0","0","0","0",""
="5289","宜鼎","01/09","618","-27","-4.19","年","0.231","0.485","0.295","0.2","0.2","0","0.295","0.2","0.2","0.2",""
="5291","邑昇","01/09","37","+3.35","+9.96","年","0","0","0","0","0","0","0","0","0","0",""
="5292","華懋","01/09","174","+2.5","+1.46","年","0.5","","","","0","0","1","0","1","1",""
="5299","杰力","01/09","70.7","+0.4","+0.57","年","0","0","0","0","0","0","0","0","0","0",""
="5301","寶得利","01/09","11.05","+0.65","+6.25","年","0","0","0","0","0","0","0","0","0","0",""
="5302","太欣","01/09","11.3","+1","+9.71","年","0","0","0","0","0","0","0","0","0","0",""
="5309","系統電","01/09","65.6","+0.6","+0.92","年","0","0","0","0","0","0","0","0","0","0",""
="5310","天剛","01/09","26.6","-2.4","-8.28","年","0","0","0","0","0","0","0","0","0","0",""
="5312","寶島科","01/09","100","+0.4","+0.4","年","0","0","0","0","0","0","0","0","0","0",""
="5314","世紀*","01/09","98.7","-3.8","-3.71","年","0","0","0","0","0","0","0","0","0","0",""
="5315","光聯","01/09","23.55","-0.05","-0.21","年","0","0","0","0","0","0","0","0","0","0",""
="5321","美而快","01/09","36.5","+0.35","+0.97","年","0.506","0","0","0","0","0","1.5","2.3","0.75","0",""
="5324","士開","01/09","10.55","+0.1","+0.96","年","0","0","0","0","0","0","0","0","0","0",""
="5328","華容","01/09","21.05","+0.7","+3.44","年","0","0","0","0","0","0","0","0","0","0",""
="5340","建榮","01/09","70.7","+1.9","+2.76","年","0","0","0","0","0","0","0","0","0","0",""
="5344","立衛","01/09","14.5","-0.2","-1.36","年","0","0","0","0","0","0","0","0","0","0",""
="5345","馥鴻","01/09","25.45","+0.8","+3.25","年","0","0","0","0","0","0","0","0","0","0",""
="5347","世界","01/09","108.5","-0.5","-0.46","年","0","0","0","0","0","0","0","0","0","0",""
="5348","正能量智能","01/09","17.1","-0.05","-0.29","年","0","0","","","0","0","0","0","0","0",""
="5351","鈺創","01/09","60.1","-1.7","-2.75","年","0.071","0","0","0","0","0","0.499","0.14","0","0",""
="5353","台林","01/09","26.7","+1","+3.89","年","0","0","0","0","0","0","0","0","0","0",""
="5355","佳總","01/09","6.67","+0.01","+0.15","年","0","0","0","0","0","0","0","0","0","0",""
="5356","協益","01/09","24.75","-0.15","-0.6","年","0","0","0","0","0","0","0","0","0","0",""
="5364","力麗店","01/09","14.1","-0.15","-1.05","年","0","0","0","0","0","0","0","0","0","0",""
="5371","中光電","01/09","87.4","-0.5","-0.57","年","0","0","0","0","0","0","0","0","0","0",""
="5381","合正","01/09","24.95","+0.75","+3.1","年","0","0","0","0","0","0","0","0","0","0",""
="5386","青雲","01/09","82.4","+0.4","+0.49","年","0.864","0","1.5","1.5","0.5","0.5","0.8","0.7","0.9","1.378",""
="5388","中磊","01/09","78.5","-0.3","-0.38","年","0","0","0","0","0","0","0","0","0","0",""
="5392","能率","01/09","46.55","-0.45","-0.96","年","0.31","0.562","1.1","0.473","0.201","0","0","0","0","0.45",""
="5398","慕康生醫","01/09","23.05","+0.15","+0.66","年","0","0","0","0","0","0","0","0","0","0",""
="5403","中菲","01/09","115.5","+0.5","+0.43","年","0.167","0","0","0","0","1","0.501","0","0","0",""
="5410","國眾","01/09","30.6","+0.05","+0.16","年","0","0","0","0","0","0","0","0","0","0",""
="5425","台半","01/09","54.5","+0.5","+0.93","年","0","0","0","0","0","0","0","0","0","0",""
="5426","振發","01/09","19.3","0","0","年","0","0","0","0","0","0","0","0","0","0",""
="5434","崇越","01/09","302.5","+1","+0.33","年","0","0","0","0","0","0","0","0","0","0",""
="5439","高技","01/09","312","+0.5","+0.16","年","0","0","0","0","0","0","0","0","0","0",""
="5443","均豪","01/09","96.5","+0.6","+0.63","年","0","0","0","0","0","0","0","0","0","0",""
="5450","南良","01/09","14.25","+0.4","+2.89","年","0","0","0","0","0","0","0","0","0","0",""
="5452","佶優","01/09","28.55","+0.05","+0.18","年","0","0","0","0","0","0","0","0","0","0",""
="5455","昇益","01/09","29.65","+0.65","+2.24","年","0","0","0","0","0","0","0","0","0","0",""
="5457","宣德","01/09","39.95","-0.05","-0.12","年","0","0","0","0","0","0","0","0","0","0",""
="5460","同協","01/09","14.9","-0.05","-0.33","年","0","0","0","0","0","0","0","0","0","0",""
="5464","霖宏","01/09","26.2","+0.25","+0.96","年","0","0","0","0","0","0","0","0","0","0",""
="5465","富驊","01/09","30.3","-1.45","-4.57","年","0","0","0","0","0","0","0","0","0","0",""
="5468","凱鈺","01/09","19.35","+0.35","+1.84","年","0","0","0","0","0","0","0","0","0","0",""
="5469","瀚宇博","01/09","95.4","+4.3","+4.72","年","0.022","0","0","0.2","0","0","0","0","0","0",""
="5471","松翰","01/09","33","-0.7","-2.08","年","0","0","0","0","0","0","0","0","0","0",""
="5474","聰泰","01/09","160.5","-1","-0.62","年","0.222","0","0","0","0","2","0","0","0","0",""
="5475","德宏","01/09","87.2","-1.8","-2.02","年","0","0","0","0","0","0","0","0","0","0",""
="5481","新華","01/09","22.9","-1.4","-5.76","年","0","0","0","0","0","0","0","0","0","0",""
="5484","慧友","01/09","40.2","+1.45","+3.74","年","0","0","0","0","0","0","0","0","0","0",""
="5487","通泰","01/09","29.3","+0.3","+1.03","年","0","0","0","0","0","0","0","0","0","0",""
="5488","松普","01/09","9.8","-0.01","-0.1","年","0","0","0","0","0","0","0","0","0","0",""
="5489","彩富","01/09","40.25","+0.25","+0.62","年","0","0","0","0","0","0","0","0","0","0",""
="5490","同亨","01/09","26.5","-0.3","-1.12","年","0","0","0","0","0","0","0","0","0","0",""
="5498","凱崴","01/09","51.2","+1","+1.99","年","0.105","0","0.162","0","0.27","0.4","0","0.115","0","0",""
="5508","永信建","01/09","61.5","-0.7","-1.13","年","0","0","0","0","0","0","0","0","0","0",""
="5511","德昌","01/09","65.4","+0.1","+0.15","年","0","0","0","0","0","0","0","0","0","0",""
="5512","力麒","01/09","7.9","-0.02","-0.25","年","0.033","0","0","0","0","0","0","0","0.3","0",""
="5514","三豐","01/09","16.3","-0.1","-0.61","年","0.333","0","0","0","1","0.7","0.4","0","0.5","0.4",""
="5515","建國","01/09","39.8","+1.2","+3.11","年","0","0","0","0","0","0","0","0","0","0",""
="5516","雙喜","01/09","13.9","+0.25","+1.83","年","0.344","0","0","0","0","0.8","1","1","0.3","0",""
="5519","隆大","01/09","33.35","+0.4","+1.21","年","0","0","0","0","0","0","0","0","0","0",""
="5520","力泰","01/09","89.2","+0.1","+0.11","年","0","0","0","0","0","0","0","0","0","0",""
="5521","工信","01/09","24.25","+2.2","+9.98","年","0.111","0","0","0","0","1","0","0","0","0",""
="5523","豐謙","01/09","30.3","+0.05","+0.17","年","0","0","0","0","0","0","0","0","0","0",""
="5525","順天","01/09","27.95","-0.05","-0.18","年","0.411","0","0","1","0.8","0","0","0.6","0.6","0.7",""
="5529","鉅陞","01/09","28.95","+0.45","+1.58","年","0","0","0","0","0","0","0","0","0","0",""
="5530","龍巖","01/09","47.2","-0.05","-0.11","年","0","0","0","0","0","0","0","0","0","0",""
="5531","鄉林","01/09","9.04","-0.01","-0.11","年","0.122","0.5","0.5","0.1","0","0","0","0","0","0",""
="5533","皇鼎","01/09","14.25","+0.05","+0.35","年","0","0","0","0","0","0","0","0","0","0",""
="5534","長虹","01/09","86","+0.6","+0.7","年","0","0","0","0","0","0","0","0","0","0",""
="5538","東明-KY","01/09","32.9","+0.15","+0.46","年","0","0","0","0","0","0","0","0","0","0",""
="5543","桓鼎-KY","01/09","36.9","+3.35","+9.99","年","0.031","0","0","0","0","0","0","0","0.282","0",""
="5546","永固-KY","01/09","23","+1.3","+5.99","年","0","","","","0","0","0","0","0","0",""
="5548","安倉","01/09","23.95","-0.05","-0.21","年","0.167","","","","","","","0","0.25","0.25",""
="5601","台聯櫃","01/09","36.7","+0.4","+1.1","年","0","0","0","0","0","0","0","0","0","0",""
="5603","陸海","01/09","19.05","-0.1","-0.52","年","0.367","0","0","0","0","0.3","3","0","0","0",""
="5604","中連","01/09","37.1","0","0","年","0","0","0","0","0","0","0","0","0","0",""
="5607","遠雄港","01/09","48.7","+0.05","+0.1","年","0.222","0","0","0","0","0","0","1","0.8","0.2",""
="5608","四維航","01/09","17.9","+0.15","+0.85","年","0","0","0","0","0","0","0","0","0","0",""
="5609","中菲行","01/09","80","0","0","年","0.145","0","0","0","0","0.8","0","0.501","0","0",""
="5701","劍湖山","01/09","3.96","-0.03","-0.75","年","0","0","0","0","0","0","0","0","0","0",""
="5703","亞都","01/09","15","0","0","年","0","0","0","0","0","0","0","0","0","0",""
="5704","老爺知","01/09","26.25","+0.05","+0.19","年","0","0","0","0","0","0","0","0","0","0",""
="5706","鳳凰","01/09","50.8","+0.3","+0.59","年","0.44","0","0","0.5","0.96","0","1","0","1","0.5",""
="5864","致和證","01/09","17.55","+0.1","+0.57","年","0.422","0","0","0.6","0","0.6","0.6","0.2","1","0.8",""
="5871","中租-KY","01/09","105","-1","-0.94","年","0.278","0","0.2","0.3","0.4","0.5","0.5","0.2","0.2","0.2",""
"5871A","中租-KY甲特","01/09","101","0","0","年","0","","","","","0","0","0","0","0",""
="5876","上海商銀","01/09","40.6","0","0","年","0","0","0","0","0","0","0","0","0","0",""
="5878","台名","01/09","41.1","-0.05","-0.12","年","0","0","0","0","0","0","0","0","0","0",""
="5880","合庫金","01/09","24.1","+0.1","+0.42","年","0.317","0.3","0.3","0.3","0.3","0.2","0.3","0.5","0.35","0.3",""
="5902","德記","01/09","41.65","-0.2","-0.48","年","0","0","0","0","0","0","0","0","0","0",""
="5903","全家","01/09","191","0","0","年","0","0","0","0","0","0","0","0","0","0",""
="5904","寶雅","01/09","438","-5.5","-1.24","年","0.089","0.1","0","0","0","0.3","0.1","0.1","0.1","0.1",""
="5905","南仁湖","01/09","8.93","+0.03","+0.34","年","0","0","0","0","0","0","0","0","0","0",""
="5906","台南-KY","01/09","51.5","0","0","年","0.2","0","0","0","0","0.8","0","0.3","0.5","0.2",""
="5907","大洋-KY","01/09","5.55","+0.03","+0.54","年","0","0","0","0","0","0","0","0","0","0",""
="6005","群益證","01/09","26.8","-0.3","-1.11","年","0.078","0","0.7","0","0","0","0","0","0","0",""
="6015","宏遠證","01/09","12.6","+0.25","+2.02","年","0.067","0","0","0","0","0","0.6","0","0","0",""
="6016","康和證","01/09","15.1","-0.05","-0.33","年","0.269","0","0.55","0.3","0.07","0","0","0","0.5","1",""
="6020","大展證","01/09","19.6","-0.2","-1.01","年","0","0","0","0","0","0","0","0","0","0",""
="6023","元大期","01/09","96.3","-0.2","-0.21","年","0","0","0","0","0","0","0","0","0","0",""
="6024","群益期","01/09","52.2","+0.1","+0.19","年","0.111","0","1","0","0","0","0","0","0","0",""
="6026","福邦證","01/09","14.15","+0.05","+0.35","年","0.284","0","0","0","0","0.555","2","0","0","0",""
="6101","寬魚國際","01/09","36.45","+0.3","+0.83","年","0","0","0","0","0","0","0","0","0","0",""
="6103","合邦","01/09","35.6","0","0","年","0","0","0","0","0","0","0","0","0","0",""
="6104","創惟","01/09","101.5","+9.1","+9.85","年","0","0","0","0","0","0","0","0","0","0",""
="6108","競國","01/09","14.35","-0.05","-0.35","年","0","0","0","0","0","0","0","0","0","0",""
="6109","亞元","01/09","11.9","+0.25","+2.15","年","0","0","0","0","0","0","0","0","0","0",""
="6111","大宇資","01/09","47","+0.9","+1.95","年","0.69","0","0","0","0.848","0.4","3","1.961","0","0",""
="6112","邁達特","01/09","46.8","-0.7","-1.47","年","0.278","0.5","1","1","0","0","0","0","0","0",""
="6113","亞矽","01/09","24.05","+2.15","+9.82","年","0.056","0","0","0","0","0","0","0","0.5","0",""
="6114","久威","01/09","31.05","0","0","年","0.111","0.5","0.5","0","0","0","0","0","0","0",""
="6115","鎰勝","01/09","46.75","+0.05","+0.11","年","0","0","0","0","0","0","0","0","0","0",""
="6116","彩晶","01/09","10.5","-1.15","-9.87","年","0","0","0","0","0","0","0","0","0","0",""
="6117","迎廣","01/09","82.2","+1.5","+1.86","年","0","0","0","0","0","0","0","0","0","0",""
="6118","建達","01/09","18.6","-0.2","-1.06","年","0","0","0","0","0","0","0","0","0","0",""
="6120","達運","01/09","12.45","-0.3","-2.35","年","0","0","0","0","0","0","0","0","0","0",""
="6122","擎邦","01/09","52.9","+0.6","+1.15","年","0.144","0","0","0","0.3","0","0.2","0.3","0.5","0",""
="6124","業強","01/09","28.35","+0.05","+0.18","年","0","0","0","0","0","0","0","0","0","0",""
="6125","廣運","01/09","70.7","+0.2","+0.28","年","0","0","0","0","0","0","0","0","0","0",""
="6126","信音","01/09","34.8","+0.2","+0.58","年","0.038","0","0.339","0","0","0","0","0","0","0",""
="6127","九豪","01/09","37.9","+1.25","+3.41","年","0","0","0","0","0","0","0","0","0","0",""
="6128","上福","01/09","22.05","-0.35","-1.56","年","0","0","0","0","0","0","0","0","0","0",""
="6129","普誠","01/09","14.95","+0.65","+4.55","年","0","0","0","0","0","0","0","0","0","0",""
="6130","上亞科技","01/09","45.2","+1.7","+3.91","年","0","0","0","0","0","0","0","0","0","0",""
="6133","金橋","01/09","20.3","+0.3","+1.5","年","0","0","0","0","0","0","0","0","0","0",""
="6134","萬旭","01/09","27.8","+1.1","+4.12","年","0","0","0","0","0","0","0","0","0","0",""
="6136","富爾特","01/09","24","+0.15","+0.63","年","0","0","0","0","0","0","0","0","0","0",""
="6138","茂達","01/09","216","-5","-2.26","年","0","0","0","0","0","0","0","0","0","0",""
="6139","亞翔","01/09","601","+11","+1.86","年","0","0","0","0","0","0","0","0","0","0",""
="6140","訊達","01/09","25.6","-0.1","-0.39","年","0.417","0","0","0","0","0","1","1","0.75","1",""
="6141","柏承","01/09","12.1","+0.35","+2.98","年","0","0","0","0","0","0","0","0","0","0",""
="6142","友勁","01/09","9.05","-0.06","-0.66","年","0","0","0","0","0","0","0","0","0","0",""
="6143","振曜","01/09","111","-1.5","-1.33","年","0","0","0","0","0","0","0","0","0","0",""
="6144","得利影","01/09","19.1","+0.75","+4.09","年","0","0","0","0","0","0","0","0","0","0",""
="6146","耕興","01/09","164.5","+5.5","+3.46","年","0.133","0.1","0.1","0","0","0.5","0","0.5","0","0",""
="6147","頎邦","01/09","54.1","-0.6","-1.1","年","0","0","0","0","0","0","0","0","0","0",""
="6150","撼訊","01/09","66.2","+0.7","+1.07","年","0.111","0","1","0","0","0","0","0","0","0",""
="6151","晉倫","01/09","30.45","-0.35","-1.14","年","0","0","0","0","0","0","0","0","0","0",""
="6152","百一","01/09","10.25","-0.35","-3.3","年","0","0","0","0","0","0","0","0","0","0",""
="6153","嘉聯益","01/09","15.1","0","0","年","0.056","0","0","0.3","0.2","0","0","0","0","0",""
="6154","順發","01/09","13.4","+0.1","+0.75","年","0","0","0","0","0","0","0","0","0","0",""
="6155","鈞寶","01/09","48","+2.5","+5.49","年","0","0","0","0","0","0","0","0","0","0",""
="6156","松上","01/09","22.1","-0.2","-0.9","年","0.044","0","0.4","0","0","0","0","0","0","0",""
="6158","禾昌","01/09","21.35","-0.25","-1.16","年","0","0","0","0","0","0","0","0","0","0",""
="6160","欣技","01/09","17.2","-0.1","-0.58","年","0","0","0","0","0","0","0","0","0","0",""
="6161","捷波","01/09","46.65","+0.15","+0.32","年","0","0","0","0","0","0","0","0","0","0",""
="6163","華電網","01/09","59.7","+5.4","+9.94","年","0","0","0","0","0","0","0","0","0","0",""
="6164","華興","01/09","11.85","-0.35","-2.87","年","0","0","0","0","0","0","0","0","0","0",""
="6165","浪凡","01/09","46.75","-1.3","-2.71","年","0","0","0","0","0","0","0","0","0","0",""
="6166","凌華","01/09","60.5","-0.2","-0.33","年","0","0","0","0","0","0","0","0","0","0",""
="6167","久正","01/09","12.15","+0.05","+0.41","年","0","0","0","0","0","0","0","0","0","0",""
="6168","宏齊","01/09","19.8","-0.45","-2.22","年","0","0","0","0","0","0","0","0","0","0",""
="6169","昱泉","01/09","19.25","+0.05","+0.26","年","0","0","0","0","0","0","0","0","0","0",""
="6170","統振","01/09","49.35","+0.2","+0.41","年","0","0","","0","0","0","0","0","0","0",""
="6171","大城地產","01/09","28.2","0","0","年","0.338","0","0","0","0","1.5","1.54","0","0","0",""
="6173","信昌電","01/09","65.9","+1.8","+2.81","年","0","0","0","0","0","0","0","0","0","0",""
="6174","安碁","01/09","20.95","0","0","年","0","0","0","0","0","0","0","0","0","0",""
="6175","立敦","01/09","53","+1.2","+2.32","年","0","0","0","0","0","0","0","0","0","0",""
="6176","瑞儀","01/09","123","+0.5","+0.41","年","0","0","0","0","0","0","0","0","0","0",""
="6177","達麗","01/09","54.2","-1.4","-2.52","年","0.378","0.199","0","0.5","1","0.2","0","0.5","0.5","0.5",""
="6179","亞通","01/09","29.6","+0.6","+2.07","年","0","0","0","0","0","0","0","0","0","0",""
="6180","橘子","01/09","49.9","-0.8","-1.58","年","0","0","0","0","0","0","0","0","0","0",""
="6182","合晶","01/09","33.05","-0.75","-2.22","年","0","0","0","0","0","0","0","0","0","0",""
="6183","關貿","01/09","95.2","+0.6","+0.63","年","0","0","0","0","0","0","0","0","0","0",""
="6185","幃翔","01/09","14.9","-0.3","-1.97","年","0.1","0.4","0.3","0.2","0","0","0","0","0","0",""
="6186","新潤","01/09","51.8","-0.8","-1.52","年","0.367","0","0","0","0","0.5","0","0","1.5","1.3",""
="6187","萬潤","01/09","370","-23","-5.85","年","0","0","0","0","0","0","0","0","0","0",""
="6189","豐藝","01/09","44.35","-0.6","-1.33","年","0.222","0","0","0","0","0","0","0","0","2",""
="6190","萬泰科","01/09","48","+1.2","+2.56","年","0","0","0","0","0","0","0","0","0","0",""
="6191","精成科","01/09","114","+5.5","+5.07","年","0","0","0","0","0","0","0","0","0","0",""
="6192","巨路","01/09","110.5","+2.5","+2.31","年","0","0","0","0","0","0","0","0","0","0",""
="6194","育富","01/09","34","+0.1","+0.29","年","0","0","0","0","0","0","0","0","0","0",""
="6195","詩肯","01/09","25.5","+0.15","+0.59","年","0","0","0","0","0","0","0","0","0","0",""
="6196","帆宣","01/09","276","-11","-3.83","年","0","0","0","0","0","0","0","0","0","0",""
="6197","佳必琪","01/09","148.5","+0.5","+0.34","年","0","0","0","0","0","0","0","0","0","0",""
="6198","瑞築","01/09","27.4","-0.15","-0.54","年","0","0","0","0","0","0","0","0","0","0",""
="6199","天品","01/09","107","0","0","年","0","0","0","0","0","0","0","0","0","0",""
="6201","亞弘電","01/09","55.4","+0.1","+0.18","年","0","0","0","0","0","0","0","0","0","0",""
="6202","盛群","01/09","38.4","-0.8","-2.04","年","0","0","0","0","0","0","0","0","0","0",""
="6203","海韻電","01/09","69.3","+1.7","+2.51","年","0","0","0","0","0","0","0","0","0","0",""
="6204","艾華","01/09","79.5","+1.7","+2.19","年","0","0","0","0","0","0","0","0","0","0",""
="6205","詮欣","01/09","60.2","+0.1","+0.17","年","0","0","0","0","0","0","0","0","0","0",""
="6206","飛捷","01/09","91.3","+0.7","+0.77","年","0","0","0","0","0","0","0","0","0","0",""
="6207","雷科","01/09","52","+0.7","+1.36","年","0","0","0","0","0","0","0","0","0","0",""
="6209","今國光","01/09","59","-1","-1.67","年","0","0","0","0","0","0","0","0","0","0",""
="6210","慶生","01/09","20","+0.05","+0.25","年","0","0","0","0","0","0","0","0","0","0",""
="6212","理銘","01/09","40.2","-0.2","-0.5","年","0","0","0","0","0","0","0","0","0","0",""
="6213","聯茂","01/09","114.5","+1.5","+1.33","年","0","0","0","0","0","0","0","0","0","0",""
="6214","精誠","01/09","116.5","+0.5","+0.43","年","0","0","0","0","0","0","0","0","0","0",""
="6215","和椿","01/09","104","0","0","年","0","0","0","0","0","0","0","0","0","0",""
="6216","居易","01/09","26.3","-0.1","-0.38","年","0","0","0","0","0","0","0","0","0","0",""
="6217","中探針","01/09","50.8","+0.2","+0.4","年","0.011","0.1","0","0","0","0","0","0","0","0",""
="6218","豪勉","01/09","24.7","-0.8","-3.14","年","0","0","0","0","0","0","0","0","0","0",""
="6220","岳豐","01/09","25.25","-0.1","-0.39","年","0","0","0","0","0","0","0","0","0","0",""
="6221","晉泰","01/09","29","-0.65","-2.19","年","1.777","0","0","1.25","1.25","4","1.499","1.998","2.493","3.5",""
="6222","立軒","01/09","18.65","+0.05","+0.27","年","0","0","0","0","0","0","0","0","0","0",""
="6223","旺矽","01/09","2230","+110","+5.19","年","0","0","0","0","0","0","0","0","0","0",""
="6224","聚鼎","01/09","42.95","-0.05","-0.12","年","0","0","0","0","0","0","0","0","0","0",""
="6225","天瀚","01/09","16.45","-0.75","-4.36","年","0","0","0","0","0","0","0","0","0","0",""
="6226","光鼎","01/09","7.45","-0.02","-0.27","年","0.011","0.1","0","0","0","0","0","0","0","0",""
="6227","茂綸","01/09","83.2","+1.1","+1.34","年","0","0","0","0","0","0","0","0","0","0",""
="6228","全譜","01/09","26.3","+0.05","+0.19","年","0","0","0","0","0","0","0","0","0","0",""
="6229","研通","01/09","22.15","+0.85","+3.99","年","0","0","0","0","0","0","0","0","0","0",""
="6230","尼得科超眾","01/09","112.5","+0.5","+0.45","年","0","0","0","0","0","0","0","0","0","0",""
="6231","系微","01/09","216.5","-3.5","-1.59","年","0.222","0","0","0","0","0","0","0","2","0",""
="6233","旺玖","01/09","22.9","+0.1","+0.44","年","0","0","0","0","0","0","0","0","0","0",""
="6234","高僑","01/09","28.7","+0.4","+1.41","年","0.09","0","0","0","0.81","0","0","0","0","0",""
="6235","華孚","01/09","62.6","+1.2","+1.95","年","0","0","0","0","0","0","0","0","0","0",""
="6236","中湛","01/09","21.55","0","0","年","0","0","0","0","0","0","0","0","0","0",""
="6237","驊訊","01/09","40.7","+0.5","+1.24","年","0","0","0","0","0","0","0","0","0","0",""
="6239","力成","01/09","200","-3","-1.48","年","0","0","0","0","0","0","0","0","0","0",""
="6240","松崗","01/09","19.4","0","0","年","0","0","0","0","0","0","0","0","0","0",""
="6241","易通展","01/09","13.25","+0.1","+0.76","年","0","0","0","0","0","0","0","0","0","0",""
="6242","立康","01/09","38.85","0","0","年","0.222","0","0","0","0","0","0.5","1.5","0","0",""
="6243","迅杰","01/09","35.2","+0.55","+1.59","年","0","0","0","0","0","0","0","0","0","0",""
="6244","茂迪","01/09","21.6","-0.3","-1.37","年","0","0","0","0","0","0","0","0","0","0",""
="6245","立端","01/09","67","+0.2","+0.3","年","0.178","0","0.2","0.8","0","0","0","0.6","0","0",""
="6246","臺龍","01/09","13.45","+0.05","+0.37","年","0.312","1.811","0.4","0.4","0","0","0","0.2","0","0",""
="6248","沛波","01/09","21.15","-0.05","-0.24","年","0","0","0","0","0","0","0","0","0","0",""
="6257","矽格","01/09","117.5","+2.5","+2.17","年","0","0","0","0","0","0","0","0","0","0",""
="6263","普萊德","01/09","130","+2","+1.56","年","0","0","0","0","0","0","0","0","0","0",""
="6264","富裔","01/09","7.07","-0.04","-0.56","年","0","0","0","0","0","0","0","0","0","0",""
="6265","方土昶","01/09","34.5","-2.8","-7.51","年","0","0","0","0","0","0","0","0","0","0",""
="6266","泰詠","01/09","29.7","+0.85","+2.95","年","0.45","0","0","0.732","0","0.345","0.69","1.2","0.49","0.595",""
="6269","台郡","01/09","56.6","+0.8","+1.43","年","0.055","0.495","0","0","0","0","0","0","0","0",""
="6270","倍微","01/09","24.1","0","0","年","0","0","0","0","0","0","0","0","0","0",""
="6272","驊陞","01/09","41.5","-1.5","-3.49","年","0.033","0.3","0","0","0","0","0","0","0","0",""
="6274","台燿","01/09","466","-1","-0.21","年","0","0","0","0","0","0","0","0","0","0",""
="6275","元山","01/09","50.9","+1.1","+2.21","年","0","0","0","0","0","0","0","0","0","0",""
="6276","安鈦克","01/09","38.65","-1.25","-3.13","年","0","0","0","0","0","0","0","0","0","0",""
="6278","台表科","01/09","96","0","0","年","0","0","0","0","0","0","0","0","0","0",""
="6279","胡連","01/09","124","+0.5","+0.4","年","0.111","0","0","0","0.25","0","0","0","0.25","0.5",""
="6281","全國電","01/09","62.6","+0.4","+0.64","年","0","0","0","0","0","0","0","0","0","0",""
="6282","康舒","01/09","45.55","+3.2","+7.56","年","0","0","0","0","0","0","0","0","0","0",""
="6283","淳安","01/09","24.5","-0.55","-2.2","年","0.056","0.5","0","0","0","0","0","0","0","0",""
="6284","佳邦","01/09","82.5","+0.7","+0.86","年","0","0","0","0","0","0","0","0","0","0",""
="6285","啟碁","01/09","103.5","+1","+0.98","年","0.055","0.297","0.2","0","0","0","0","0","0","0",""
="6290","良維","01/09","168.5","-1.5","-0.88","年","0","0","0","0","0","0","0","0","0","0",""
="6291","沛亨","01/09","183","-4","-2.14","年","0","0","0","0","0","0","0","0","0","0",""
="6292","迅德","01/09","40.5","+0.2","+0.5","年","0","0","0","0","0","0","0","0","0","0",""
="6294","智基","01/09","46.5","-0.55","-1.17","年","0.289","0.5","1","0","0","0.5","0","0","0","0.6",""
="6405","悅城","01/09","29.85","+0.25","+0.84","年","0","0","0","0","0","0","0","0","0","0",""
="6409","旭隼","01/09","1025","+30","+3.02","年","0.111","0","0","0.5","0.5","0","0","0","0","0",""
="6411","晶焱","01/09","74.3","-0.3","-0.4","年","0.199","0.6","0.6","0.595","0","0","0","0","0","0",""
="6412","群電","01/09","81.2","-2.6","-3.1","年","0.011","0.05","0.05","0","0","0","0","0","0","0",""
="6414","樺漢","01/09","288","-3","-1.03","年","0.109","0","0","0","0.983","0","0","0","0","0",""
="6415","矽力*-KY","01/09","236.5","+15.5","+7.01","年","0","0","0","0","0","0","0","0","0","0",""
="6416","瑞祺電通","01/09","87.2","-2.3","-2.57","年","0","0","0","0","0","0","0","0","0","0",""
="6417","韋僑","01/09","109","+4","+3.81","年","0","0","0","0","0","0","0","0","0","0",""
="6418","詠昇","01/09","41.75","-0.25","-0.6","年","0","0","0","0","0","0","0","0","0","0",""
="6419","京晨科","01/09","83.9","+7.6","+9.96","年","0","0","0","0","0","0","0","0","0","0",""
="6423","億而得-創","01/09","80.7","-1.5","-1.82","年","0.023","0","0","0","0","0","0","0","0","0.203",""
="6425","易發","01/09","83","0","0","年","0","0","0","0","0","0","0","0","0","0",""
="6426","統新","01/09","89.1","+0.3","+0.34","年","0","0","0","0","0","0","0","0","0","0",""
="6431","光麗-KY","01/09","27.5","+0.35","+1.29","年","0","0","0","0","0","0","0","0","0","0",""
="6432","今展科","01/09","33.65","+1.25","+3.86","年","0.065","0.4","0.188","0","0","0","0","0","0","0",""
="6435","大中","01/09","117","0","0","年","0.111","0","0","0","0","0","0","1","0","0",""
="6441","廣錠","01/09","21.45","-0.15","-0.69","年","0.316","1","0.5","0","0.345","1","0","0","0","0",""
="6442","光聖","01/09","1400","+70","+5.26","年","0.056","0","0","0.5","0","0","0","0","0","0",""
="6443","元晶","01/09","31.65","+0.45","+1.44","年","0","0","0","0","0","0","0","0","0","0",""
="6446","藥華藥","01/09","512","-6","-1.16","年","0.122","0","0","0","0","0","0","0","0","1.097",""
="6449","鈺邦","01/09","168.5","+4","+2.43","年","0","0","0","0","0","0","0","0","0","0",""
="6451","訊芯-KY","01/09","153","-1.5","-0.97","年","0","0","0","0","0","0","0","0","0","0",""
="6456","GIS-KY","01/09","41.85","0","0","年","0","0","0","0","0","0","0","0","0","0",""
="6461","益得","01/09","21.4","+1.8","+9.18","年","0","0","0","0","0","0","0","0","0","0",""
="6462","神盾","01/09","114.5","-3.5","-2.97","年","0","0","0","0","0","0","0","0","0","0",""
="6465","威潤","01/09","37.7","-2.2","-5.51","年","0.384","2.468","0.987","0","0","0","0","0","0","0",""
="6469","大樹","01/09","90.5","-1.2","-1.31","年","1.809","1.5","0.91","1.291","1.763","2.971","2.57","2.281","1.699","1.299",""
="6470","宇智","01/09","43.15","-0.7","-1.6","年","0","0","0","0","0","0","0","0","0","0",""
="6474","華豫寧","01/09","35.15","-0.3","-0.85","年","0.167","0","0","0","0","0.5","0.5","0.5","0","0",""
="6477","安集","01/09","35","+0.4","+1.16","年","0.022","0","0","0","0","0","0","0.2","0","0",""
="6482","弘煜科","01/09","39.3","+0.1","+0.26","年","0.832","0.992","1","0","0","0","1","1.5","1","2",""
="6485","點序","01/09","99.3","-8.2","-7.63","年","0.275","0.976","0","1.499","0","0","0","0","0","0",""
="6486","互動","01/09","82.9","-0.3","-0.36","年","0","0","0","0","0","0","0","0","0","0",""
="6491","晶碩","01/09","288","-2","-0.69","年","0","0","0","0","0","0","0","0","0","0",""
="6492","生華科","01/09","43.7","-0.65","-1.47","年","0","0","0","0","0","0","0","0","0","0",""
="6494","九齊","01/09","35.35","-0.15","-0.42","年","0","0","0","0","0","0","0","0","0","0",""
="6496","科懋","01/09","29.25","-0.15","-0.51","年","0","0","0","0","0","0","0","0","0","0",""
="6498","久禾光","01/09","87.5","-0.2","-0.23","年","0.331","0","0","0","0","1","1.981","0","0","0",""
="6499","益安","01/09","93.8","+0.8","+0.86","年","0.5","0","0","0.999","0","1","2","0.5","0","0",""
="6504","南六","01/09","41.65","-1.25","-2.91","年","0","0","0","0","0","0","0","0","0","0",""
="6505","台塑化","01/09","47.6","0","0","年","0","0","0","0","0","0","0","0","0","0",""
="6506","雙邦","01/09","15.45","+0.05","+0.32","年","0.078","0.2","0.3","0.2","0","0","0","0","0","0",""
="6508","惠光","01/09","23.65","+0.25","+1.07","年","0.033","0.2","0.1","0","0","0","0","0","0","0",""
="6509","聚和","01/09","33","+0.2","+0.61","年","0","0","0","0","0","0","0","0","0","0",""
="6510","精測","01/09","2185","-5","-0.23","年","0","0","0","0","0","0","0","0","0","0",""
="6512","啟發電","01/09","20.35","-0.2","-0.97","年","0","0","0","0","0","0","0","0","0","0",""
="6515","穎崴","01/09","3490","+315","+9.92","年","0","","","","0","0","0","0","0","0",""
="6516","勤崴國際","01/09","67","+2.8","+4.36","年","1.143","1.8","1.8","1.689","1","1","1","1","1","0",""
="6517","保勝光學","01/09","64.5","-0.2","-0.31","年","0","0","0","0","0","","0","0","0","0",""
="6525","捷敏-KY","01/09","75.5","+0.5","+0.67","年","0.222","0","1","1","0","0","0","0","0","0",""
="6526","達發","01/09","436.5","-4.5","-1.02","年","0.8","0","","","","","0","4","0","0",""
="6527","明達醫","01/09","78.6","+2.6","+3.42","年","0.056","0","0","0","0","0","0","0.5","0","0",""
="6530","創威","01/09","58.8","+0.2","+0.34","年","0","0","0","0","0","0","0","0","0","0",""
="6531","愛普*","01/09","480","+25","+5.49","年","0.055","0","0.497","0","0","0","0","0","0","0",""
="6532","瑞耘","01/09","55.6","-0.2","-0.36","年","0","0","0","0","0","0","0","0","0","0",""
="6533","晶心科","01/09","247","-7.5","-2.95","年","0.056","0","0.5","0","0","0","0","0","0","0",""
="6535","順藥","01/09","188","+6","+3.3","年","0","0","0","0","0","0","0","0","0","0",""
="6538","倉和","01/09","64.4","+0.2","+0.31","年","0.256","0","0","0","2.3","0","0","0","0","0",""
="6541","泰福-KY","01/09","52.7","-1.3","-2.41","年","0","0","0","0","0","0","0","0","0","0",""
="6542","隆中","01/09","48","-1.4","-2.83","年","0.056","0.5","0","0","0","0","0","0","0","0",""
="6546","正基","01/09","62.7","+3.5","+5.91","年","0","0","0","","0","0","0","0","0","0",""
="6547","高端疫苗","01/09","36.5","+0.05","+0.14","年","0.536","0","0","0","0","0","4.828","0","0","0",""
="6550","北極星藥業-KY","01/09","30.4","+0.2","+0.66","年","0","0","0","0","0","0","0","0","0","0",""
="6552","易華電","01/09","25.6","+0.2","+0.79","年","0","0","0","0","0","0","0","0","0","0",""
="6556","勝品","01/09","70.5","-0.5","-0.7","年","0","0","0","0","0","0","0","0","0","0",""
="6558","興能高","01/09","36.4","+0.25","+0.69","年","0","0","0","0","0","0","0","0","0","0",""
="6560","欣普羅","01/09","41.7","+1.4","+3.47","年","0.439","0","0","0","0","1.452","2.5","0","0","0",""
="6568","宏觀","01/09","128","+2.5","+1.99","年","0.225","0","0","0","0","2.024","0","0","0","0",""
="6569","醫揚","01/09","108.5","-2","-1.81","年","0.778","1","0","1","2.5","1","0","0","1.499","0",""
="6570","維田","01/09","38.95","-0.05","-0.13","年","0.122","0","0","0","1.1","0","0","0","0","0",""
="6573","虹揚-KY","01/09","14.9","-0.1","-0.67","年","0.028","0","0","0.25","0","0","0","0","0","0",""
="6576","逸達","01/09","80.8","+1","+1.25","年","0","0","0","0","0","0","0","0","0","0",""
="6577","勁豐","01/09","69.2","+0.2","+0.29","年","0.633","0","0","0","0","0","0","0","5.7","0",""
="6578","達邦蛋白","01/09","19.75","+0.05","+0.25","年","0.167","0.5","0","0","0","1","0","0","0","0",""
="6579","研揚","01/09","111.5","+0.5","+0.45","年","0.055","0","0","0","0","0","0","0","0.498","0",""
="6581","鋼聯","01/09","105","+1.5","+1.45","年","0","0","0","0","0","0","0","0","0","0",""
="6582","申豐","01/09","31.75","-0.15","-0.47","年","0","0","0","0","0","0","0","0","0","0",""
="6584","南俊國際","01/09","318","-5","-1.55","年","0","0","0","0","0","0","0","0","0","0",""
="6585","鼎基","01/09","88.4","+2.1","+2.43","年","0","0","0","0","0","0","0","0","0","0",""
="6588","東典光電","01/09","47.7","+0.2","+0.42","年","0.111","1","0","0","0","0","0","0","0","0",""
="6589","台康生技","01/09","63.1","-0.3","-0.47","年","0","0","0","0","0","0","0","0","0","0",""
="6591","動力-KY","01/09","73.7","+0.3","+0.41","年","0.167","1.5","0","0","0","0","0","0","0","0",""
="6592","和潤企業","01/09","60.9","-0.1","-0.16","年","0.3","0.7","0","0","0","0","0","1","1","0",""
"6592A","和潤企業甲特","01/09","97.5","0","0","年","0","","","","","","","0","0","0",""
"6592B","和潤企業乙特","01/09","98.2","0","0","年","0","","","","","","","","0","0",""
="6593","台灣銘板","01/09","37.1","-0.6","-1.59","年","0.056","0.5","0","0","0","0","0","0","0","0",""
="6596","寬宏藝術","01/09","142","-2","-1.39","年","0.333","1","1","1","0","0","0","0","0","0",""
="6597","立誠","01/09","55","+0.5","+0.92","年","0","","0","0","0","0","0","0","0","0",""
="6598","ABC-KY","01/09","23.15","+0.1","+0.43","年","0","0","0","0","0","0","0","0","0","0",""
="6605","帝寶","01/09","141","+3.5","+2.55","年","0","0","0","0","0","0","0","0","0","0",""
="6606","建德工業","01/09","25.2","-0.1","-0.4","年","0","","","0","0","0","0","0","0","0",""
="6609","瀧澤科","01/09","37.05","+0.4","+1.09","年","0.022","0","0.2","0","0","0","0","0","0","0",""
="6612","奈米醫材","01/09","70.8","-0.6","-0.84","年","0.222","0","0","0","0","0","0","0","1","1",""
="6614","資拓宏宇","01/09","49.35","-0.95","-1.89","年","0","0","0","0","0","0","0","0","0","0",""
="6615","慧智","01/09","30","0","0","年","0","0","0","0","0","0","0","0","0","0",""
="6617","共信-KY","01/09","79.5","-1.1","-1.36","年","0","0","0","0","0","0","0","0","0","0",""
="6620","漢達","01/09","85.4","+1.6","+1.91","年","0","0","0","0","0","0","0","0","0","0",""
="6624","萬年清","01/09","60.4","-0.7","-1.15","年","0","0","0","0","0","0","0","0","0","0",""
="6625","必應","01/09","81.8","+0.1","+0.12","年","0.5","2","0.5","0.5","0.499","0","0","0","1","0",""
="6637","醫影","01/09","81.5","+0.7","+0.87","年","0.125","","0","1","0","0","0","0","0","0",""
="6640","均華","01/09","753","+11","+1.48","年","0","0","0","0","0","0","0","0","0","0",""
="6641","基士德-KY","01/09","19.45","+0.35","+1.83","年","0","0","0","0","0","0","0","0","0","0",""
="6642","富致","01/09","52.5","+0.7","+1.35","年","0","","0","0","0","0","0","0","0","0",""
="6643","M31","01/09","430.5","-10.5","-2.38","年","0.375","","0","0","0","0","0","1","2","0",""
="6645","金萬林-創","01/09","18.35","+0.95","+5.46","年","0.72","","0.2","0.174","0","0.473","3","1.414","0.5","0",""
="6649","台生材","01/09","47.5","-1.25","-2.56","年","0","","0","0","0","0","0","0","0","0",""
="6651","全宇昕","01/09","80.3","+1.8","+2.29","年","0.44","","1","1.02","1","0","0.5","0","0","0",""
="6654","天正國際","01/09","86","+1","+1.18","年","0.222","0","1.5","0.5","0","0","0","0","0","0",""
="6657","華安","01/09","41.85","+0.75","+1.82","年","0","","0","0","0","0","0","0","0","0",""
="6658","聯策","01/09","55.6","-1.9","-3.3","年","0.15","","0","0","0","1.2","0","0","0","0",""
="6661","威健生技","01/09","18.55","-0.25","-1.33","年","0.1","","0.8","0","0","0","0","0","0","0",""
="6662","樂斯科","01/09","30.35","-0.15","-0.49","年","0.069","","0.55","0","0","0","0","0","0","0",""
="6664","群翊","01/09","293.5","-0.5","-0.17","年","0","","0","0","0","0","0","0","0","0",""
="6666","羅麗芬-KY","01/09","45.3","-0.4","-0.88","年","0.325","","1.6","1","0","0","0","0","0","0",""
="6667","信紘科","01/09","258.5","+0.5","+0.19","年","0","0","0","0","0","0","0","0","0","0",""
="6668","中揚光","01/09","39.05","+3.55","+10","年","0","0","0","0","0","0","0","0","0","0",""
="6669","緯穎","01/09","4240","-410","-8.82","年","0.252","","2.018","0","0","0","0","0","0","0",""
="6670","復盛應用","01/09","263","+0.5","+0.19","年","0","","0","0","0","0","0","0","0","0",""
="6671","三能-KY","01/09","36.75","+0.3","+0.82","年","0","","0","0","0","0","0","0","0","0",""
="6674","鋐寶科技","01/09","19.95","0","0","年","0","","0","0","0","0","0","0","0","0",""
="6680","鑫創電子","01/09","60.1","0","0","年","0.549","","1","0.5","0.605","0","0.3","0.998","0.992","0",""
="6683","雍智科技","01/09","396","+8","+2.06","年","0","","0","0","0","0","0","0","0","0",""
="6684","安格","01/09","48.25","-0.3","-0.62","年","0.143","","","0","0","0","1.002","0","0","0",""
="6689","伊雲谷","01/09","60.3","-0.1","-0.17","年","0.906","","","0","4.15","2.189","0","0","0","0",""
="6690","安碁資訊","01/09","170","-1.5","-0.87","年","0.057","","","0","0.2","0.2","0","0","0","0",""
="6691","洋基工程","01/09","583","-2","-0.34","年","2.177","","","4","0","4.7","0","3.04","2","1.5",""
="6692","進能服","01/09","30.15","+2.7","+9.84","年","0.957","","","2","0","1.5","0.5","1.5","1.2","0",""
="6693","廣閎科","01/09","80.7","-0.3","-0.37","年","0","","","0","0","0","0","0","0","0",""
="6695","芯鼎","01/09","43.85","+0.25","+0.57","年","0","","","0","0","0","0","0","0","0",""
="6697","東捷資訊","01/09","46.5","-1.5","-3.12","年","0","","","0","0","0","0","0","0","0",""
="6698","旭暉應材","01/09","33.6","+1.3","+4.02","年","0","","","0","0","0","0","0","0","0",""
="6706","惠特","01/09","120.5","-5","-3.98","年","0.991","","7.931","0","0","0","0","0","0","0",""
="6708","天擎","01/09","41.85","-0.15","-0.36","年","0.186","","","0.6","0.2","0.5","0","0","0","0",""
="6712","長聖","01/09","161.5","-0.5","-0.31","年","0.571","","","0","0","0","1","0.996","1","1",""
="6715","嘉基","01/09","105.5","+4.5","+4.46","年","0","","","0","0","0","0","0","0","0",""
="6716","應廣","01/09","46.45","+0.55","+1.2","年","0.429","","","0","0","1","1","1","0","0",""
="6719","力智","01/09","181.5","-0.5","-0.27","年","0","","","0","0","0","0","0","0","0",""
="6720","久昌","01/09","118","0","0","年","0.437","","","0","0","0.4","0.6","0.46","0","1.599",""
="6721","信實","01/09","60.9","0","0","年","0","","","0","0","0","0","0","0","0",""
="6725","矽科宏晟","01/09","243","-12","-4.71","年","0.357","","","2.5","0","0","0","0","0","0",""
="6727","亞泰金屬","01/09","171.5","-0.5","-0.29","年","0","","","0","0","0","0","0","0","0",""
="6728","上洋","01/09","139","+6.5","+4.91","年","0","","","0","0","0","0","0","0","0",""
="6730","常廣","01/09","36.75","+1.2","+3.38","年","0.214","","","1","0.5","0","0","0","0","0",""
="6732","昇佳電子","01/09","174.5","-4","-2.24","年","0.305","","","","1.827","0","0","0","0","0",""
="6733","博晟生醫","01/09","38.5","-0.05","-0.13","年","0","","","","0","0","0","0","0","0",""
="6735","美達科技","01/09","52.3","-0.3","-0.57","年","0.5","","","1","1","0","0","0.5","0.5","0.5",""
="6739","竹陞科技","01/09","717","+11","+1.56","年","0","","","","0","0","0","0","0","0",""
="6741","91APP*-KY","01/09","73.5","+0.1","+0.14","年","0","","","","0","0","0","0","0","0",""
="6742","澤米","01/09","45.55","+1.4","+3.17","年","0.217","","","","0.35","0","0.2","0.75","0","0",""
="6743","安普新","01/09","27.45","-0.5","-1.79","年","0.465","","","","0.496","2.295","0","0","0","0",""
="6751","智聯服務","01/09","54.5","+0.6","+1.11","年","0","","","","0","0","0","0","0","0",""
="6752","叡揚","01/09","124","+1.5","+1.22","年","0.55","","","","0","0.6","0.6","0.8","0.8","0.5",""
="6753","龍德造船","01/09","134","-1","-0.74","年","0.458","","","","0","0","2.25","0","0.5","0",""
="6754","匯僑設計","01/09","47.65","-0.15","-0.31","年","0","","","","0","0","0","0","0","0",""
="6756","威鋒電子","01/09","80.7","-0.3","-0.37","年","0","","","","0","0","0","0","0","0",""
="6757","台灣虎航","01/09","66.7","0","0","年","0","","","","0","0","0","0","0","0",""
="6761","穩得","01/09","135","0","0","年","0.2","","","","0.5","0.2","0","0.5","0","0",""
="6762","達亞","01/09","178.5","0","0","年","0.95","","","","0","0.4","2","0","1.8","1.5",""
="6767","台微醫","01/09","27.65","-0.1","-0.36","年","0","","","","0","0","0","0","0","0",""
="6768","志強-KY","01/09","104","0","0","年","0","","","","","0","0","0","0","0",""
="6776","展碁國際","01/09","59.5","+2.5","+4.39","年","0","","","","0","0","0","0","0","0",""
="6781","AES-KY","01/09","1270","+10","+0.79","年","0","","","","","0","0","0","0","0",""
="6785","昱展新藥","01/09","281","+4.5","+1.63","年","0","","","","","0","0","0","0","0",""
="6788","華景電","01/09","344.5","+2.5","+0.73","年","0","","","","0","0","0","0","0","0",""
="6789","采鈺","01/09","277","-1","-0.36","年","0","","","","","0","0","0","0","0",""
="6790","永豐實","01/09","38.35","+0.25","+0.66","年","0","","","","0","0","0","0","0","0",""
="6791","虎門科技","01/09","103.5","-0.5","-0.48","年","0","","","","","0","0","0","0","0",""
="6792","詠業","01/09","50.4","+0.1","+0.2","年","0","","","","","0","0","0","0","0",""
="6794","向榮生技","01/09","86","-0.6","-0.69","年","0","","","","","0","0","0","0","0",""
="6796","晉弘","01/09","91.3","-0.4","-0.44","年","0.72","","","","","2.6","0","0","0","1",""
="6803","崑鼎","01/09","301","+0.5","+0.17","年","0","0","0","0","0","0","0","0","0","0",""
="6804","明係","01/09","17.15","+0.2","+1.18","年","0","","","","","0","0","0","0","0",""
="6805","富世達","01/09","1365","0","0","年","0.676","","","","","3.38","0","0","0","0",""
="6806","森崴能源","01/09","38.85","+1.2","+3.19","年","0.167","","","","0","0","1","0","0","0",""
="6807","峰源-KY","01/09","45.35","+0.05","+0.11","年","0","","","","","","0","0","0","0",""
="6811","宏碁資訊","01/09","211.5","0","0","年","0","","","","","0","0","0","0","0",""
="6821","聯寶","01/09","36.45","-0.1","-0.27","年","0","","","","","0","0","0","0","0",""
="6823","濾能","01/09","72","-2.8","-3.74","年","1.114","","","","","4.5","0.568","0.5","0","0",""
="6829","千附精密","01/09","111.5","+1.5","+1.36","年","0","","","","","","0","0","0","0",""
="6830","汎銓","01/09","184.5","+1.5","+0.82","年","0","","","","","0","0","0","0","0",""
="6831","邁科","01/09","272.5","+2.5","+0.93","年","0.452","","","","","0","0","1.71","0.549","0",""
="6834","天二科技","01/09","29.85","+2.7","+9.94","年","0","","","","","0","0","0","0","0",""
="6835","圓裕","01/09","38.95","+0.1","+0.26","年","0","","","","","0","0","0","0","0",""
="6838","台新藥","01/09","27.15","+0.1","+0.37","年","0","","","","","","0","0","0","0",""
="6840","東研信超","01/09","61.7","+1.2","+1.98","年","0.2","","","","","0","0","0","1","0",""
="6841","長佳智能","01/09","67","+0.3","+0.45","年","0","","","","","","0","0","0","0",""
="6843","進典","01/09","52.1","-1.9","-3.52","年","0","","","","","0","0","0","0","0",""
="6844","諾貝兒","01/09","73","-0.3","-0.41","年","0","","","","","","0","0","0","0",""
="6846","綠茵","01/09","74.8","-0.1","-0.13","年","0","","","","","","0","0","0","0","0"
="6854","錼創科技-KY創","01/09","126","-6","-4.55","年","0","","","","","","0","0","0","0",""
="6855","數泓科","01/09","108","-0.5","-0.46","年","0.86","","","","","3.3","0","0","1","0",""
="6856","鑫傳","01/09","55","0","0","年","0","","","","","","0","0","0","0",""
="6859","伯特光","01/09","113","-1.5","-1.31","年","0.5","","","","","","1","1","0","0",""
="6861","睿生光電","01/09","65.4","-0.6","-0.91","年","0","","","","","","0","0","0","0",""
="6862","三集瑞-KY","01/09","165.5","-4.5","-2.65","年","0","","","","","","","","0","0",""
="6863","永道-KY","01/09","118.5","+1","+0.85","年","0","","","","","","","0","0","0",""
="6865","偉康科技","01/09","50.1","+1.5","+3.09","年","0.175","","","","","","0","0","0","0.7",""
="6869","雲豹能源","01/09","91.4","+0.7","+0.77","年","0","","","","","","0","0","0","0",""
="6870","騰雲","01/09","230","+3.5","+1.55","年","0.678","","","","","1.8","0.889","0","0.5","0.2",""
="6872","浩宇生醫","01/09","20.15","+0.05","+0.25","年","0","","","","","","0","0","0","0",""
="6873","泓德能源","01/09","96.4","+1","+1.05","年","0.437","","","","","","0","0","0.249","1.5",""
="6874","倍力","01/09","67.3","+0.7","+1.05","年","1","","","","","2","3","0","0","0",""
="6875","國邑*","01/09","50.4","-0.7","-1.37","年","0","","","","","","0","","0","0",""
="6877","鏵友益","01/09","88.6","-0.6","-0.67","年","1.264","","","","","","3.05","0","1.006","1",""
="6881","潤德","01/09","228.5","-0.5","-0.22","年","0","","","","","","0","0","0","0",""
="6884","海柏特","01/09","37.5","+1.7","+4.75","年","0","","","","","","0","0","0","0",""
="6885","全福生技","01/09","28.25","-0.1","-0.35","年","0","","","","","","0","0","0","0",""
="6887","寶綠特-KY","01/09","57.8","-1.1","-1.87","年","0","","","","","","","","","0",""
="6890","來億-KY","01/09","250.5","+9.5","+3.94","年","0","","","","","","","","0","0",""
="6894","衛司特","01/09","224","-6.5","-2.82","年","0","","","","","","0","0","0","0",""
="6895","宏碩系統","01/09","182","+6.5","+3.7","年","0","","","","","","0","0","0","0",""
="6901","鑽石投資","01/09","16.95","+0.2","+1.19","年","0.6","","","","","","","1.8","0","0",""
="6902","GOGOLOOK","01/09","73.5","-1.5","-2","年","0","","","","","","","0","0","0",""
="6903","巨漢","01/09","229","+5","+2.23","年","1.976","","","","","","","5.928","0","0",""
="6904","伯鑫","01/09","115.5","+1.5","+1.32","年","0","","","","","","","0","0","0",""
="6906","現觀科","01/09","73.2","-2.2","-2.92","年","0","","","","","","","0","0","0",""
="6909","創控","01/09","43.25","-1.35","-3.03","年","0.215","","","","","","","0.644","0","0",""
="6910","德鴻","01/09","35.5","-0.45","-1.25","年","0","","","","","","","0","0","0",""
="6913","鴻呈","01/09","117.5","+4","+3.52","年","0.626","","","","","","1","1","0","0.503",""
="6914","阜爾運通","01/09","146","+2.5","+1.74","年","0","","","","","","","0","0","0",""
="6916","華凌","01/09","18.15","-0.1","-0.55","年","0.476","","","","","","","1.429","0","0",""
="6918","愛派司","01/09","83.9","-0.9","-1.06","年","0","","","","","","","0","0","0",""
="6921","嘉雨思-創","01/09","63.5","-1.5","-2.31","年","0","","","","","","","0","0","0",""
="6922","宸曜","01/09","161","-6","-3.59","年","0.25","","","","","","0.5","0","0","0.499",""
="6923","中台","01/09","101","0","0","年","0","","","","","","","0","0","0",""
="6924","榮惠-KY創","01/09","77","-3","-3.75","年","0","","","","","","","","0","0",""
="6925","意藍","01/09","87.7","-1","-1.13","年","0","","","","","","0","0","0","0",""
="6928","攸泰科技","01/09","50.9","+0.1","+0.2","年","0","","","","","","","0","0","0",""
="6929","佑全","01/09","31.25","+0.05","+0.16","年","0","","","","","","0","0","0","0",""
="6933","AMAX-KY","01/09","149","+1.5","+1.02","年","0","","","","","","","0","0","0",""
="6936","永鴻生技","01/09","35.8","-0.1","-0.28","年","0","","","","","","","0","0","0",""
="6937","天虹","01/09","246","+10","+4.24","年","0","","","","","","","0","0","0",""
="6944","兆聯實業","01/09","726","-7","-0.95","年","0.333","","","","","","","0","1","0",""
="6949","沛爾生醫-創","01/09","333.5","-3","-0.89","年","0","","","","","","","","0","0",""
="6951","青新-創","01/09","73.9","+0.9","+1.23","年","0","","","","","","","0","0","0",""
="6952","大武山","01/09","43","+0.3","+0.7","年","0.167","","","","","","","0.5","0","0",""
="6953","家碩","01/09","236.5","+21.5","+10","年","0.7","","","","","","","2.1","0","0",""
="6955","邦睿生技-創","01/09","163","+5.5","+3.49","年","1.5","","","","","","","","1.5","1.5",""
="6957","裕慶-KY","01/09","194","-3","-1.52","年","0","","","","","","","","0","0",""
="6958","日盛台駿","01/09","15.45","+0.05","+0.32","年","0.267","","","","","","","0","0","0.8",""
="6962","奕力-KY","01/09","37.5","-0.5","-1.32","年","0","","","","","","","","0","0",""
="6965","中傑-KY","01/09","87.4","-0.6","-0.68","年","0","","","","","","","","","0",""
="6967","汎瑋材料","01/09","74","+6.7","+9.96","年","0","","","","","","","","0","0",""
="6968","萬達寵物","01/09","53.7","0","0","年","0.067","","","","","","","0","0","0.2",""
="6969","成信實業*-創","01/09","29.75","+0.25","+0.85","年","0","","","","","","","","0","0",""
="6971","惠民實業","01/09","29.3","0","0","年","0","","","","","","","0","0","0",""
="6982","大井泵浦","01/09","63.8","-0.7","-1.09","年","0","","","","","","","","0","0",""
="6988","威力暘-創","01/09","15.45","+1.4","+9.96","年","0","","","","","","","","0","0",""
="6994","富威電力","01/09","94.3","+1.5","+1.62","年","0","","","","","","","","0","0",""
="6996","力領科技","01/09","159","0","0","年","0","","","","","","","","0","0",""
="6997","博弘","01/09","89","0","0","年","0","","","","","","","","0","0",""
="7402","邑錡","01/09","133.5","-2.5","-1.84","年","0.479","1.5","0.65","0","0.668","0.5","0.498","0.497","0","0",""
="7547","碩網","01/09","57","+0.2","+0.35","年","0","","","","0","0","0","0","0","0",""
="7556","意德士","01/09","166.5","+0.5","+0.3","年","0.4","","","","0.2","0.3","0.4","0.5","0.5","0.5",""
="7584","樂意","01/09","40.4","+0.9","+2.28","年","0.6","","","","","2","1","0","0","0",""
="7610","聯友金屬-創","01/09","167","+14","+9.15","年","2.687","","","","","","4.2","3","1.201","2.348",""
="7642","昶瑞機電","01/09","80.4","+0.1","+0.12","年","0","","","","","","","","0","0",""
="7703","銳澤","01/09","241.5","+7.5","+3.21","年","0","","","","","","","","0","0",""
="7704","明遠精密","01/09","44.8","-1","-2.18","年","0","","","","","","","","0","0",""
="7705","三商餐飲","01/09","39.25","-0.2","-0.51","年","0","","","","","","","","0","0",""
="7708","全家餐飲","01/09","94.4","-0.1","-0.11","年","0","","","","","","","","0","0",""
="7709","榮田","01/09","39.3","+0.3","+0.77","年","0","","","","","","","","0","0",""
="7711","永擎","01/09","264","+1","+0.38","年","0","","","","","","","","0","0",""
="7712","博盛半導體","01/09","81.9","-0.9","-1.09","年","0.487","","","","","","","1.46","0","0",""
="7713","威力德生醫","01/09","70.5","0","0","年","0","","","","","","","","0","0",""
="7715","裕山","01/09","30.1","-1.1","-3.53","年","0","","","","","","","","0","0",""
="7716","昱臺國際","01/09","25.8","+0.6","+2.38","年","0","","","","","","","","0","0",""
="7717","萊德光電-KY","01/09","374","-6.5","-1.71","年","0","","","","","","","","","0",""
="7718","友鋮","01/09","43.6","-0.5","-1.13","年","0","","","","","","","","0","0",""
="7721","微程式","01/09","47.9","0","0","年","0","","","","","","","0","0","0",""
="7722","LINEPAY","01/09","551","+2","+0.36","年","0","","","","","","","","0","0",""
="7728","光焱科技","01/09","599","-6","-0.99","年","0","","","","","","","","0","0",""
="7730","暉盛-創","01/09","96.4","-2.6","-2.63","年","1","","","","","","","","0","2",""
="7732","金興精密","01/09","40","0","0","年","0","","","","","","","","0","0",""
="7734","印能科技","01/09","970","-7","-0.72","年","1.283","","","","","","","","0","2.565",""
="7736","虎山","01/09","86.3","-0.8","-0.92","年","0","","","","","","","","0","0",""
="7740","熙特爾-創","01/09","153.5","+0.5","+0.33","年","0","","","","","","","","0","0",""
="7743","金利食安","01/09","21.8","+1.8","+9","年","0","","","","","","","","0","0",""
="7744","崴寶","01/09","325.5","-10.5","-3.12","年","0","","","","","","","","0","0",""
="7747","昕奇雲端","01/09","119","+0.5","+0.42","年","0.75","","","","","","","","1.5","0",""
="7749","意騰-KY","01/09","455","0","0","年","0","","","","","","","","","0",""
="7750","新代","01/09","855","-5","-0.58","年","0","","","","","","","","0","0",""
="7751","竑騰","01/09","723","+14","+1.97","年","0","","","","","","","","0","0",""
="7753","星亞","01/09","42.85","-0.15","-0.35","年","0","","","","","","","","0","0",""
="7757","金色三麥","01/09","113.5","-2.5","-2.16","年","0","","","","","","","","0","0",""
="7765","中華資安","01/09","278.5","-3","-1.07","年","0","","","","","","","","0","0",""
="7767","仁大資訊","01/09","47.9","-0.3","-0.62","年","0","","","","","","","","","0",""
="7769","鴻勁","01/09","3295","+165","+5.27","年","0","","","","","","","","","0",""
="7770","君曜","01/09","57.5","-0.3","-0.52","年","2.5","","","","","","","","5","0",""
="7782","光速火箭","01/09","29","0","0","年","0","","","","","","","","0","0",""
="7786","東方風能","01/09","171","+1.5","+0.88","年","0","","","","","","","","0","0",""
="7788","松川精密","01/09","135","+3.5","+2.66","年","0","","","","","","","","0","0",""
="7791","皇家可口","01/09","72","+0.6","+0.84","年","0","","","","","","","","0","0",""
="7799","禾榮科","01/09","381.5","-9.5","-2.43","年","0","","","","","","","","0","0",""
="7805","威聯通","01/09","666","-3","-0.45","年","0","","","","","","","","0","0",""
="7810","捷創科技","01/09","259.5","-4.5","-1.7","年","0","","","","","","","","0","0",""
="8011","台通","01/09","21.55","+0.15","+0.7","年","0","0","0","0","0","0","0","0","0","0",""
="8016","矽創","01/09","187.5","+1.5","+0.81","年","0","0","0","0","0","0","0","0","0","0",""
="8021","尖點","01/09","215.5","+19.5","+9.95","年","0","0","0","0","0","0","0","0","0","0",""
="8024","佑華","01/09","11.95","-0.05","-0.42","年","0","0","0","0","0","0","0","0","0","0",""
="8027","鈦昇","01/09","104.5","-1.5","-1.42","年","0.022","0","0","0.202","0","0","0","0","0","0",""
="8028","昇陽半導體","01/09","189.5","-2.5","-1.3","年","0.133","0","0","0","0","0.6","0.6","0","0","0",""
="8032","光菱","01/09","37.8","+1.05","+2.86","年","0","0","0","0","0","0","0","0","0","0",""
="8033","雷虎","01/09","151","-7.5","-4.73","年","0","0","0","0","0","0","0","0","0","0",""
="8034","榮群","01/09","24.4","+0.4","+1.67","年","0","0","0","0","0","0","0","0","0","0",""
="8038","長園科","01/09","58.5","+5","+9.35","年","0","0","0","0","0","0","0","0","0","0",""
="8039","台虹","01/09","84.7","+1.5","+1.8","年","0.051","0","0","0","0","0","0","0","0.46","0",""
="8040","九暘","01/09","49.15","+0.05","+0.1","年","0","0","0","0","0","0","0","0","0","0",""
="8042","金山電","01/09","63.8","+5.8","+10","年","0.067","0","0","0","0.3","0.3","0","0","0","0",""
="8043","蜜望實","01/09","87.4","+7.9","+9.94","年","0","0","0","0","0","0","0","0","0","0",""
="8044","網家","01/09","30.1","0","0","年","0.069","0.62","0","0","0","0","0","0","0","0",""
="8045","達運光電","01/09","72.1","-1.4","-1.9","年","0","0","0","0","0","0","0","0","0","0",""
="8046","南電","01/09","240.5","+3.5","+1.48","年","0","0","0","0","0","0","0","0","0","0",""
="8047","星雲","01/09","50.8","0","0","年","0","0","0","0","0","0","0","0","0","0",""
="8048","德勝","01/09","56.1","+0.4","+0.72","年","0.1","0","0","0","0","0.3","0","0.3","0.3","0",""
="8049","晶采","01/09","27.2","+1.45","+5.63","年","0","0","0","0","0","0","0","0","0","0",""
="8050","廣積","01/09","42.25","-0.15","-0.35","年","0.043","0.383","0","0","0","0","0","0","0","0",""
="8054","安國","01/09","120.5","-3.5","-2.82","年","0","0","0","0","0","0","0","0","0","0",""
="8059","凱碩","01/09","22.6","+0.25","+1.12","年","0","0","0","0","0","0","0","0","0","0",""
="8064","東捷","01/09","46.2","-0.7","-1.49","年","0","0","0","0","0","0","0","0","0","0",""
="8066","來思達","01/09","19.8","+0.05","+0.25","年","0.222","2","0","0","0","0","0","0","0","0",""
="8067","志旭","01/09","15.35","-1","-6.12","年","0","0","0","0","0","0","0","0","0","0",""
="8068","全達","01/09","25.75","-0.25","-0.96","年","0","0","0","0","0","0","0","0","0","0",""
="8069","元太","01/09","170.5","-3","-1.73","年","0","0","0","0","0","0","0","0","0","0",""
="8071","能率網通","01/09","17.6","-0.15","-0.85","年","0","0","0","0","0","0","0","0","0","0",""
="8072","陞泰","01/09","30.3","-0.2","-0.66","年","0","0","0","0","0","0","0","0","0","0",""
="8074","鉅橡","01/09","56.3","+5.1","+9.96","年","0","0","0","0","0","0","0","0","0","0",""
="8076","伍豐","01/09","23.3","-0.1","-0.43","年","0.261","0.3","0.3","0","0.746","0","0.7","0.3","0","0",""
="8077","洛碁","01/09","43","-2.95","-6.42","年","0","0","0","0","0","0","0","0","0","0",""
="8080","泰霖","01/09","32.7","+2.95","+9.92","年","0","0","0","0","0","0","0","0","0","0",""
="8081","致新","01/09","215","+2","+0.94","年","0","0","0","0","0","0","0","0","0","0",""
="8083","瑞穎","01/09","159","+0.5","+0.32","年","0","0","0","0","0","0","0","0","0","0",""
="8084","巨虹","01/09","61.5","+0.3","+0.49","年","0.022","0","0.2","0","0","0","0","0","0","0",""
="8085","福華","01/09","15.8","-0.05","-0.32","年","0","0","0","0","0","0","0","0","0","0",""
="8086","宏捷科","01/09","111","+1","+0.91","年","0","0","0","0","0","0","0","0","0","0",""
="8087","麗升能源","01/09","32.15","+1.25","+4.05","年","0","0","0","0","0","0","0","0","0","0",""
="8088","品安","01/09","53.1","-1","-1.85","年","0.059","0.529","0","0","0","0","0","0","0","0",""
="8089","康全電訊","01/09","28.5","+0.5","+1.79","年","0.306","0","0","1.5","0","0","0","0","0","1.25",""
="8091","翔名","01/09","119","+2","+1.71","年","0","0","0","0","0","0","0","0","0","0",""
="8092","建暐","01/09","13.75","-0.25","-1.79","年","0","0","0","0","0","0","0","0","0","0",""
="8096","擎亞","01/09","53.1","+1.4","+2.71","年","0.076","0","0","0","0.2","0.2","0.25","0.03","0","0",""
="8097","常珵","01/09","59.9","+0.8","+1.35","年","0","0","0","0","0","0","0","0","0","0",""
="8099","大世科","01/09","74.2","+4","+5.7","年","0.2","0","0","0.5","0","0","0","0","0","1.3",""
="8101","華冠","01/09","16.2","-0.55","-3.28","年","0","0","0","0","0","0","0","0","0","0",""
="8103","瀚荃","01/09","95.1","-1.7","-1.76","年","0","0","0","0","0","0","0","0","0","0",""
="8104","錸寶","01/09","31.45","-0.55","-1.72","年","0.989","4.5","4.3","0","0","0","0","0","0","0.1",""
="8105","凌巨","01/09","14.55","+0.55","+3.93","年","0","0","0","0","0","0","0","0","0","0",""
="8107","大億金茂","01/09","13.85","+0.05","+0.36","年","0","0","0","0","0","0","0","0","0","0",""
="8109","博大","01/09","105","+3","+2.94","年","0.222","1","0","1","0","0","0","0","0","0",""
="8110","華東","01/09","71.4","-1.2","-1.65","年","0","0","0","0","0","0","0","0","0","0",""
="8111","立碁","01/09","69.7","+1.5","+2.2","年","0","0","0","0","0","0","0","0","0","0",""
="8112","至上","01/09","78","-3.5","-4.29","年","0","0","0","0","0","0","0","0","0","0",""
"8112A","至上甲特","01/09","44.6","0","0","年","0","","","","","","","0","0","0",""
="8114","振樺電","01/09","183.5","+5","+2.8","年","0.022","0.199","0","0","0","0","0","0","0","0",""
="8121","越峰","01/09","29.1","+0.4","+1.39","年","0","0","0","0","0","0","0","0","0","0",""
="8131","福懋科","01/09","65.1","-2.2","-3.27","年","0","0","0","0","0","0","0","0","0","0",""
="8147","正淩","01/09","104.5","0","0","年","0.022","0","0","0.2","0","0","0","0","0","0",""
="8150","南茂","01/09","58.3","+5.3","+10","年","0","0","0","0","0","0","0","0","0","0",""
="8155","博智","01/09","179","+9","+5.29","年","0","0","0","0","0","0","0","0","0","0",""
="8162","微矽電子-創","01/09","37.5","+0.05","+0.13","年","0","","","","","","","0","0","0",""
="8163","達方","01/09","30.05","-0.25","-0.83","年","0","0","0","0","0","0","0","0","0","0",""
="8171","天宇","01/09","24","+1","+4.35","年","0","0","0","0","0","0","0","0","0","0",""
="8176","智捷","01/09","10.65","-0.2","-1.84","年","0","0","0","0","0","0","0","0","0","0",""
="8182","加高","01/09","25.6","-0.25","-0.97","年","0","0","0","0","0","0","0","0","0","0",""
="8183","精星","01/09","32.9","-0.3","-0.9","年","0","0","0","0","0","0","0","0","0","0",""
="8201","無敵","01/09","14.2","-0.75","-5.02","年","0","0","0","0","0","0","0","0","0","0",""
="8210","勤誠","01/09","910","-11","-1.19","年","0","0","0","0","0","0","0","0","0","0",""
="8213","志超","01/09","33.45","-0.05","-0.15","年","0","0","0","0","0","0","0","0","0","0",""
="8215","明基材","01/09","20.65","-0.35","-1.67","年","0","0","0","0","0","0","0","0","0","0",""
="8222","寶一","01/09","42.8","+2.15","+5.29","年","0","0","0","0","0","0","0","0","0","0",""
="8227","巨有科技","01/09","140","-1","-0.71","年","0","","","","","","0","0","0","0",""
="8234","新漢","01/09","70.6","-0.8","-1.12","年","0","0","0","0","0","0","0","0","0","0",""
="8240","華宏","01/09","41.55","-1.1","-2.58","年","0","0","0","0","0","0","0","0","0","0",""
="8255","朋程","01/09","117.5","0","0","年","0","0","0","0","0","0","0","0","0","0",""
="8261","富鼎","01/09","88.8","+0.2","+0.23","年","0","0","0","0","0","0","0","0","0","0",""
="8271","宇瞻","01/09","128.5","+1.5","+1.18","年","0","0","0","0","0","0","0","0","0","0",""
="8272","全景軟體","01/09","81.4","+0.4","+0.49","年","0","","","","","","","","0","0",""
="8277","商丞","01/09","9.09","+0.06","+0.66","年","0","0","0","0","0","0","0","0","0","0",""
="8279","生展","01/09","118.5","-0.5","-0.42","年","0.111","0","1","0","0","0","0","0","0","0",""
="8284","三竹","01/09","63.3","0","0","年","0","0","0","0","0","0","0","0","0","0",""
="8289","泰藝","01/09","20.5","-0.1","-0.49","年","0","0","0","0","0","0","0","0","0","0",""
="8341","日友","01/09","77.4","+0.2","+0.26","年","0","0","0","0","0","0","0","0","0","0",""
="8342","益張","01/09","86","0","0","年","0","0","0","0","0","0","0","0","0","0",""
="8349","恒耀","01/09","43.25","-0.2","-0.46","年","0.442","0","0","0","0","0","1","0.996","0.986","0.999",""
"8349A","恒耀甲特","01/09","46","-0.05","-0.11","年","0","","","","","0","0","0","0","0",""
="8354","冠好","01/09","15.6","-0.15","-0.95","年","0.244","0","1","1.2","0","0","0","0","0","0",""
="8358","金居","01/09","258.5","+3.5","+1.37","年","0","0","0","0","0","0","0","0","0","0",""
="8367","建新國際","01/09","42.65","+0.15","+0.35","年","0","0","0","0","0","0","0","0","0","0",""
="8374","羅昇","01/09","84.4","-0.7","-0.82","年","0","0","0","0","0","0","0","0","0","0",""
="8383","千附","01/09","40.9","+0.55","+1.36","年","0","0","0","0","0","0","0","0","0","0",""
="8390","金益鼎","01/09","96.5","+2.3","+2.44","年","0","0","0","0","0","0","0","0","0","0",""
="8401","白紗科","01/09","28.9","0","0","年","0.189","0","0","0","0","0","0","0","1","0.7",""
="8403","盛弘","01/09","23.5","+0.35","+1.51","年","0.488","0.5","0.5","0.5","0.494","0.5","0.5","0.5","0.4","0.5",""
="8404","百和興業-KY","01/09","23.9","+0.3","+1.27","年","0.4","0.8","1","0.8","0","0","0","0.5","0","0.5",""
="8409","商之器","01/09","21.55","-0.3","-1.37","年","0","0","0","0","0","0","0","0","0","0",""
="8410","森田","01/09","35.9","-0.1","-0.28","年","0","0","0","0","0","0","0","0","0","0",""
="8415","大國鋼","01/09","33.55","-0.2","-0.59","年","0","0","0","0","0","0","0","0","0","0",""
="8416","實威","01/09","185.5","+0.5","+0.27","年","0.111","0","1","0","0","0","0","0","0","0",""
="8421","旭源","01/09","13.3","-0.05","-0.37","年","0.028","0","0","0.25","0","0","0","0","0","0",""
="8422","可寧衛*","01/09","39.05","+3.55","+10","年","0","0","0","0","0","0","0","0","0","0",""
="8423","保綠-KY","01/09","17.9","-0.05","-0.28","年","0.422","0.3","0.5","0.5","0.4","0.5","0.3","0.5","0.5","0.3",""
="8424","惠普","01/09","73.5","+0.2","+0.27","年","0","0","0","0","0","0","0","0","0","0",""
="8429","金麗-KY","01/09","7.56","-0.04","-0.53","年","0.071","0.3","0.17","0.17","0","0","0","0","0","0",""
="8432","東生華","01/09","55.5","-0.1","-0.18","年","0","0","0","0","0","0","0","0","0","0",""
="8433","弘帆","01/09","50.5","-0.2","-0.39","年","0","0","0","0","0","0","0","0","0","0",""
="8435","鉅邁","01/09","53","+0.2","+0.38","年","0","0","0","0","0","0","0","0","0","0",""
="8436","大江","01/09","123.5","+1.5","+1.23","年","0.499","1.507","1.493","1.49","0","0","0","0","0","0",""
="8437","大地-KY","01/09","16.45","+0.05","+0.3","年","0.355","0.199","0.499","2.5","0","0","0","0","0","0",""
="8438","昶昕","01/09","50.8","-1.1","-2.12","年","0","0","0","0","0","0","0","0","0","0",""
="8440","綠電","01/09","24.15","-0.1","-0.41","年","0.333","0","0","0","0","0","0","0","1.5","1.5",""
="8442","威宏-KY","01/09","72.3","+2.5","+3.58","年","0","0","0","0","0","0","0","0","0","0",""
="8450","霹靂","01/09","17","0","0","年","0.111","0","1","0","0","0","0","0","0","0",""
="8454","富邦媒","01/09","205.5","+1","+0.49","年","0.778","0","0","0","0","3","2","1","0.5","0.5",""
="8455","大拓-KY","01/09","24","+0.15","+0.63","年","0","0","0","0","0","0","0","0","0","0",""
="8462","柏文","01/09","158.5","+0.5","+0.32","年","0.662","1.484","2.481","0.989","0.5","0.5","0","0","0","0",""
="8463","潤泰材","01/09","26.8","+0.4","+1.52","年","0","0","0","0","0","0","0","0","0","0",""
="8464","億豐","01/09","377","-2","-0.53","年","0","0","0","0","0","0","0","0","0","0",""
="8466","美吉吉-KY","01/09","21.5","+0.05","+0.23","年","0","0","0","0","0","0","0","0","0","0",""
="8472","夠麻吉","01/09","69","+1.9","+2.83","年","0","0","0","0","0","0","0","0","0","0",""
="8473","山林水","01/09","36.7","+0.75","+2.09","年","0.113","0","0","0","0","0.7","0","0","0.32","0",""
="8476","台境*","01/09","17.1","+0.4","+2.4","年","0.221","0.637","0.502","0","0","0","0","0.65","0.2","0",""
="8477","創業家","01/09","12.1","0","0","年","0.278","0.5","1","1","0","0","0","0","0","0",""
="8478","東哥遊艇","01/09","190","-1","-0.52","年","0.289","2.6","0","0","0","0","0","0","0","0",""
="8481","政伸","01/09","40.5","0","0","年","0","0","0","0","0","0","0","0","0","0",""
="8482","商億-KY","01/09","49.5","-0.35","-0.7","年","0","","0","0","0","0","0","0","0","0",""
="8487","愛爾達-創","01/09","79.9","-0.3","-0.37","年","0.056","0","0","0","0","0","0.5","0","0","0",""
="8488","吉源-KY","01/09","9.87","-0.04","-0.4","年","0","0","0","0","0","0","0","0","0","0",""
="8489","三貝德","01/09","40","+0.3","+0.76","年","0.478","1.8","2","0.5","0","0","0","0","0","0",""
="8499","鼎炫-KY","01/09","325","+8","+2.52","年","0","0","0","0","0","0","0","0","0","0",""
="8905","裕國","01/09","31.45","+0.35","+1.13","年","0","0","0","0","0","0","0","0","0","0",""
="8906","花王","01/09","36.9","+0.1","+0.27","年","0","0","0","0","0","0","0","0","0","0",""
="8908","欣雄","01/09","43.2","-0.1","-0.23","年","0.909","0.6","0.78","0.9","1.1","1.2","1.5","1","0.8","0.301",""
="8916","光隆","01/09","49.6","+0.05","+0.1","年","0","0","0","0","0","0","0","0","0","0",""
="8917","欣泰","01/09","57.2","0","0","年","0.333","0","0","0","1","1","1","0","0","0",""
="8921","沈氏","01/09","18.2","-0.1","-0.55","年","0","0","0","0","0","0","0","0","0","0",""
="8923","時報","01/09","19.3","0","0","年","0","0","0","0","0","0","0","0","0","0",""
="8924","大田","01/09","71.7","-0.4","-0.55","年","0","0","0","0","0","0","0","0","0","0",""
="8926","台汽電","01/09","40.9","0","0","年","0.066","0","0","0","0","0","0","0.598","0","0",""
="8927","北基","01/09","24.2","+0.3","+1.26","年","0.533","0","0","0","0","0","0.854","0.946","1.298","1.7",""
="8928","鉅明","01/09","24.65","-0.15","-0.6","年","0","0","0","0","0","0","0","0","0","0",""
="8929","富堡","01/09","16.7","-0.1","-0.6","年","0.378","1.6","1.5","0.3","0","0","0","0","0","0",""
="8930","青鋼","01/09","32.05","-0.1","-0.31","年","0.2","0","1.8","0","0","0","0","0","0","0",""
="8931","大汽電","01/09","45.6","+0.05","+0.11","年","0.056","0","0","0.5","0","0","0","0","0","0",""
="8932","智通*","01/09","170","-1.5","-0.87","年","0.054","0","0","0","0","0","0","0","0.065","0.421",""
="8933","愛地雅","01/09","6","+0.05","+0.84","年","0","0","0","0","0","0","0","0","0","0",""
="8935","邦泰","01/09","17.5","-0.2","-1.13","年","0.029","0","0","0","0","0","0","0.265","0","0",""
="8936","國統","01/09","54.4","+0.8","+1.49","年","0.015","0","0","0.138","0","0","0","0","0","0",""
="8937","合騏","01/09","149","-1","-0.67","年","0","0","0","0","0","0","0","0","0","0",""
="8938","明安","01/09","72.9","+0.1","+0.14","年","0","0","0","0","0","0","0","0","0","0",""
="8940","新天地","01/09","20.35","-0.55","-2.63","年","0","0","0","0","0","0","0","0","0","0",""
="8996","高力","01/09","635","+57","+9.86","年","0","0","0","0","0","0","0","0","0","0",""
="9103","美德醫療-DR","01/09","4.58","+0.1","+2.23","年","0","0","0","0","0","0","0","0","0","0",""
="9110","越南控-DR","01/09","3.05","+0.03","+0.99","年","0","0","0","0","0","0","0","0","0","0",""
="911608","明輝-DR","01/09","2.8","0","0","年","0","0","0","0","0","0","0","0","0","0",""
="911622","泰聚亨-DR","01/09","3.88","-0.05","-1.27","年","0","0","0","0","0","0","0","0","0","0",""
="911868","同方友友-DR","01/09","1.32","0","0","年","0","0","0","0","0","0","0","0","0","0",""
="912000","晨訊科-DR","01/09","2.73","0","0","年","0","0","0","0","0","0","0","0","0","0",""
="9136","巨騰-DR","01/09","8.05","+0.05","+0.62","年","0","0","0","0","0","0","0","0","0","0",""
="9902","台火","01/09","17","-0.05","-0.29","年","0","0","0","0","0","0","0","0","0","0",""
="9904","寶成","01/09","31.25","+0.45","+1.46","年","0","0","0","0","0","0","0","0","0","0",""
="9905","大華","01/09","20.05","+0.1","+0.5","年","0","0","0","0","0","0","0","0","0","0",""
="9906","欣巴巴","01/09","49.55","-0.55","-1.1","年","0.226","0.652","1.177","0","0","0","0","0","0.208","0",""
="9907","統一實","01/09","18.6","+0.2","+1.09","年","0","0","0","0","0","0","0","0","0","0",""
="9908","大台北","01/09","29.85","0","0","年","0","0","0","0","0","0","0","0","0","0",""
="9910","豐泰","01/09","107","-4.5","-4.04","年","0.467","0","0","1","2","0","0","1.2","0","0",""
="9911","櫻花","01/09","82.9","+0.4","+0.48","年","0","0","0","0","0","0","0","0","0","0",""
="9912","偉聯","01/09","11.95","-0.25","-2.05","年","0","0","0","0","0","0","0","0","0","0",""
="9914","美利達","01/09","81","0","0","年","0","0","0","0","0","0","0","0","0","0",""
="9917","中保科","01/09","110","0","0","年","0","0","0","0","0","0","0","0","0","0",""
="9918","欣天然","01/09","39.7","0","0","年","0","0","0","0","0","0","0","0","0","0",""
="9919","康那香","01/09","16.5","+0.15","+0.92","年","0","0","0","0","0","0","0","0","0","0",""
="9921","巨大","01/09","89","-0.5","-0.56","年","0","0","0","0","0","0","0","0","0","0",""
="9924","福興","01/09","50.2","-0.2","-0.4","年","0","0","0","0","0","0","0","0","0","0",""
="9925","新保","01/09","40.8","+0.15","+0.37","年","0.011","0","0","0","0.1","0","0","0","0","0",""
="9926","新海","01/09","49.5","0","0","年","0","0","0","0","0","0","0","0","0","0",""
="9927","泰銘","01/09","67.9","+0.3","+0.44","年","0","0","0","0","0","0","0","0","0","0",""
="9928","中視","01/09","17.95","-0.1","-0.55","年","0","0","0","0","0","0","0","0","0","0",""
="9929","秋雨","01/09","10.45","-0.05","-0.48","年","0","0","0","0","0","0","0","0","0","0",""
="9930","中聯資源","01/09","70.2","0","0","年","0.111","0","1","0","0","0","0","0","0","0",""
="9931","欣高","01/09","33.75","+0.15","+0.45","年","0.189","0","0","0","0.8","0","0","0.9","0","0",""
="9933","中鼎","01/09","31.6","+0.1","+0.32","年","0.111","0","0","0","0","0","0","0","0","1.002",""
="9934","成霖","01/09","9.98","+0.03","+0.3","年","0","0","0","0","0","0","0","0","0","0",""
="9935","慶豐富","01/09","20.1","+0.3","+1.52","年","0.028","0","0","0","0","0","0","0.25","0","0",""
="9937","全國","01/09","57.3","-0.7","-1.21","年","0","0","0","0","0","0","0","0","0","0",""
="9938","百和","01/09","52.7","+0.6","+1.15","年","0","0","0","0","0","0","0","0","0","0",""
="9939","宏全","01/09","120","+1","+0.84","年","0","0","0","0","0","0","0","0","0","0",""
="9940","信義","01/09","22.7","+0.15","+0.67","年","0.18","0.311","1.31","0","0","0","0","0","0","0",""
="9941","裕融","01/09","82.3","+0.9","+1.11","年","0.744","0","0","1","1","1.5","1.7","1","0","0.5",""
"9941A","裕融甲特","01/09","50.3","0","0","年","0","","","0","0","0","0","0","0","0",""
="9942","茂順","01/09","106","-0.5","-0.47","年","0","0","0","0","0","0","0","0","0","0",""
="9943","好樂迪","01/09","60.1","+0.1","+0.17","年","0","0","0","0","0","0","0","0","0","0",""
="9944","新麗","01/09","16.95","+0.05","+0.3","年","0","0","0","0","0","0","0","0","0","0",""
="9945","潤泰新","01/09","29.35","+0.05","+0.17","年","1.778","2","0","0","5","4","5","0","0","0",""
="9949","琉園","01/09","24.75","+0.25","+1.02","年","0","0","0","0","0","0","0","0","0","0",""
="9950","萬國通","01/09","10.4","-0.1","-0.95","年","0.033","0.3","0","0","0","0","0","0","0","0",""
="9951","皇田","01/09","55","-0.1","-0.18","年","0","0","0","0","0","0","0","0","0","0",""
="9955","佳龍","01/09","30.5","+0.05","+0.16","年","0","0","0","0","0","0","0","0","0","0",""
="9958","世紀鋼","01/09","132.5","-3","-2.21","年","0","0","0","0","0","0","0","0","0","0",""
="9960","邁達康","01/09","21.6","-0.1","-0.46","年","0","0","0","0","0","0","0","0","0","0",""
="9962","有益","01/09","10.8","-0.05","-0.46","年","0","0","0","0","0","0","0","0","0","0",""
